noise_sigma,test_mae
0.0,0.2051111161344389
0.01,0.20583322157702363
0.05,0.23424861512939268
0.1,0.38855847301777624
