model,val_mae,test_mae
EGNN,0.20559687443321872,0.2051111161344389
EGNN+TDA (FiLM),0.20089362668766028,0.20229771859016815
