{
  "batch_size": 64,
  "best_val_mae": 0.2008936327378757,
  "ckpt_path": "/content/drive/MyDrive/qm9-egnn-tda/checkpoints/best_fusion.pt",
  "epochs": 10,
  "lr": 0.001,
  "model": "EGNN+TDA (FiLM)",
  "qm9_root_env": "/content/drive/MyDrive/qm9-egnn-tda/data/qm9",
  "seed": 42,
  "tda_bins": 64,
  "tda_cache_dir": "/content/drive/MyDrive/qm9-egnn-tda/tda_cache",
  "tda_dim": 130,
  "tda_max_dim": 1,
  "train_loss": [
    0.647572249729936,
    0.2142715679054084,
    0.1592256051599911,
    0.13598728554311498,
    0.1201257770615534,
    0.10987945714670612,
    0.09871493804942738,
    0.08421573674998625,
    0.07601890855888876,
    0.08376469187421973
  ],
  "train_mae": [
    0.5991515657556064,
    0.34854228991275077,
    0.2995043799052187,
    0.2761089577616004,
    0.25977937588904565,
    0.24859371024161078,
    0.23395303515431934,
    0.21845260745868728,
    0.2081133388538094,
    0.21440045319501572
  ],
  "val_mae": [
    0.4808609115506115,
    0.3113454645068914,
    0.2810058525229488,
    0.2435402121122374,
    0.2762720806217062,
    0.22288280627072007,
    0.20633633191943815,
    0.2008936327378757,
    0.20188530343671207,
    0.20999073019352454
  ]
}