molecule_id,qm9_name,n_atoms,sigma,noise_seed,noise_id,target,clean_coordinates_sha256,coordinates_sha256,atomic_numbers_sha256,clean_descriptor_sha256,perturbed_descriptor_sha256,egnn,egnn_abs_error,fusion_clean,fusion_clean_abs_error,fusion_perturbed,fusion_perturbed_abs_error
17587,gdb_17919,18,0.0,20260913,e20304e5e2392579f4c348c583b9263e1fe5eb22a0a7f4f72063e379f265b269,8.93349838256836,cf8adf7533dd61b384ed98d35596271168954588a996e043b0e7206498fda611,cf8adf7533dd61b384ed98d35596271168954588a996e043b0e7206498fda611,7e7728deb0e34fd219efad7ee00e06b86b02e6d569feecd84f79bc456dde9cf5,b49579e32d30d9c8560f4706b4058625f2ae3bb31f7c47372ae5f96f257ecbce,b49579e32d30d9c8560f4706b4058625f2ae3bb31f7c47372ae5f96f257ecbce,8.592184066772461,0.34131431579589844,8.776564598083496,0.15693378448486328,8.776564598083496,0.15693378448486328
78740,gdb_80457,20,0.0,20260913,7c2afdc10cbf4639a4997f1adf2cb251cd962717fdfa06ba649b741daaa05e04,7.181085109710693,b0a42511cc4ab14989ffac1030a5aff6f358a904cfc1c02a177d8681c7a4d2e6,b0a42511cc4ab14989ffac1030a5aff6f358a904cfc1c02a177d8681c7a4d2e6,09fd43f5383b5d718c27d3c3971d22fbf0f243b0dd6cdb11232f8afb88343182,8d62684645556e0e418e370019cbfa0a43f6e292858b42bd94c680caa8941c5a,8d62684645556e0e418e370019cbfa0a43f6e292858b42bd94c680caa8941c5a,6.952747344970703,0.22833776473999023,7.245992183685303,0.06490707397460938,7.245992183685303,0.06490707397460938
11640,gdb_11935,15,0.0,20260913,45fcb9bc2c8a8ecbd637063f9d1b88f802ed1027d682fa30a4b45bb5307c81e0,6.42460823059082,5b8b50cc71a00d21708439607d10f3a227c559d85d89adcb64f5205052323eb1,5b8b50cc71a00d21708439607d10f3a227c559d85d89adcb64f5205052323eb1,12df280b1655cbcf1677135a3073e2481953125a84b2fd2bd71d9092cd39526a,948a56dcb6e64d75ac540186fec7feec0874a0a65a1ea90bcb30fb629dddfe7e,948a56dcb6e64d75ac540186fec7feec0874a0a65a1ea90bcb30fb629dddfe7e,6.952867031097412,0.5282588005065918,6.952549934387207,0.5279417037963867,6.952549934387207,0.5279417037963867
124462,gdb_126842,18,0.0,20260913,5e40d5506dbbe34cd65f209ff47ad04c347df827df66e98ba3ea763903cdf660,5.638199329376221,b280334493bc4b4c93e0b7be7187371860599086016fd54dfcd2113e660c928f,b280334493bc4b4c93e0b7be7187371860599086016fd54dfcd2113e660c928f,a75e6babe9bb721c5ecff8528e8832e7d560cf3a6ce01d1a87ad6c20db4c680c,3ecaf4ab0c27eabec611ef0ce9e3eb7002509b7061a02b4a79a00144401ec436,3ecaf4ab0c27eabec611ef0ce9e3eb7002509b7061a02b4a79a00144401ec436,5.578689098358154,0.059510231018066406,5.95537805557251,0.31717872619628906,5.95537805557251,0.31717872619628906
16528,gdb_16850,15,0.0,20260913,12472dee34a0cbf67f06713b9a84d0d4208dd9ef810fad7812591900f91d5bd2,4.462667465209961,5924984c133d0f68aa636f67d34a180925e03ecf396a412878165209ed537462,5924984c133d0f68aa636f67d34a180925e03ecf396a412878165209ed537462,ad3b0ee42cafc28991cb8f58a036b2eede81d320a1576bc5055e1d87152c92b7,e978018b2984e30315f751b7410e443f8603b37efe77e4e9f8d4be6b9ca0e527,e978018b2984e30315f751b7410e443f8603b37efe77e4e9f8d4be6b9ca0e527,4.8686981201171875,0.40603065490722656,4.66279935836792,0.20013189315795898,4.66279935836792,0.20013189315795898
107465,gdb_109532,15,0.0,20260913,decf2fc8100286058e3b60eaee8e2fa280b7605c1f035eb20ca548d926845b5a,7.4749674797058105,3943bfd0cdaae1cc2296f8d37a4ad2f4ec41702176585b16a28d3a48da95e234,3943bfd0cdaae1cc2296f8d37a4ad2f4ec41702176585b16a28d3a48da95e234,8ce06ab284db861353d0ce087936309d31053acba6f05d11149be0c22291d62c,7513de80c48e57deb3a046fa7aa756d134c8c0b154d5a15aaa7a7ac9dfad9ddb,7513de80c48e57deb3a046fa7aa756d134c8c0b154d5a15aaa7a7ac9dfad9ddb,7.747344493865967,0.27237701416015625,7.8200225830078125,0.34505510330200195,7.8200225830078125,0.34505510330200195
47903,gdb_49045,15,0.0,20260913,98a36fece69730a3fb2b83d60381606715b93924e1cc4a93d67cbcc09bd477b9,5.284451007843018,cbc9549d464420be2a36f16c63babb0bc4ceb99ab629779398c9847bb78c593b,cbc9549d464420be2a36f16c63babb0bc4ceb99ab629779398c9847bb78c593b,e288f6d3046c9235cb7fcc8964e873ea37e5c0b11a4ca3f428246c831f4077c6,6e4e9241d36efa83439edaef50c522326bb7d374578c594853659c781bdbbe72,6e4e9241d36efa83439edaef50c522326bb7d374578c594853659c781bdbbe72,5.365945339202881,0.08149433135986328,5.617547035217285,0.3330960273742676,5.617547035217285,0.3330960273742676
35869,gdb_36911,22,0.0,20260913,ee3fca7e65abe30019abbc40928199c20dfa9548b84a5678ba096928ecbbd0da,7.110334873199463,e7787351650a632f98d52426937f728decd9e83fac56ceb2f54030a56d8a447b,e7787351650a632f98d52426937f728decd9e83fac56ceb2f54030a56d8a447b,8a4ecaf0f7eae21f7306d5427e6a0bfe1a100aeb5b688ea05396bd9ffea3a26f,dfc19165bb10893def8d090e5de309bfb09a397dd1f4c6732846e99d2a983654,dfc19165bb10893def8d090e5de309bfb09a397dd1f4c6732846e99d2a983654,6.787688255310059,0.3226466178894043,7.006136894226074,0.10419797897338867,7.006136894226074,0.10419797897338867
120619,gdb_122839,21,0.0,20260913,8fc75a24f57a928fa8f69275a342c5977184b371e64f8718bb65aabd66b6cf48,6.397397041320801,e70b30680d03e4b37136d043ca10e5fe31be5b2165cd15cba6fe333e0f8cb82b,e70b30680d03e4b37136d043ca10e5fe31be5b2165cd15cba6fe333e0f8cb82b,1178fcb97b04578ddec5f44b2fd0d6db554d74f8bea3f982f55d70a8b45feb5b,e705724e82b45b944b2e02312440d674eb999d829ae2aaf6084914e2894a8b94,e705724e82b45b944b2e02312440d674eb999d829ae2aaf6084914e2894a8b94,6.036161422729492,0.3612356185913086,6.397043228149414,0.00035381317138671875,6.397043228149414,0.00035381317138671875
77917,gdb_79630,21,0.0,20260913,63abbab1e1885608cf36931fdcc8e276ac0998a4401d55712472722bd8371976,8.873632431030273,a198cc9131804187535a4b9a399ab379f683afffb8ec67a0d16fd730fe53e5c1,a198cc9131804187535a4b9a399ab379f683afffb8ec67a0d16fd730fe53e5c1,cf8c2cb4f98809a7e03f9710f66fc4fc64216ec1293a8a5b93e25a33ad0f6949,c0ee0c2e5f6e1dee38c5881cb526352171977461d191ce46d0df1406ba2e0b48,c0ee0c2e5f6e1dee38c5881cb526352171977461d191ce46d0df1406ba2e0b48,8.594487190246582,0.2791452407836914,8.753312110900879,0.12032032012939453,8.753312110900879,0.12032032012939453
64557,gdb_66222,20,0.0,20260913,7fe6366763b646b9cc77295f40f10ab8c085d84abfffe8972f22240b5114008b,7.366122245788574,afa393995451fa3d2e008466ee3b762dc8e7b622149614b17e5eedb79e6f16d7,afa393995451fa3d2e008466ee3b762dc8e7b622149614b17e5eedb79e6f16d7,d0252899da7573eefbe6a36517863f2e34c0db8b4f24437b36e3f2fd39a2a32f,52fb234d99741aebecfcfffe02e19e0d38e17cb45df6495a2374e598dae8e080,52fb234d99741aebecfcfffe02e19e0d38e17cb45df6495a2374e598dae8e080,7.34881067276001,0.017311573028564453,7.502682209014893,0.13655996322631836,7.502682209014893,0.13655996322631836
113450,gdb_115556,18,0.0,20260913,a9732fd801579d8bff4eb916463585b91b84bdd04ee52995a1aca3f5389fb3c1,7.227344036102295,3551c3dfff98a47140ca70b3dc524d7b98313494538bafef3d78fa77e8dc3a70,3551c3dfff98a47140ca70b3dc524d7b98313494538bafef3d78fa77e8dc3a70,d39473a3436d02e6188222d01860202e8367a63be39f79b21efa23a0e3852750,65b06e85d46cc95c321eac0dd9f4c925775ff0e861ab0b8ddc53f4ad9f740862,65b06e85d46cc95c321eac0dd9f4c925775ff0e861ab0b8ddc53f4ad9f740862,7.362393856048584,0.13504981994628906,7.305166721343994,0.07782268524169922,7.305166721343994,0.07782268524169922
82232,gdb_83964,20,0.0,20260913,8ddbb957974b3383aae21b1bbf1294a2f6d1209c53a5c4f22dfad673d5a64b30,6.2586188316345215,46f9ff73b9cec079079fcfead29edfb619c2cbc649809509eee4f09f40a401a5,46f9ff73b9cec079079fcfead29edfb619c2cbc649809509eee4f09f40a401a5,0d828694d0bf2e98a47beb431e5bcb0c5db81079de7a3d33e69b5c9c591af652,df076363776f6be9cafe8d55887f1fb28b4d7bc0034f4abda6baf613e67a25b7,df076363776f6be9cafe8d55887f1fb28b4d7bc0034f4abda6baf613e67a25b7,6.154784202575684,0.10383462905883789,6.1927361488342285,0.06588268280029297,6.1927361488342285,0.06588268280029297
102742,gdb_104785,22,0.0,20260913,8275891ed0ac9337d70742eeb796cb5feb73316c31d5b5dffc9065a16c890e93,8.389269828796387,dba63a16e71bd293625c73ca1a4554f14ca4811b618e79718fa311ea0a8f28c2,dba63a16e71bd293625c73ca1a4554f14ca4811b618e79718fa311ea0a8f28c2,bf04b82b0798755ccee54ff8969cd044d62abb0cbbeac94365ae26c9ffa1b353,48aa33dc0edcc1a280692f374f12c808f871aa44beeb400d01528e62edcad447,48aa33dc0edcc1a280692f374f12c808f871aa44beeb400d01528e62edcad447,8.173134803771973,0.21613502502441406,8.317323684692383,0.0719461441040039,8.317323684692383,0.0719461441040039
62076,gdb_63741,21,0.0,20260913,de8933040ca9ed66ec2a688b09f31db20232f35cca5e80239935aa84fcd00814,6.166100025177002,a5f2c2b1ec88113ca4096b03f35b88e06599f74ed9c699530e92b1e4bf107336,a5f2c2b1ec88113ca4096b03f35b88e06599f74ed9c699530e92b1e4bf107336,638e75a43c0a1116bde699434a4895cc858f6a355f9e23bfc4b3218002fe60fa,adefbba4bc82bae971fdbb8a31caeed3cf78e200b09c52e524f57e4284045389,adefbba4bc82bae971fdbb8a31caeed3cf78e200b09c52e524f57e4284045389,6.523644924163818,0.3575448989868164,6.889589786529541,0.7234897613525391,6.889589786529541,0.7234897613525391
121313,gdb_123549,17,0.0,20260913,7ae3080edaf205a5140e6c8ed9d6760121dc6cae60561b40d7a38b242fa8ee73,6.79468297958374,36dcd894159bbf04ce59f81e817fee7dbbf93d76f9207b055d50f5f367124b4e,36dcd894159bbf04ce59f81e817fee7dbbf93d76f9207b055d50f5f367124b4e,b441d2db543d1b69d7a308f696d351a933eb9d02d6935201470c3599e275ac72,cc7a71724f7c7468aff1cc725c94d2c72e7a20d63d7bb625e7444d09d8cdcab3,cc7a71724f7c7468aff1cc725c94d2c72e7a20d63d7bb625e7444d09d8cdcab3,6.4789018630981445,0.3157811164855957,6.693413734436035,0.10126924514770508,6.693413734436035,0.10126924514770508
48900,gdb_50064,12,0.0,20260913,f2f0661de5f682917a861a3809168c378bd7fdcd154353b30e96369511954c7e,4.400081157684326,1ad97c89fcb98ac4870848eec23ae44d9aa9031df74bb4389fbbd27cd6ebe68b,1ad97c89fcb98ac4870848eec23ae44d9aa9031df74bb4389fbbd27cd6ebe68b,df7acead3cf834ac81fc1737e0e9d86d6cfb96066cc654784eedfeebff70825d,b84933a803a67af88e36939b993cd71479aa1f19e49751306c4f491bcf4332c0,b84933a803a67af88e36939b993cd71479aa1f19e49751306c4f491bcf4332c0,4.816505432128906,0.4164242744445801,4.585957050323486,0.18587589263916016,4.585957050323486,0.18587589263916016
127718,gdb_130475,13,0.0,20260913,5ba82a6e5329aedb31fc261fed4b471bff4052e41d11985e51c316f90faa6029,4.5388593673706055,38c7605ed5a706e676b1518e2df618590feca81a42783669625dbd406940d251,38c7605ed5a706e676b1518e2df618590feca81a42783669625dbd406940d251,c28eb220f236b54b63b4cfe5383e0c48eba7c0b1e623dbef9e61b5411369f45d,1ea3019fa96bb235785ac74ea6480b3274b49749956972e75867e3aa28c11e85,1ea3019fa96bb235785ac74ea6480b3274b49749956972e75867e3aa28c11e85,4.695404052734375,0.15654468536376953,4.6585283279418945,0.11966896057128906,4.6585283279418945,0.11966896057128906
114802,gdb_116922,20,0.0,20260913,43bc6a1b955fa05783c6f0a2b365c19db8d5760fb2e3dbfd99fe00bed6a754cc,7.077681541442871,6b0358064b20492909d3a5f85be4a5816da81282583627bf8450ba24971033b8,6b0358064b20492909d3a5f85be4a5816da81282583627bf8450ba24971033b8,3ed0b2eebe6bc70bbcf3c3bb03e40dfa274012ea5912109569aca11748cdb228,c6cdea778cb84438b1ed3166e7cc1546d87cfce8a5a48a4b832929366f223bb5,c6cdea778cb84438b1ed3166e7cc1546d87cfce8a5a48a4b832929366f223bb5,7.116565704345703,0.03888416290283203,7.2321391105651855,0.15445756912231445,7.2321391105651855,0.15445756912231445
46939,gdb_48078,16,0.0,20260913,05dac482c4af6bcadb8d777d4d811f09eebccd19b83ddb2db2212b9a46e5e20c,4.0327277183532715,5c4a4e7b433996a352222701d316ec22747c3af4cdf6d6a34a57bd6f37ee17e6,5c4a4e7b433996a352222701d316ec22747c3af4cdf6d6a34a57bd6f37ee17e6,963012dad5f045e56c21a928146e13948866b2817815e665382e1d2d693f3240,915abb7fd0ff9b093b190d11f814e67cd9b2431d159c8ea446253161b7741405,915abb7fd0ff9b093b190d11f814e67cd9b2431d159c8ea446253161b7741405,3.9082119464874268,0.12451577186584473,4.353505611419678,0.32077789306640625,4.353505611419678,0.32077789306640625
105749,gdb_107813,19,0.0,20260913,6d304e13d638ec3ca61a161051cc29aa66b3b8a7b21cad113f78f317c6d1fb58,6.519847869873047,649e78547528e437916eaee2b265c5ced17bbfea8ac222297e94eba69c47f324,649e78547528e437916eaee2b265c5ced17bbfea8ac222297e94eba69c47f324,cccbc153b5b1af09149bca01e9acfaebae5e8511f2c2c6db218b3f6dcb2bf363,02677190dcb0765ef6526231e32b6d2d6fe36aef65eb90e458edc0bb2805b46f,02677190dcb0765ef6526231e32b6d2d6fe36aef65eb90e458edc0bb2805b46f,6.4441914558410645,0.07565641403198242,6.7698750495910645,0.2500271797180176,6.7698750495910645,0.2500271797180176
110729,gdb_112814,23,0.0,20260913,2e3ae9d689d0482508ca4e924993f4cc591dfacb712c01e80d804056618f154f,8.383827209472656,72235f66e8084299877d3df625416a2a248e2338d991f397c11be41109c9d86f,72235f66e8084299877d3df625416a2a248e2338d991f397c11be41109c9d86f,d5f3ef604e9907c3c36a2ed6bf572d1e6de974a5602a9517ca714c9f784afde7,526257443b8efe6605af8779a2d18949e48cbb9ef9624c650420153b867afcb0,526257443b8efe6605af8779a2d18949e48cbb9ef9624c650420153b867afcb0,8.603861808776855,0.22003459930419922,8.726395606994629,0.34256839752197266,8.726395606994629,0.34256839752197266
98105,gdb_100046,25,0.0,20260913,6b9d66b091eeef5d96f78e9fcd9a0e51d746117bc58e85ccba0402992ae7f1cc,8.73757553100586,552a9c27cd64be93b59ddc54dac71db1ae922015e6c6acb871e10ca04ba3725a,552a9c27cd64be93b59ddc54dac71db1ae922015e6c6acb871e10ca04ba3725a,887dd0d0e65c1ba38878b1f3ca78916c7996f7c3a429b7d608dcc99618a58b79,497577e2064646984fb3484d1552aee97e8f109febbd6366e0a9cda248c08385,497577e2064646984fb3484d1552aee97e8f109febbd6366e0a9cda248c08385,8.81341552734375,0.07583999633789062,8.846724510192871,0.10914897918701172,8.846724510192871,0.10914897918701172
93993,gdb_95836,21,0.0,20260913,857a1184f4a25211d2193feac5af6ed3e6626e8b42b0a3d746730087fb6c9a44,8.49267292022705,cf3d0e2be341355911711dd7a85e6deff3e1c79e383b0bd5b05570625b03c622,cf3d0e2be341355911711dd7a85e6deff3e1c79e383b0bd5b05570625b03c622,4144642802227c265668cb004e3cc4b171268884c2c2bf6816fb3cde5db700d2,d6145707d0a62753d8fc09b486694a026885e816a4eb03faf867731990792ecd,d6145707d0a62753d8fc09b486694a026885e816a4eb03faf867731990792ecd,8.490540504455566,0.002132415771484375,8.565333366394043,0.07266044616699219,8.565333366394043,0.07266044616699219
64845,gdb_66515,18,0.0,20260913,c3bf7dd5fc85c0827c1e1c02282a646bd33ffd971c84ae183291af6c5a53585e,4.302119731903076,ea3cc0bd85f65c2b7e626c5a625c5068c236530826c76d5496bd125259bf9f4f,ea3cc0bd85f65c2b7e626c5a625c5068c236530826c76d5496bd125259bf9f4f,b251c186f347d0182667e1aa4e19b589eaefb89eb006135aea79cc35f1eb8ae7,c0aca4b39529421e55e2946afc156573ceba036416b985d6226b77b64b279b58,c0aca4b39529421e55e2946afc156573ceba036416b985d6226b77b64b279b58,4.7327961921691895,0.4306764602661133,4.359592914581299,0.057473182678222656,4.359592914581299,0.057473182678222656
109408,gdb_111487,17,0.0,20260913,c817ecd6c1f1a016be5f707cc2a14255a6527a9c58b1b1b2a96b96f5ad22299e,6.040927886962891,0e493b167a2ecf24a73ed13caa4dd136594438f3b9384db840c276c3a05d7f01,0e493b167a2ecf24a73ed13caa4dd136594438f3b9384db840c276c3a05d7f01,8f76ecb1b3eca7deb83b2f06b88afc84c59f13ce3019a573b94d30f2ab2f810d,b0439ea4b4b7d05a0daf348198edc39f1dd7520a28daf46968bb357076bf33b7,b0439ea4b4b7d05a0daf348198edc39f1dd7520a28daf46968bb357076bf33b7,5.878015995025635,0.16291189193725586,6.097537517547607,0.0566096305847168,6.097537517547607,0.0566096305847168
849,gdb_863,15,0.0,20260913,8f8ed3ac7bea6bda44a95f3a1645eefb7d5b533bfae880c1e882e37a1770f136,6.304878234863281,d9c6da1d3887f6998f80cd7e122d223c543439587e388c25a5f65410cba60bee,d9c6da1d3887f6998f80cd7e122d223c543439587e388c25a5f65410cba60bee,adf1f0483e58bd66dba8e4eeb8f709b872164f27782dad3ca410546cf1743ccf,a6141e05331ff4f9d2a135d56a0f52399ece27fb323978ae4188d6e792fe7d53,a6141e05331ff4f9d2a135d56a0f52399ece27fb323978ae4188d6e792fe7d53,6.404563903808594,0.0996856689453125,6.391235828399658,0.08635759353637695,6.391235828399658,0.08635759353637695
120778,gdb_122998,23,0.0,20260913,879bed75ea49017f93ab9bd5073dd36692a097e3a08202c88030b8c30f946a3c,9.230101585388184,58499238cd07de7e7a56aef513882804f79f7dcef1105be75539ed171388dca2,58499238cd07de7e7a56aef513882804f79f7dcef1105be75539ed171388dca2,6bc2b3189ec66dcc4f6b1883189b67430f37c6d9b02b4bb5a36a409e7d529f92,065e38c91eb89293d7174ed7df681b6d6b367f5959e0ef3014d71467968a2950,065e38c91eb89293d7174ed7df681b6d6b367f5959e0ef3014d71467968a2950,8.977587699890137,0.2525138854980469,9.2000732421875,0.030028343200683594,9.2000732421875,0.030028343200683594
128629,gdb_131423,13,0.0,20260913,ab62cc8375ccf18fa14c48763e2da21bc4818ca124f20694bbdd7468df513600,6.5633864402771,c462a8f732096f52bc67e274a526ce27d65cc76472f8fa2ff21ea742823021eb,c462a8f732096f52bc67e274a526ce27d65cc76472f8fa2ff21ea742823021eb,06e0575205423cf41e05757da7b3269743947d01b428ac69b485ad14f510ba72,cfe874444ed5b4aab0bdb7d9b78577e8fc00acbb43f73e32e54a0219d3183e84,cfe874444ed5b4aab0bdb7d9b78577e8fc00acbb43f73e32e54a0219d3183e84,6.385786533355713,0.17759990692138672,6.637814998626709,0.07442855834960938,6.637814998626709,0.07442855834960938
66791,gdb_68472,21,0.0,20260913,925a557e93d8f08e7e4161d1af0d7f5a20298d5132736e1d43c1d758de74d297,6.772913932800293,e70c0423b2ce1b2abe8cfa8ecc8303b62f537dd4c3bc1fd6be187c9ab8aaece0,e70c0423b2ce1b2abe8cfa8ecc8303b62f537dd4c3bc1fd6be187c9ab8aaece0,216eb368e5cfc9bca5b99f4c2c06188f1f36b45b0663f49314ee7c35a6c5753c,87b1901312c8af36d2534369959791fe9c4b81cc9cdfeaf77a451aaea29aa20c,87b1901312c8af36d2534369959791fe9c4b81cc9cdfeaf77a451aaea29aa20c,6.757321834564209,0.015592098236083984,6.903213977813721,0.13030004501342773,6.903213977813721,0.13030004501342773
120541,gdb_122760,19,0.0,20260913,6b6fc29867e06c0a6b4b913ee312ddf735c8177fe9e5b35a2457685cee391f4d,6.473588943481445,ac0ed4b2e9ac63e04e6b5db941e2d5abbbc2a3518e2be3d4ec2365f68f82c3cf,ac0ed4b2e9ac63e04e6b5db941e2d5abbbc2a3518e2be3d4ec2365f68f82c3cf,22d2a7b12152e5800684684d66958d42125d1bcf54d4529e80f12dc02d07a4de,9730386baf53b406b27a002d16457ba5ed3a5740d12a561b65b6af946d482620,9730386baf53b406b27a002d16457ba5ed3a5740d12a561b65b6af946d482620,6.427728652954102,0.04586029052734375,6.458579063415527,0.015009880065917969,6.458579063415527,0.015009880065917969
114365,gdb_116482,23,0.0,20260913,8b5dab9222e023e670a49353ae4639d575abc40b62b2c74ca051df119d9ed47e,6.968835830688477,332c34b6f5ccafe31059d3a954a9644058eeafb9400a803c8e08edf66a29ba2b,332c34b6f5ccafe31059d3a954a9644058eeafb9400a803c8e08edf66a29ba2b,2e16c6dccf19cfccf6a0a3e7431f62da6ac0844c72109aa8700c64f0507ce488,4859ac48007779a9f110c6d35ae6199ee44fdee03dbb55ef3c2a6c8d78bae29a,4859ac48007779a9f110c6d35ae6199ee44fdee03dbb55ef3c2a6c8d78bae29a,7.027276515960693,0.0584406852722168,7.05733585357666,0.0885000228881836,7.05733585357666,0.0885000228881836
31193,gdb_32166,16,0.0,20260913,5ab8f87e77934ca412c2789089b2ab843722a0132241597654329f754cf56c60,5.074923515319824,182aede3d377f0f477c0efc988273b2430f7f243ebc3c72219b7235e795d7e9c,182aede3d377f0f477c0efc988273b2430f7f243ebc3c72219b7235e795d7e9c,af9c484a219118a890577f364a29db8855adb39bb1473b169a4376f3b9807525,b338af696fd14fec5fa6e71b8f0334d7934dbca5edab7d4ec1dd1e074be23a3d,b338af696fd14fec5fa6e71b8f0334d7934dbca5edab7d4ec1dd1e074be23a3d,5.153155326843262,0.0782318115234375,5.0646538734436035,0.010269641876220703,5.0646538734436035,0.010269641876220703
117766,gdb_119945,19,0.0,20260913,e91d77c813f982d8eda77b393ba3903e15bf7e2b8bac9d929485938cf5788b4f,7.638236045837402,450037eb75d7095245732be74187fa2cd6aa0327acd94405094f8eb56e29f0b0,450037eb75d7095245732be74187fa2cd6aa0327acd94405094f8eb56e29f0b0,ba07424009dc606aaacae46b23ce241050d37ed4f00359e2dc84ea97cd36a5ed,6da3c893add597adf2e14d34b9c73941fe0e372e414f0408bf5fc5a704287a47,6da3c893add597adf2e14d34b9c73941fe0e372e414f0408bf5fc5a704287a47,7.59422492980957,0.04401111602783203,7.641239643096924,0.0030035972595214844,7.641239643096924,0.0030035972595214844
8217,gdb_8489,19,0.0,20260913,66b67c5a58237a5aee96166ebf03cf6e3f2614b1a71be0504e343a4cf528c0fe,7.60014009475708,eb2b7c2fb0559e74ecfc6ff9147529f76fb11168ff97cbf910ef0cdd5ab715a3,eb2b7c2fb0559e74ecfc6ff9147529f76fb11168ff97cbf910ef0cdd5ab715a3,a551d7316d22388aa10eb64e188ab641d02f61a272502d6ed0e31cc183905ce3,5162cb78cf868754aa6d6cce38423e63ebdf2733c65aeea07eeee325e65ce2ab,5162cb78cf868754aa6d6cce38423e63ebdf2733c65aeea07eeee325e65ce2ab,7.741513252258301,0.1413731575012207,7.8280463218688965,0.2279062271118164,7.8280463218688965,0.2279062271118164
96492,gdb_98391,16,0.0,20260913,c37c3601f70a0344726b3e7ed686fb215dda282006ebfd88bc189e436226064b,5.891264915466309,00aaf0bc84595aa843fd0a178b4fd73c4a323523b0e57836392564bf6ed00f81,00aaf0bc84595aa843fd0a178b4fd73c4a323523b0e57836392564bf6ed00f81,58f580186ae87dd360bcf963bbea36b68a35dea2613b6c225b4ced114079964e,e3764f21c280b4fc1b9e09a3f8cf07e1eeb2504102c989faa91f5495de8921f9,e3764f21c280b4fc1b9e09a3f8cf07e1eeb2504102c989faa91f5495de8921f9,5.587291240692139,0.3039736747741699,5.539450168609619,0.35181474685668945,5.539450168609619,0.35181474685668945
125495,gdb_127965,12,0.0,20260913,60779418897d5b7d536d4e6dce204f935336106d303641200c96dd5e06179e09,4.854511260986328,8b98728f00d55b6f2f6e8df2ce6133c73db11e8278ec95ff2971ae06c2d238ad,8b98728f00d55b6f2f6e8df2ce6133c73db11e8278ec95ff2971ae06c2d238ad,e24b8eaf50c8d4d9977d802532cc757a00549f6b2e5170a3783936ecb3ed5516,d8f06df885f64113f8f47c53c910ea20b84a32f25e9c9915f96143b0d9618c0e,d8f06df885f64113f8f47c53c910ea20b84a32f25e9c9915f96143b0d9618c0e,5.322671413421631,0.46816015243530273,4.696750640869141,0.1577606201171875,4.696750640869141,0.1577606201171875
90073,gdb_91882,17,0.0,20260913,1dc8c27c1532eead9e86cf910c44dcf1f6cac285ce7f5128350d92c847549079,6.805567264556885,9b6a450abc32212512ff876de7b05bda2cc915b930bb8b1e4afdecbe3f30790a,9b6a450abc32212512ff876de7b05bda2cc915b930bb8b1e4afdecbe3f30790a,70aba31362f648d6e8f6f698e15c8314b4e056be59a047338cd83356c324972a,d9249c3dbb4684191b9b78ee2fbe1b9f74bea787e53761ef387053eca17c40cf,d9249c3dbb4684191b9b78ee2fbe1b9f74bea787e53761ef387053eca17c40cf,6.986264228820801,0.18069696426391602,7.231391906738281,0.4258246421813965,7.231391906738281,0.4258246421813965
19948,gdb_20280,15,0.0,20260913,71c7e163279084b01ec9fbca992427e95f8cb59a65f2790f71ed9799f277cf8a,8.26681900024414,028324ae3b5f1dd81ea9d6de252457aa300e46687cc95b3f825f81bd458dbf3d,028324ae3b5f1dd81ea9d6de252457aa300e46687cc95b3f825f81bd458dbf3d,cd44c3176fc0f41e4f8ab3a521e2885628f194514e0e4aa5464d959f6b9c818b,662f8a53a972d23a0a20a42526bd7c19671d8bc3c2b325e66aee538f25b364f6,662f8a53a972d23a0a20a42526bd7c19671d8bc3c2b325e66aee538f25b364f6,8.101513862609863,0.16530513763427734,8.083510398864746,0.18330860137939453,8.083510398864746,0.18330860137939453
123246,gdb_125565,13,0.0,20260913,2f45cc5274c75736d18a4c60359781c6aca8a41363f6867038c17290155da189,5.896707534790039,43222595c9ea527a77badcba6843faad2fda7fbe1b97f06d1f6e5b59d0c94cdc,43222595c9ea527a77badcba6843faad2fda7fbe1b97f06d1f6e5b59d0c94cdc,f3efc107418505cd50aec8d09aeabacbc030688cc4dc18b3f3464a29a005fed0,fc69a5093742bf9053f88b6e589b364cb1d5b03dc5b06fce362cbc56c219c013,fc69a5093742bf9053f88b6e589b364cb1d5b03dc5b06fce362cbc56c219c013,6.017996788024902,0.12128925323486328,5.872885227203369,0.023822307586669922,5.872885227203369,0.023822307586669922
60407,gdb_62062,19,0.0,20260913,82c038e0a7529cfec46c624439364a4e80558bce11e447a3d551384b80b528d5,7.4014973640441895,57829221b16e580e9b406730a868822b506d599045007d1cd1f94144c991bd98,57829221b16e580e9b406730a868822b506d599045007d1cd1f94144c991bd98,46c134077680bcd015ca05e41fce0ce0a63320d3a3766d4ce437c88cef6f1c29,116397a1132aaf14dcd112a462bdddff7b28f2e7817a36e16b1e4a8ca414036a,116397a1132aaf14dcd112a462bdddff7b28f2e7817a36e16b1e4a8ca414036a,7.596020221710205,0.19452285766601562,7.89389181137085,0.49239444732666016,7.89389181137085,0.49239444732666016
111938,gdb_114043,21,0.0,20260913,76be62942a7cf71809b12fc88194c7dd68fd01a582bbc7e290e33a61d343be8e,8.160694122314453,3afd483c82944c08b304a0b25337f2aefe9508503d377f14600df7f6552fc9c9,3afd483c82944c08b304a0b25337f2aefe9508503d377f14600df7f6552fc9c9,11322532c25a7afa285b6f09a390eafb0121f877d537bd7907f644536682abe3,98512e1025692b26cb2dd26f72c79cfd7e5daac6c3dc12338d06fff98c8ca155,98512e1025692b26cb2dd26f72c79cfd7e5daac6c3dc12338d06fff98c8ca155,8.15451717376709,0.006176948547363281,8.358418464660645,0.1977243423461914,8.358418464660645,0.1977243423461914
80332,gdb_82056,19,0.0,20260913,fc1112f3d0fc898130a8a5fe097a36b38ed399b4c2188ab7b0459a815e80460e,8.226001739501953,e47da51f0c3292e0668707835f6577a9c165a8d44dae06a4d556dad9a650aebf,e47da51f0c3292e0668707835f6577a9c165a8d44dae06a4d556dad9a650aebf,7a89dd3b290f577065036858c40bb2410cbd2e42e95af0ed77204ce6d4f9256c,06da0b8ebe4bc44f9d9443e23198fa2559e31f2ca08c000f88f1e65ad813fb03,06da0b8ebe4bc44f9d9443e23198fa2559e31f2ca08c000f88f1e65ad813fb03,8.270990371704102,0.04498863220214844,8.259778022766113,0.033776283264160156,8.259778022766113,0.033776283264160156
149,gdb_153,13,0.0,20260913,8d4108031ef3338b7a2664182fddc3923cf29314c48166a6c1dcafd846382225,9.224658966064453,0b3faf97319d8baa44fe9c54112cfc9e95c0d3a5c2ab44bab800c2d684cf390b,0b3faf97319d8baa44fe9c54112cfc9e95c0d3a5c2ab44bab800c2d684cf390b,5c5c20c88e2de279798ceb5a051301f6ffadda010639129001047b39b2d32278,b11e626f22bc6f564aa3e503db3b64d961723b2928cc9f06afb159d45b1c2a78,b11e626f22bc6f564aa3e503db3b64d961723b2928cc9f06afb159d45b1c2a78,8.995528221130371,0.22913074493408203,8.824456214904785,0.40020275115966797,8.824456214904785,0.40020275115966797
32746,gdb_33788,20,0.0,20260913,cd21820d262c881d5ae9687884e88e06d94fe8b4efb3c483823ac1ce59922f15,8.928055763244629,68a5a843a52afcfb86f8b7e5db62eb936338175023f57eff33b4febb9c4d4b28,68a5a843a52afcfb86f8b7e5db62eb936338175023f57eff33b4febb9c4d4b28,bae22c0058d74123cc385e18a025e949b698ea1732735191b499744426dc0a68,7f6a245ba93e17de9bc64df9f42d578dac20735b1d0be49d6f4e2afd7f055b6c,7f6a245ba93e17de9bc64df9f42d578dac20735b1d0be49d6f4e2afd7f055b6c,8.695472717285156,0.23258304595947266,8.646146774291992,0.2819089889526367,8.646146774291992,0.2819089889526367
15577,gdb_15899,16,0.0,20260913,c112f1a5727d10a8bc34ef4ea51035f976790a7b95a8acbdc2659e2ee739304a,5.357921600341797,dc98d874739c97e28c22b2fa66c8a81c5cf2956ade0e3ca22ce41d7afdd8e461,dc98d874739c97e28c22b2fa66c8a81c5cf2956ade0e3ca22ce41d7afdd8e461,7e158e7b4452949f96bb3b0b0949e6a4e86a8434a9e3e449359f16b7a143f527,154ba29968568b415a3df683a1b9b9a611c1c3d463898f8507929a960f2479e0,154ba29968568b415a3df683a1b9b9a611c1c3d463898f8507929a960f2479e0,5.52317476272583,0.1652531623840332,5.760310173034668,0.4023885726928711,5.760310173034668,0.4023885726928711
129077,gdb_131887,13,0.0,20260913,1e32e38d6fbd4e77e858cf6ac899c9111bfa017c9517c705dbb1cc784e0e4bbb,4.215043544769287,2cd2d3562d2ae385482cd7b8c4dfc7bf3e1de1aba873808f1a96f7e332d9931e,2cd2d3562d2ae385482cd7b8c4dfc7bf3e1de1aba873808f1a96f7e332d9931e,dc21ca52547cc581f18d3b715be08da518b0a8c7edb0feb07ff9018cdce72758,06fda706c19b91fea9b9d8af56e75da60a4792320fd4d54730bb035ea5388d19,06fda706c19b91fea9b9d8af56e75da60a4792320fd4d54730bb035ea5388d19,4.215249061584473,0.00020551681518554688,4.409234523773193,0.19419097900390625,4.409234523773193,0.19419097900390625
87759,gdb_89553,18,0.0,20260913,5c5c01a301e91e17b4e386f69e6681e8ab919e3b6a8802c73697b2058648c2c3,6.46542501449585,43a8c4f67cba916f0bb091302d650baaa979c0f0b4d34b9ed680fbc704df0fd2,43a8c4f67cba916f0bb091302d650baaa979c0f0b4d34b9ed680fbc704df0fd2,f40b11f8960361d0c01717922e8392da28cc69d87c839462e4e563071c9c3d5a,0d6beccac159b094bdb4e9a78ff6d5fc07aa2789dfa04c44495de209c38b1215,0d6beccac159b094bdb4e9a78ff6d5fc07aa2789dfa04c44495de209c38b1215,6.615833282470703,0.15040826797485352,6.927590847015381,0.46216583251953125,6.927590847015381,0.46216583251953125
85481,gdb_87256,20,0.0,20260913,1ceb81c3afe6c24a5326abda275989aad0c2ecae18bf6964e6b39dc81835fd29,7.077681541442871,43df6a7c24915a64bef7a0eca5c76597b56486aea035c6ed72cc552a03e1cb62,43df6a7c24915a64bef7a0eca5c76597b56486aea035c6ed72cc552a03e1cb62,5df77d163a21c79c875549f75cd46401280fd09b929b2abf46dc7090f0965cc9,54e8317babd91a372b447127a5600704856210004e43dea3206e93495a922f21,54e8317babd91a372b447127a5600704856210004e43dea3206e93495a922f21,7.226945400238037,0.14926385879516602,7.539842128753662,0.462160587310791,7.539842128753662,0.462160587310791
92529,gdb_94363,23,0.0,20260913,e5493bb1a786539eab820843946f2406391a66404f48b5c69da1c8c177bc17bf,9.055949211120605,2778517aa8dae7a00c256d65658365cb38379ddb05142e147c86876300b21234,2778517aa8dae7a00c256d65658365cb38379ddb05142e147c86876300b21234,1bf0501330c0614a943d0a94e2500487eb7862132d2778cea9339d5e472f2da1,58c62567bb41f48b98ca90a7e0a3359e6dbd9ab550e0f44df5f5033b4e7bbf99,58c62567bb41f48b98ca90a7e0a3359e6dbd9ab550e0f44df5f5033b4e7bbf99,9.034795761108398,0.02115345001220703,9.04654312133789,0.009406089782714844,9.04654312133789,0.009406089782714844
58760,gdb_60353,23,0.0,20260913,910fe2eeab4e1f66f659bdee6994ba95e2d7991952341ac7523fa7ea61ab50e0,8.449134826660156,6740b00fa8fdab0c60ffd386c217d5e004bfd4219c571306b34b316877885702,6740b00fa8fdab0c60ffd386c217d5e004bfd4219c571306b34b316877885702,9196f897155789fe5c11c86ab59d08fca25ca676231bee8621bca2aaa1c11d14,0a7d61a8d39f5459c91e16dddab65b8e65414db6a5361288417d682b40ab26f3,0a7d61a8d39f5459c91e16dddab65b8e65414db6a5361288417d682b40ab26f3,8.274894714355469,0.1742401123046875,8.270298957824707,0.17883586883544922,8.270298957824707,0.17883586883544922
27328,gdb_28104,16,0.0,20260913,c3168a0524a30cfac7f46cdbed9ca541260e0955cea58a9881c4dd1f11b3e27b,5.40146017074585,fcf701b6c4fc592a2b4a3d9aa53deca8b7977671f2d03490a86df7a4d80962f2,fcf701b6c4fc592a2b4a3d9aa53deca8b7977671f2d03490a86df7a4d80962f2,e106acff69cf0b6174a43c748c63613fe5015b867ade4052fb2c872a93bea081,ca6124621e25fda4ec9f3eb2272fa72202741273a613bbba12e0d39d496d5c39,ca6124621e25fda4ec9f3eb2272fa72202741273a613bbba12e0d39d496d5c39,5.405501842498779,0.0040416717529296875,5.524122714996338,0.12266254425048828,5.524122714996338,0.12266254425048828
88798,gdb_90598,19,0.0,20260913,8527ccdb348c26faca8d8fdeae9ae6cb9ff9a531f23eba6559b9e515ebe7d5aa,6.046370029449463,1ae2af068edce3d85646d9ebbef129a3f897e4a11636b3b9955b63b32240e477,1ae2af068edce3d85646d9ebbef129a3f897e4a11636b3b9955b63b32240e477,e86d7b2c03eb244b717e76d5f0e20554841a5e2930e2d8c1ff20dbbdd701d13d,b7fe3993b6fff5603cb3e68e67a5f1f2197f22efa6df87119d9a72824bdd2114,b7fe3993b6fff5603cb3e68e67a5f1f2197f22efa6df87119d9a72824bdd2114,6.538696765899658,0.4923267364501953,6.834705829620361,0.7883358001708984,6.834705829620361,0.7883358001708984
58498,gdb_60090,21,0.0,20260913,26d8ed739f3a121f16359ab573a549fddd70af4437d8e602f96c8cda08c7dbaf,6.348416328430176,06da778a6c59b3bd7929843313970654f067279e55757b823f2a14f0c970428e,06da778a6c59b3bd7929843313970654f067279e55757b823f2a14f0c970428e,aee5ab58cef7ccb27a2ba4bba040170db994a4d0c7a43ff173158c8faf2df53f,5d124d389ad343fc18fb0652277c949dfcee1363c05b644699d3dd9a0bcd1bde,5d124d389ad343fc18fb0652277c949dfcee1363c05b644699d3dd9a0bcd1bde,6.084998607635498,0.26341772079467773,6.216823577880859,0.1315927505493164,6.216823577880859,0.1315927505493164
51377,gdb_52547,20,0.0,20260913,329494b17896428579e7ad9f35c074e325cde7730c269fdaf941c3a7501436e5,6.451819896697998,ba01a35a68d9967fd819f9a75dc1ab848ded851a5d896fb68b0eb9a2f7fc1fd2,ba01a35a68d9967fd819f9a75dc1ab848ded851a5d896fb68b0eb9a2f7fc1fd2,53623040a7ff9266f4938401ed15ec08ee3c59072059cc1bb73ac0bc20dc4d94,d9d8767ee83034f92514ef4f10df885cedb2f5d3cd10399d27f708275d69b21d,d9d8767ee83034f92514ef4f10df885cedb2f5d3cd10399d27f708275d69b21d,6.323012828826904,0.12880706787109375,6.31145715713501,0.14036273956298828,6.31145715713501,0.14036273956298828
64153,gdb_65818,18,0.0,20260913,ba18fe32fed861b6a7836c0ab769328a7ddd7291fcc2668a17595987d2cecab5,5.60010290145874,f63c95c93f3a6311d7b108d0156ad81a5d76e9e0ff74aa4bd6cdf2d060010ee4,f63c95c93f3a6311d7b108d0156ad81a5d76e9e0ff74aa4bd6cdf2d060010ee4,03ac1661e4d9a39d879de0615bf1213eb2192dccd05e5ab4b62894bf29e13ec8,4684db99eb1825fa95cd6380146e6378d9e5e511f60a443aad7425ce7bcf2164,4684db99eb1825fa95cd6380146e6378d9e5e511f60a443aad7425ce7bcf2164,5.6263041496276855,0.026201248168945312,5.6642165184021,0.06411361694335938,5.6642165184021,0.06411361694335938
20182,gdb_20518,12,0.0,20260913,63487d0b3ce7b46b4090605f7e164604c26a3666a46af30068e1c7342d4a2d23,5.491257667541504,57e86cf87c383f6d3ce346d8b7e9ccbead8d84dbbc939d607b82c41d429a3ab6,57e86cf87c383f6d3ce346d8b7e9ccbead8d84dbbc939d607b82c41d429a3ab6,a4fd5775ac0051e9b6c7cc2daca376765ca22a035dd2d416ea9bcbd0b2b7977f,5ad181fcba3d39abec18b0a1010f518658b34dcc42cc5a309700d18b4f71e0e4,5ad181fcba3d39abec18b0a1010f518658b34dcc42cc5a309700d18b4f71e0e4,5.247203350067139,0.24405431747436523,5.169799327850342,0.3214583396911621,5.169799327850342,0.3214583396911621
60139,gdb_61786,17,0.0,20260913,f7d0efdfb4624a8d700e2a9989cf99a8fa04d12ce4f8289d1fe7e1271df577bc,7.4232659339904785,3218bf05bce0e3114f963265417effc5ae78986d8394132e065eebe659de582a,3218bf05bce0e3114f963265417effc5ae78986d8394132e065eebe659de582a,052101cd323d79535ade1278f9b65fe5f7aa8dbe824fcdfbe16956d63d44c0c3,e358fd7534c2185499be2f6b627e7c20e95179a665a1170b3da0bece4f0cc51c,e358fd7534c2185499be2f6b627e7c20e95179a665a1170b3da0bece4f0cc51c,7.001371383666992,0.42189455032348633,7.422921657562256,0.00034427642822265625,7.422921657562256,0.00034427642822265625
86359,gdb_88134,18,0.0,20260913,aa2e82d848cf9b98d34f4c92b9175a1a660b7565d5d450001c9871a929b34659,4.993289470672607,3324509388b5d4d77e0677aef68318c99bd8dbbafec3662537a76b255139b489,3324509388b5d4d77e0677aef68318c99bd8dbbafec3662537a76b255139b489,5ee4c6bb71a3558430e90c159f4b7653b980c336d492496e8aac30b939e57626,eaed120b5c7be2ac5234edee2a48f901e056771ea12ded407abc6bd82be1bb48,eaed120b5c7be2ac5234edee2a48f901e056771ea12ded407abc6bd82be1bb48,5.593342304229736,0.6000528335571289,5.446078777313232,0.452789306640625,5.446078777313232,0.452789306640625
111449,gdb_113542,25,0.0,20260913,cbe28e28e75224fccc5abf7955797e35739609f6746f562da65e557da26dbaae,9.374322891235352,6b92d20dbccce025222f82e22155d7d40b600ed946d59bcbf8cf0b646197fb23,6b92d20dbccce025222f82e22155d7d40b600ed946d59bcbf8cf0b646197fb23,49e0306d53aaf90887e87a6083dc6b665e6a7f357fecc2ee0e2a30e6bd635d17,9e33f1472b893f3b263e3b9fe2b764c98d75cb5adbade019ad13a0905ac3ad82,9e33f1472b893f3b263e3b9fe2b764c98d75cb5adbade019ad13a0905ac3ad82,9.201114654541016,0.17320823669433594,9.170516967773438,0.20380592346191406,9.170516967773438,0.20380592346191406
81123,gdb_82851,19,0.0,20260913,ecfc530c6316506bdd91fa3f6e6b035e14a71e29b1595815f7533b2a7ccc4853,8.593356132507324,0e5f73355b3bacf9c8dca9463c9720415328abe7d16b261a84473c925e0db792,0e5f73355b3bacf9c8dca9463c9720415328abe7d16b261a84473c925e0db792,1cfaaefc2753c7dbf1709273f42f7711be477342f43f02a96b6f0917ad04fd4e,8bc25e3fbb02f103d47fee92113f83ad6deb556270a840304364ec8474c3641d,8bc25e3fbb02f103d47fee92113f83ad6deb556270a840304364ec8474c3641d,8.446232795715332,0.1471233367919922,8.734222412109375,0.14086627960205078,8.734222412109375,0.14086627960205078
91567,gdb_93381,19,0.0,20260913,10bdf6515cf7011cf695e7422f123877425805a14c465f672f5ca55efd04e791,6.122561454772949,a616021e4eaad42d4b12ecba66b95dc3cdf8a931d0ca99cd474183ad5b263c14,a616021e4eaad42d4b12ecba66b95dc3cdf8a931d0ca99cd474183ad5b263c14,ba07424009dc606aaacae46b23ce241050d37ed4f00359e2dc84ea97cd36a5ed,bc7cfd348335f3712a17baff3492c47730ec731f27cf8d6cafb2114862ff1e7c,bc7cfd348335f3712a17baff3492c47730ec731f27cf8d6cafb2114862ff1e7c,5.898330211639404,0.22423124313354492,6.141246318817139,0.018684864044189453,6.141246318817139,0.018684864044189453
95333,gdb_97195,20,0.0,20260913,64664512facd45e540ce182bb551640c1e100fe0e22667db17f40f233846aa33,5.610987663269043,b1c88bb21650335e3ac3f9452a09c85561eefe038e3b142e10bda67b3a63f72e,b1c88bb21650335e3ac3f9452a09c85561eefe038e3b142e10bda67b3a63f72e,837e4d55904ef81446737ecf068e04ee2e2ad4b5a7d3a662d8e15f01db06c29a,f268c06ed01ca5f34988eac80593223ab05b34562aa9112609656e35ae0df5a1,f268c06ed01ca5f34988eac80593223ab05b34562aa9112609656e35ae0df5a1,5.696937561035156,0.08594989776611328,5.932826995849609,0.3218393325805664,5.932826995849609,0.3218393325805664
92998,gdb_94839,19,0.0,20260913,796ebc1e1a72a148ffec388abcef9d337cff3e684b3b8162681c4d845907fac2,8.919892311096191,a3e81c766aafe94adfdef44cdc30518711180b03275d91051fcf90ec1540052a,a3e81c766aafe94adfdef44cdc30518711180b03275d91051fcf90ec1540052a,b9cc8923d84743c743b069df47a55a213272b8a748b7f8aaf9b6a98229d11265,e0e5bafd1abb6d3cfa2d0fbbeb07bed545f68e6ae1fbe5fe13ccdbd54f44016a,e0e5bafd1abb6d3cfa2d0fbbeb07bed545f68e6ae1fbe5fe13ccdbd54f44016a,9.007298469543457,0.08740615844726562,9.083476066589355,0.16358375549316406,9.083476066589355,0.16358375549316406
47785,gdb_48927,15,0.0,20260913,1ed8a451a3050542b4a780a43ddc12a200f82610dd8ccb4fc927aa9b97101b41,5.30894136428833,af19174aa68e6d87c6fc275dc2d4c6a06240acc14fe4e96a6b4ee67728e1a938,af19174aa68e6d87c6fc275dc2d4c6a06240acc14fe4e96a6b4ee67728e1a938,f29d649f65e2786f7de7ecba975474074bad4ef7d00da9e3d0d54ac9379f8f35,3a8ab55bfc92e2efc91a5c3b15dee38a175cc8fac011dd093e705f8addf57460,3a8ab55bfc92e2efc91a5c3b15dee38a175cc8fac011dd093e705f8addf57460,5.254359245300293,0.05458211898803711,5.649930000305176,0.3409886360168457,5.649930000305176,0.3409886360168457
49302,gdb_50467,17,0.0,20260913,742c4362cc4c4658edb1c9d2d00d2bf7e96f46ed935d0f15d5a3ae83c6e51a9d,5.551122665405273,4689c3fb5cff6c1abbf0bd21496aa15e554cd385a0f42d84a12a1c1f878bf07c,4689c3fb5cff6c1abbf0bd21496aa15e554cd385a0f42d84a12a1c1f878bf07c,1a711589e32f5828b5537210363f424d6ab864f27e83044bb02ad30ca90b76f4,6a70089340227e70ef2e5ab2b30a9601b9994c0516f1eb8ab6f17de2d2d8ba39,6a70089340227e70ef2e5ab2b30a9601b9994c0516f1eb8ab6f17de2d2d8ba39,5.500588893890381,0.05053377151489258,5.64797830581665,0.09685564041137695,5.64797830581665,0.09685564041137695
55712,gdb_57263,21,0.0,20260913,40f99e8f3633de9f4d949775c05a2b4f4c9d355e5b4fbd9554192faf4ce66b97,8.114435195922852,64d1a2e4640ab7ca482cc2d09a7aa2b1d339e8f34a59e5d40ae73fd14184c61f,64d1a2e4640ab7ca482cc2d09a7aa2b1d339e8f34a59e5d40ae73fd14184c61f,6b7e1ee77032932b99dbcfddfee8e6465ac602d006cc47abe282babdd3f368d1,c7724868fe8e89f643a64540b4ee9e94d92d973f52428be33c2cdf64324f4b53,c7724868fe8e89f643a64540b4ee9e94d92d973f52428be33c2cdf64324f4b53,7.89994478225708,0.21449041366577148,7.91490364074707,0.19953155517578125,7.91490364074707,0.19953155517578125
120600,gdb_122820,23,0.0,20260913,701d38b1636dd26712884822d5bd84ff6de481b8605ca6af100d9b364d876fe8,7.801504611968994,bdd0ce54ef333fc49cd3c67d0c93dc16d17a57e50d4b5fbae9566f92516a7ed2,bdd0ce54ef333fc49cd3c67d0c93dc16d17a57e50d4b5fbae9566f92516a7ed2,905330a76704a8ebaca2d51c602ae3356df6827ce780136fe1a65d60021c90d0,f6edb596c9fa65352a3bd1ac89f0b5af4890d3221c705958bfae0172d41d13a9,f6edb596c9fa65352a3bd1ac89f0b5af4890d3221c705958bfae0172d41d13a9,7.559823513031006,0.24168109893798828,7.822123050689697,0.020618438720703125,7.822123050689697,0.020618438720703125
2694,gdb_2751,16,0.0,20260913,347d92aa81ea62a0b2825ef216c9ec0d03edee71d489b1b8154d3d3f59b57b31,8.996084213256836,c92077dfd5578adca13de1e7c0bbad15b6872c5c476e838147accb06c13157ab,c92077dfd5578adca13de1e7c0bbad15b6872c5c476e838147accb06c13157ab,d30ee65902668ba0a997c2bfb9450d83a52f05ae7cb5d3ed0b64fff939630c19,f4379b81c9d81685c44d2d70ecee50555c01a71d0771f7a0ccd397f33839efa9,f4379b81c9d81685c44d2d70ecee50555c01a71d0771f7a0ccd397f33839efa9,8.839789390563965,0.1562948226928711,9.016142845153809,0.020058631896972656,9.016142845153809,0.020058631896972656
4890,gdb_5033,12,0.0,20260913,d7d9b18c90a6e00265717cb584bda37c69c53cc850aee9d34f959ec5a45cab0e,5.347037315368652,4ee6a982d06d013c6a7da855e99a888ee063a7919329c95b8bee903c2a9bce9a,4ee6a982d06d013c6a7da855e99a888ee063a7919329c95b8bee903c2a9bce9a,fa0c61e38d258953ab6cecefce8b04ab0badf072382f46d5611d61f6d8ded048,fee1a004e44490b4bd4cfac06894f96b71cb47e9aea74df1ee7c425d383b4f02,fee1a004e44490b4bd4cfac06894f96b71cb47e9aea74df1ee7c425d383b4f02,5.244252681732178,0.10278463363647461,5.017605304718018,0.32943201065063477,5.017605304718018,0.32943201065063477
39938,gdb_41044,16,0.0,20260913,928a2f898f82befde7631e0c513330e5fa84520c79c2d487519d7b9eb8deec83,7.25727653503418,ed62812ffd132070b27cab3f25545173ec14fe5fccc99722d64bc9c324a351bd,ed62812ffd132070b27cab3f25545173ec14fe5fccc99722d64bc9c324a351bd,dc0545f8a8c5fc2532dfe7560995d5a1e38c22699b3cfbff45565fd374e8ba8d,d65a8465dc177bea6bc773cf5ae089ccb846d10d809800146ba57baace288c65,d65a8465dc177bea6bc773cf5ae089ccb846d10d809800146ba57baace288c65,7.817226886749268,0.5599503517150879,7.691037654876709,0.4337611198425293,7.691037654876709,0.4337611198425293
31477,gdb_32470,17,0.0,20260913,37e9de8b68d53e985d1d4d35d10d42fe9608dd831a3d00a097ecb492dbf1e65a,5.880380630493164,b95d2519389c193eeb81ab9fd03f83b222f351936dfa0dfdd50c7b30e669fed6,b95d2519389c193eeb81ab9fd03f83b222f351936dfa0dfdd50c7b30e669fed6,08c7ba26f24cf45c1d7406ce4b5e0c136df92e63150b5adb72a0669d547bf71e,20f4b9aa81fee3e72c6b2b84e92d1a7177330afee310758e2720eb34825078a5,20f4b9aa81fee3e72c6b2b84e92d1a7177330afee310758e2720eb34825078a5,5.984857082366943,0.1044764518737793,6.01265287399292,0.13227224349975586,6.01265287399292,0.13227224349975586
99038,gdb_101030,23,0.0,20260913,9d1e586a9bfb7fb65115816440a25bf81f040d26710f4f617f2c88b653230728,8.48451042175293,40f181c507868548919c7665221dbaeb6ef3463f8c11e8629bc01d8835c1c390,40f181c507868548919c7665221dbaeb6ef3463f8c11e8629bc01d8835c1c390,65f969dfde3990d21bc4fc0efd0f72be3c4ff02f8b46ef72382873b1c19b5f3e,f2532a84c0cc28ae9b5b3bc473b3d656781397d2a58f0850b306ea0b5d308d7c,f2532a84c0cc28ae9b5b3bc473b3d656781397d2a58f0850b306ea0b5d308d7c,8.539351463317871,0.054841041564941406,8.817340850830078,0.33283042907714844,8.817340850830078,0.33283042907714844
21694,gdb_22150,19,0.0,20260913,d6f82df2e1f1a7368e7659b0c0a810c94bb0b40d38279fb1f3fe6e612a457572,6.789240837097168,1d81b9ab0083011c5c8f52139f6bf04250e7cf398d4929cc6e906501145cedaf,1d81b9ab0083011c5c8f52139f6bf04250e7cf398d4929cc6e906501145cedaf,3554e3ac87d77474ceb5f9b14c8fec672108b8d2ae3c370cd13e0338f134728d,7b30b0e8eba4633839341cd7dd43f1770c0b709f8107fcb15dbd8af1349f6fb6,7b30b0e8eba4633839341cd7dd43f1770c0b709f8107fcb15dbd8af1349f6fb6,6.528602600097656,0.2606382369995117,6.933365345001221,0.14412450790405273,6.933365345001221,0.14412450790405273
55127,gdb_56661,17,0.0,20260913,e798ce6285ec67cf270e9cbb9886db5b5b1d1a5390ffceb9baa0fae62c959dc4,7.774292945861816,e9f3e6ae21c1f33e0128e052e5b7df06759cba6c5d137d19cce490979dc34cb3,e9f3e6ae21c1f33e0128e052e5b7df06759cba6c5d137d19cce490979dc34cb3,ffc751bf674b18991a9c827b7cb77973cf8ca4d2ea0e53a1b904463693ee3356,64279329c4ebf7f61170469559050abbb3bb456b38ab3e432cdf06b0e5b0e197,64279329c4ebf7f61170469559050abbb3bb456b38ab3e432cdf06b0e5b0e197,7.474687576293945,0.2996053695678711,7.5126519203186035,0.2616410255432129,7.5126519203186035,0.2616410255432129
27044,gdb_27807,15,0.0,20260913,d27ff017f7c9b12b787c72bfa63cc584e33386495fff9288f00faeb546b2a39e,5.050433158874512,5a207f30973debf33d91e22e770f1847f97376cc571be04add669a8b180ae627,5a207f30973debf33d91e22e770f1847f97376cc571be04add669a8b180ae627,08735188e151dccb74c52571feb78768b480c59124b36968a14f5a68e994501d,f5643f85bdd034ba6024dd61f48927f5c37c3292b8a7a2e8e6a5e9d288a77933,f5643f85bdd034ba6024dd61f48927f5c37c3292b8a7a2e8e6a5e9d288a77933,5.417654991149902,0.3672218322753906,5.085047721862793,0.03461456298828125,5.085047721862793,0.03461456298828125
45148,gdb_46287,18,0.0,20260913,190246d59de25e245b13fcb28875f4d4da1c13041d080bbb763587c795a09d7c,5.828679084777832,8a620b359b78c286f00c200ca43d56a0a3bde34aa09bf3d8e9c95083ca3c7076,8a620b359b78c286f00c200ca43d56a0a3bde34aa09bf3d8e9c95083ca3c7076,314085e449af36bceef88847b5330777d436a5754d15d248db230cc1e8cd0a94,25f6606d0ee1bb8eb3bff279735800c5da39a7f5f4c96f29a5f5899eb5bc8a21,25f6606d0ee1bb8eb3bff279735800c5da39a7f5f4c96f29a5f5899eb5bc8a21,5.7535223960876465,0.07515668869018555,5.750654220581055,0.07802486419677734,5.750654220581055,0.07802486419677734
23761,gdb_24278,15,0.0,20260913,46eeadba343f6b73bb7311c2b2bc3ea82e9f55ece98894ed905998e00ea06c5f,6.481751918792725,c5e7e92ea91aa184876e800b2918d3993f564a4b8cccb7e1f59b0fa0218845ab,c5e7e92ea91aa184876e800b2918d3993f564a4b8cccb7e1f59b0fa0218845ab,001db6349be1f3d4eeb02a603bc4ac9db2237e5c55b1f8c249a22a9950aa05bc,29ae2eacdce19e571504f45a6cad3f1091502ac6a9667551854b3dc023bbc75a,29ae2eacdce19e571504f45a6cad3f1091502ac6a9667551854b3dc023bbc75a,6.0449090003967285,0.4368429183959961,6.578465461730957,0.09671354293823242,6.578465461730957,0.09671354293823242
31375,gdb_32365,15,0.0,20260913,20f59b48e2b1453b5c2ff495e0deb5d236a71dc3ce2608ff0e45e2ce22e62721,4.781040191650391,1d840f1e150be6421ff57b34f32dca89aa579fb6a2e65b7459db086b416f3fd5,1d840f1e150be6421ff57b34f32dca89aa579fb6a2e65b7459db086b416f3fd5,21dcf69ea5cfb829c72236052bbae852a591b87846d2c7e9144570fdfabe5655,75330dffb69fe76c075ef7b5b7d229ee7cb70064261b6b0e16d6a29e6094eb24,75330dffb69fe76c075ef7b5b7d229ee7cb70064261b6b0e16d6a29e6094eb24,5.081933498382568,0.30089330673217773,4.808562755584717,0.027522563934326172,4.808562755584717,0.027522563934326172
130452,gdb_133466,11,0.0,20260913,b59f859c3272eede3b1ef552fed153602264375a76475ef0e6ee0e0978426ab9,6.89264440536499,d8ec41c878c4a577d91c9fa84401a1c2a618ec3ffdcd8b0f57670844b9f53e86,d8ec41c878c4a577d91c9fa84401a1c2a618ec3ffdcd8b0f57670844b9f53e86,62bd9423d413391fff73699c12bc776c4c3e05d1c59baeedba9c5b4dc547c5e5,7a67101c896e98cea583890e2e0121c531c72dd9df186ddfa72a4cd20e6b27d8,7a67101c896e98cea583890e2e0121c531c72dd9df186ddfa72a4cd20e6b27d8,6.549226760864258,0.3434176445007324,6.894493579864502,0.0018491744995117188,6.894493579864502,0.0018491744995117188
48812,gdb_49973,17,0.0,20260913,c0f567e5a75da2c4f536a1e9a75614443725e80aa64f25504b9ec44f7bc06597,6.12800407409668,cf0a6b5b9b19f7d1d5d6ebcd12e48380b3eb80fd7ecca0ee631b9da63c92fac7,cf0a6b5b9b19f7d1d5d6ebcd12e48380b3eb80fd7ecca0ee631b9da63c92fac7,431b41ef7f29fa4cd32c087f106383035d98f9b824bd5bbf963bd73ddfd40630,c1db778495cb2c82dec4d0aab8f298134f48c16e8315eff9e4d17e8d712cbb96,c1db778495cb2c82dec4d0aab8f298134f48c16e8315eff9e4d17e8d712cbb96,5.820730209350586,0.30727386474609375,5.815609455108643,0.3123946189880371,5.815609455108643,0.3123946189880371
107016,gdb_109083,21,0.0,20260913,0ea5778eb0c98c77d05c86fb4f380dde79c4a96570e4e4c3d263e10c93943c60,6.80828857421875,99172a898829bad2da70d4042aed75b73d9d9015bc6be9fdd7b6a3718418551c,99172a898829bad2da70d4042aed75b73d9d9015bc6be9fdd7b6a3718418551c,216eb368e5cfc9bca5b99f4c2c06188f1f36b45b0663f49314ee7c35a6c5753c,54f501b5fd1164449bb324e17f0abe06256151129a45070210250986a46c8cb4,54f501b5fd1164449bb324e17f0abe06256151129a45070210250986a46c8cb4,6.603861331939697,0.20442724227905273,6.784745693206787,0.02354288101196289,6.784745693206787,0.02354288101196289
129595,gdb_132505,16,0.0,20260913,1337d1654d3c5cee832a535d86f763e6b2ba1de701c4161d6a5a45e390d3669d,5.257239818572998,7496c81459037da8ba94968758c95ca9f66a4ae634f24a87b7d1ff1206b11f06,7496c81459037da8ba94968758c95ca9f66a4ae634f24a87b7d1ff1206b11f06,8e970d727d7d983ce03e6d4d2b062e4047af72cdf1c75af83e0da62f3c15d6e6,63ae6f890cff4e0f08a0a37b84215301834e589fc296846cf346427aa0ae5e6c,63ae6f890cff4e0f08a0a37b84215301834e589fc296846cf346427aa0ae5e6c,5.657968997955322,0.4007291793823242,5.681921482086182,0.4246816635131836,5.681921482086182,0.4246816635131836
66962,gdb_68643,17,0.0,20260913,3ebf96b77942aae534d676258589251a9a795a2a6ff2a87fc2348583f6661488,6.06813907623291,60c137f36633882fa5785620d543cb3a30cd24b462339362f46611ff705e4ed3,60c137f36633882fa5785620d543cb3a30cd24b462339362f46611ff705e4ed3,3e558c0cb29b44b9dc8ced329f5cdeb209b5792515f2f2d729c35a9099305ed2,56a658fbd92546c270821d6f5a986904d0ab0449cde3bce14efea18bf6589f10,56a658fbd92546c270821d6f5a986904d0ab0449cde3bce14efea18bf6589f10,6.345531463623047,0.2773923873901367,6.627676486968994,0.559537410736084,6.627676486968994,0.559537410736084
97478,gdb_99393,18,0.0,20260913,17529e7a678d5835ff4774b1d9b3a239c26fa5f17d6b3c5aaa1d146b251dc8bd,6.318483829498291,7521b408e3ebeb17f95f1316d63dce5571463395f5a8cbcd1c4eb833e7d60a78,7521b408e3ebeb17f95f1316d63dce5571463395f5a8cbcd1c4eb833e7d60a78,b9326f5d9766d97df71b281166c1973cc3351de4eafeeadd354479eb6bf01fbf,15e9bfb46ce1d182bf3d7872fdd26ebfa6ce982b71f15730c73c66109642501a,15e9bfb46ce1d182bf3d7872fdd26ebfa6ce982b71f15730c73c66109642501a,5.918120384216309,0.4003634452819824,6.46197509765625,0.14349126815795898,6.46197509765625,0.14349126815795898
57735,gdb_59309,20,0.0,20260913,2e80d023a123661d6f6d5833c2ff2c44e1d37e93ed393344c69f07fe3345db25,7.670889377593994,f1e5e7db4ece372fbaa3faa372d7a5ee455c5b43ea55ed02350ee8219a32b89c,f1e5e7db4ece372fbaa3faa372d7a5ee455c5b43ea55ed02350ee8219a32b89c,65153a3fa9d88ba4bbffb23b7edac1f59bb630b0b144ca372a17de1f21f19f91,3a465418569bc5eaa62df7c623fafc228707158ed30708538dcb2fd2e2901a05,3a465418569bc5eaa62df7c623fafc228707158ed30708538dcb2fd2e2901a05,7.674867153167725,0.003977775573730469,7.678642749786377,0.0077533721923828125,7.678642749786377,0.0077533721923828125
33262,gdb_34304,20,0.0,20260913,e9fabc5ac60551d7c09315d4dcc70da257c14f5c3f9e4dc5a4a82cdddccd7db1,9.202890396118164,c37c9ecacf7fcdbd396a9e3d610524bc533ace7180a1fdc2c19f60da2ca4bd3a,c37c9ecacf7fcdbd396a9e3d610524bc533ace7180a1fdc2c19f60da2ca4bd3a,bae22c0058d74123cc385e18a025e949b698ea1732735191b499744426dc0a68,24fdc8d667df65aeb03d1558ece5a7b80e56cdd0ad5cfc99c04dda850e02a1cc,24fdc8d667df65aeb03d1558ece5a7b80e56cdd0ad5cfc99c04dda850e02a1cc,8.75184154510498,0.4510488510131836,8.838309288024902,0.3645811080932617,8.838309288024902,0.3645811080932617
116096,gdb_118248,24,0.0,20260913,6490bbf4c10a361499972faaf7557d46b1088832393fce34b72a2918eecef6e0,8.628729820251465,2a576f1c6e1d4aac396563bf05ff28d4440e5f888405d2aec59078981ee9a709,2a576f1c6e1d4aac396563bf05ff28d4440e5f888405d2aec59078981ee9a709,697ebf075410e00c3b9a44605fefd3e1c7ef0d9d4723655100a8676977c1a35e,0eaf0b39347aabb58f113ec7c75444ed23707627dfb29056da5d156ba310eb32,0eaf0b39347aabb58f113ec7c75444ed23707627dfb29056da5d156ba310eb32,8.688416481018066,0.05968666076660156,8.685611724853516,0.05688190460205078,8.685611724853516,0.05688190460205078
81354,gdb_83082,18,0.0,20260913,e7d924af770f9ae26fae6067993893c95a9dbde4ae58afbdc2249d5a59470523,5.986505031585693,907d852da17a16894793e89340df4ff8e331f971fc24aa87208dcf7e318c4c29,907d852da17a16894793e89340df4ff8e331f971fc24aa87208dcf7e318c4c29,552374675dc5200d05b98a28ee199bc2756f97ad54674627ffd24ae826ea61a9,08bb401c44a867348eaef645e99c604b5d712414a2ec05c34bb48ffc6c52ce73,08bb401c44a867348eaef645e99c604b5d712414a2ec05c34bb48ffc6c52ce73,5.47041654586792,0.5160884857177734,5.4693121910095215,0.5171928405761719,5.4693121910095215,0.5171928405761719
14403,gdb_14725,20,0.0,20260913,0bc6c56a0961ad498ec33251aac4e9e0792a370ca40820fb602662d265af53b4,8.223280906677246,b4bbddc4fa3b8ac445ef5d15580173a0452984eefbd94b02c0afaf4c90e3ba43,b4bbddc4fa3b8ac445ef5d15580173a0452984eefbd94b02c0afaf4c90e3ba43,47693d275af80ecb372c1d7eaffdb29991404c2bd5196e74fff0730e9b29f5bd,f7400b3593d6f56da405c2a8b4f8ff2e40cbe997fcb1f8710c05e21c4a4b76fe,f7400b3593d6f56da405c2a8b4f8ff2e40cbe997fcb1f8710c05e21c4a4b76fe,8.109830856323242,0.1134500503540039,8.168620109558105,0.054660797119140625,8.168620109558105,0.054660797119140625
41232,gdb_42361,18,0.0,20260913,62a3f300faa75bcec89c7621fc596416096ebf58f1ee411cdc2355b0ab893be9,6.179705619812012,8e125a906c2cfb353f210e66af9a2ca6d12c9c40b1a57280a4cdb7b10eb971c2,8e125a906c2cfb353f210e66af9a2ca6d12c9c40b1a57280a4cdb7b10eb971c2,8256cffbf549e652b1951e3cfad253c6bf7040dfca45c1627ea0375b69e615b5,6e9aa7755074e1c6f890a7e8d1a205152f5ea95b0e86f9cdb28ffcd94090438d,6e9aa7755074e1c6f890a7e8d1a205152f5ea95b0e86f9cdb28ffcd94090438d,6.133474826812744,0.04623079299926758,6.216801166534424,0.03709554672241211,6.216801166534424,0.03709554672241211
127876,gdb_130646,14,0.0,20260913,b9a8794fe72fcb3c5b38d69838e354f8c3321b3675d00ed9bad6c06b84d081d7,5.695343017578125,179738f4d9d73d94ac18deaddceae7b57c41e41ec186d3cfd8de5162289723c4,179738f4d9d73d94ac18deaddceae7b57c41e41ec186d3cfd8de5162289723c4,d64ba3145446aa80eeb1bbdc193665c00768ed6c2efb366d31be4ee0242bcd53,fffec5bc24a5a3f80c80439a6d6107068ee54122dc7d7cd2ebd76ed32c0d2478,fffec5bc24a5a3f80c80439a6d6107068ee54122dc7d7cd2ebd76ed32c0d2478,5.703136920928955,0.007793903350830078,6.338062763214111,0.6427197456359863,6.338062763214111,0.6427197456359863
37952,gdb_39039,19,0.0,20260913,5efc3179f0eddfeb73b7d55a63e054cd7e39a4878756f59ad12301151f532949,6.7484235763549805,076e77be5b0ee4c8bfa4ba97de25ab9cb47d07029d9f8480b886b0e6fd7a792e,076e77be5b0ee4c8bfa4ba97de25ab9cb47d07029d9f8480b886b0e6fd7a792e,684ebc6581b50346743413a946a4845e1f28099e874b0c2aed3f5459c5e8517c,0e113a3e96381af9f8dfe4b448ad8ddc74bc35f7ea17be6de8988c996c61540e,0e113a3e96381af9f8dfe4b448ad8ddc74bc35f7ea17be6de8988c996c61540e,6.721090793609619,0.027332782745361328,6.900206089019775,0.15178251266479492,6.900206089019775,0.15178251266479492
91415,gdb_93228,22,0.0,20260913,8963a5c9f649f71a2147aca40fb757d26653b4d2e438cc705990151b6c92336d,5.34159517288208,72be83e63d164947b05a142c14efa41bbbae91d924c61e5824525f22551c032c,72be83e63d164947b05a142c14efa41bbbae91d924c61e5824525f22551c032c,40794a6d08741aa34eb04b23170ca387b95a87a04c3c4f7c61832b950ea10a8e,dec6f9c014857c37acbfcafeba2ce1ea43b7cc2debe80e1ab487105f412fdd9d,dec6f9c014857c37acbfcafeba2ce1ea43b7cc2debe80e1ab487105f412fdd9d,5.463984489440918,0.12238931655883789,5.769238471984863,0.4276432991027832,5.769238471984863,0.4276432991027832
1418,gdb_1456,13,0.0,20260913,9060fe0c0a90c6ce8e3eef70745ce1425eb6afa35a849eb5ccd77beb0b5865c5,5.809630870819092,988ceb0c37068a628e3d41b90d800eae810824f8889bc7cfe78389879e54cdf2,988ceb0c37068a628e3d41b90d800eae810824f8889bc7cfe78389879e54cdf2,cfc711f096237245b69ebf921012a222652212e6e7d047c35f31fc174d556b2b,4796827c90f0ebd2b474431497c204f978597141bc66b8e152aa0103f3315813,4796827c90f0ebd2b474431497c204f978597141bc66b8e152aa0103f3315813,6.000298976898193,0.19066810607910156,5.779063701629639,0.030567169189453125,5.779063701629639,0.030567169189453125
109668,gdb_111747,23,0.0,20260913,d04bdc7cebaa81daa679f075f24101ac704b03ba691cbe72cda36e4ed0bfecd6,8.80832576751709,1d2fc8031cc423f6b79c271e305ad05a944e70af0dc42c76ee5cffc59b1c2d42,1d2fc8031cc423f6b79c271e305ad05a944e70af0dc42c76ee5cffc59b1c2d42,62bbf7a6af4dbde74ccf7d0c3920d59652a171143e5859b70a627a8c2db17a15,d5b7b1e25700c70dd2cde19a93b1ddd00e8705358377c264ffe8265a0cd74d48,d5b7b1e25700c70dd2cde19a93b1ddd00e8705358377c264ffe8265a0cd74d48,8.457383155822754,0.35094261169433594,8.870177268981934,0.06185150146484375,8.870177268981934,0.06185150146484375
2315,gdb_2371,18,0.0,20260913,82eb8063ff8d042590b6346913a9a09a435c496ed630c3e7e701734af1dd425f,8.100829124450684,df72f30993ccf0d4a088f146d61c397183424b1c4ecf3d4320efb1c19a5136ea,df72f30993ccf0d4a088f146d61c397183424b1c4ecf3d4320efb1c19a5136ea,ccf4beb8ec6586bd8f0db70f5a73b233f51efbfbb671f055a4248acec71a1a18,92e5598612a3b16c8abb01feb1fead530bb7035f4add9f3edecc47425344ac28,92e5598612a3b16c8abb01feb1fead530bb7035f4add9f3edecc47425344ac28,8.340950012207031,0.24012088775634766,8.119087219238281,0.018258094787597656,8.119087219238281,0.018258094787597656
97100,gdb_99007,17,0.0,20260913,22d4fe697abbb3db6e2c6c8f56681f00d5845d393ce7a2b1ebe5f7dcb4bbe5a8,7.638236045837402,f38534198649cc5a8cfeae0f780dcf165764414fc4479dac632f5a456f20d43e,f38534198649cc5a8cfeae0f780dcf165764414fc4479dac632f5a456f20d43e,4a4b6bbd2d5478ab35adc9a2f91cd0667d742830edfbaf41582fb1295ee8b997,7cb4aeca93627fc699f8cc3916fe581a048885a8dc204119eb0048b3a28fc997,7cb4aeca93627fc699f8cc3916fe581a048885a8dc204119eb0048b3a28fc997,6.704148292541504,0.9340877532958984,7.031992435455322,0.6062436103820801,7.031992435455322,0.6062436103820801
93433,gdb_95274,18,0.0,20260913,bf6dd1125003a7caae5ab72dac187245683a35779089cbab656fcc853e33ce32,7.4042181968688965,4666c9b9ffcc31abe124b8eb1185fddc7876ea6e13ff641cbeb938b7ad606c7d,4666c9b9ffcc31abe124b8eb1185fddc7876ea6e13ff641cbeb938b7ad606c7d,b2f1c20088120d7bcafec1bd744bef5e10798b0e71654323dd42ac004a1abaaa,0c777063670ed9f0f036aa970c64b497f1e880b33e0d543e157fa9d9f8b0dda5,0c777063670ed9f0f036aa970c64b497f1e880b33e0d543e157fa9d9f8b0dda5,6.953183650970459,0.4510345458984375,7.202369213104248,0.20184898376464844,7.202369213104248,0.20184898376464844
35161,gdb_36203,17,0.0,20260913,eb120d2f8341aa51d9f6b6fc520156369a186c43f7c06f8fdef7c94e78e8d8f7,7.102171897888184,404bbcd96385c6a9901a24f189f0de5a163e12720db618e0cab8053f9718a2d8,404bbcd96385c6a9901a24f189f0de5a163e12720db618e0cab8053f9718a2d8,75abbe912371c8aa8baaea488563c436f2192fc8a5f207973879284728e699d8,6ce50088643319bb6b90a33ba5ac4a5998665fd298add35956aceb40998cb914,6ce50088643319bb6b90a33ba5ac4a5998665fd298add35956aceb40998cb914,7.433441638946533,0.3312697410583496,7.467885494232178,0.36571359634399414,7.467885494232178,0.36571359634399414
72955,gdb_74645,18,0.0,20260913,b3fa5e0240b67fa7f576adebb94cbc6d7b335135884da28f936a1bda5e45d282,6.098071575164795,66ed1c5e48752166c2bd789c9d2d570b27967f1d97882d2fea005a12a65e0c1a,66ed1c5e48752166c2bd789c9d2d570b27967f1d97882d2fea005a12a65e0c1a,c1672ec8f58bb318f33c09ae2c589c5a98513396dc6b802a8f26b0a15a1b9da5,617d9ada510348c7f1bcb7864f6d789e0ec4b0ecc7a9e46f215c5742d79aed73,617d9ada510348c7f1bcb7864f6d789e0ec4b0ecc7a9e46f215c5742d79aed73,6.232728958129883,0.1346573829650879,6.356496810913086,0.258425235748291,6.356496810913086,0.258425235748291
97296,gdb_99204,18,0.0,20260913,6ad87abf0861efb295d3e66d52fbdf43aabd88fb4b0e05bf1d530a113634fa51,7.8123884201049805,3c3bf40266417ea7db475ec4918184aaa46022e5bea830cc0af30e0890019504,3c3bf40266417ea7db475ec4918184aaa46022e5bea830cc0af30e0890019504,4810d6abad522ef40b6c1947c72f293f87e59e0bac7b930f22c9bdcf77d9c9b5,206cde8848374b910b678d73e1b514d993bc2fc15d312727ec4e42a2a9598472,206cde8848374b910b678d73e1b514d993bc2fc15d312727ec4e42a2a9598472,7.50536584854126,0.3070225715637207,7.760587215423584,0.051801204681396484,7.760587215423584,0.051801204681396484
42980,gdb_44115,13,0.0,20260913,0954a4fe337771392f17da5b04ea9aa42012e1dd2e426946cae67cb7f0006bdc,5.425950050354004,e499e8b689cbfdcdcb436d43ddf805cdc42fbbd2385bfd33fadb15afd727ff7c,e499e8b689cbfdcdcb436d43ddf805cdc42fbbd2385bfd33fadb15afd727ff7c,460055d71658e3c58f8bdb4b06ad57ad9e62fd7688a874f74fa877f89392d9ae,ff1f99935c31b6f1d7580b37156631b63e85f691370077ab301f437403483afa,ff1f99935c31b6f1d7580b37156631b63e85f691370077ab301f437403483afa,5.248329162597656,0.17762088775634766,5.535948276519775,0.10999822616577148,5.535948276519775,0.10999822616577148
78911,gdb_80631,19,0.0,20260913,85be073027e7971dc1d67355bce445780498d6bbd67b8ed19b9f667e770fc92a,7.9919843673706055,aa9826876edc0fc6d557506d046a97b37e842b2530b368d44e35380cf7f07abe,aa9826876edc0fc6d557506d046a97b37e842b2530b368d44e35380cf7f07abe,0e5695eb2566b486431cf17c8bd4ab7b492e3c495d5648eb820d0c832696f98c,39df354491ee73fd9db89d3893daf5920b9c9e4df81806263d7659f4603c4e1e,39df354491ee73fd9db89d3893daf5920b9c9e4df81806263d7659f4603c4e1e,7.76431131362915,0.22767305374145508,7.9152069091796875,0.07677745819091797,7.9152069091796875,0.07677745819091797
31582,gdb_32582,21,0.0,20260913,b5accc82c4a12d8777e147f91c27f47660f9abe4eaa3aeba867d1f410b727b51,6.16065788269043,711fe76a11af48e8417a343e3123bdffb330a14470e2f18f48a5c52829039ec9,711fe76a11af48e8417a343e3123bdffb330a14470e2f18f48a5c52829039ec9,f19c7abf6525779a38cf8528a78ffe4c017f4dbb3e7e0c9924b588ebb41af334,d4b617bc1fbcb4ecb81ffa373fc2bdbe70449a5424efe1d3e7e8d112826ee59f,d4b617bc1fbcb4ecb81ffa373fc2bdbe70449a5424efe1d3e7e8d112826ee59f,6.327352523803711,0.16669464111328125,6.272302150726318,0.11164426803588867,6.272302150726318,0.11164426803588867
28182,gdb_28970,14,0.0,20260913,708daf7379e8ec56c44dee17aa75af732736107a2c98fa27af8b9abf0c07f4da,5.1483941078186035,fb3ee70178d747c20adc972b509ac484363dc62a83042cffe6cfdc8a4631b117,fb3ee70178d747c20adc972b509ac484363dc62a83042cffe6cfdc8a4631b117,cbc1261b26003fe2958b3125d2544faa046f3919938ef9f37b2093bd87b746d5,254be9cd363fa039890ccba1d146557277167c50d2412ed590ce38591d1b34ae,254be9cd363fa039890ccba1d146557277167c50d2412ed590ce38591d1b34ae,5.137516498565674,0.010877609252929688,5.002651691436768,0.14574241638183594,5.002651691436768,0.14574241638183594
32340,gdb_33382,18,0.0,20260913,4c443432f3f1ef32cb517c9fb154bb6d292dd42b6bce006d657ceb72383b7130,6.625972270965576,0ef9961a422a12404cfe8bf5e77e54fc981c5c6c9c0cfe3a21021c9bba919345,0ef9961a422a12404cfe8bf5e77e54fc981c5c6c9c0cfe3a21021c9bba919345,3a3e23ffd3d8ed72b8fe1e53146607e17cee1ae9ad7a2f8c2e6a022d24aaf01c,4abe660a7f61a4a2b01e2ce5e9d5a25039973ff18c0a51973fdbc5ac92e1cbcf,4abe660a7f61a4a2b01e2ce5e9d5a25039973ff18c0a51973fdbc5ac92e1cbcf,6.601141452789307,0.02483081817626953,6.338686466217041,0.28728580474853516,6.338686466217041,0.28728580474853516
6372,gdb_6569,18,0.0,20260913,708fbeda16d20752ca04882ed32d5b695ea8ef15245209e160d13b5250d506e1,8.541653633117676,50f185cce3a88dbeed075b12fc0bb3db6984242a45bffd16d344a5d9a1c595ff,50f185cce3a88dbeed075b12fc0bb3db6984242a45bffd16d344a5d9a1c595ff,8c6ac753b48b2c2d2469ceaba3e82d2b2119eebd234fd76b43584bb86be52bc0,a31410bf8a9d928edba5057f672f19fd9fbeaa9173a4aca1208b1a8517b05efa,a31410bf8a9d928edba5057f672f19fd9fbeaa9173a4aca1208b1a8517b05efa,8.472846984863281,0.06880664825439453,8.72335147857666,0.18169784545898438,8.72335147857666,0.18169784545898438
65636,gdb_67315,16,0.0,20260913,a40bdcefaed5271e8e12ae1dff1101b028fc4dfdbe73ec31bcba804556c1d92e,7.140267848968506,81b36c1db46aebd218226b1bce8328e638481a11716e093105045da6c6fa2f6f,81b36c1db46aebd218226b1bce8328e638481a11716e093105045da6c6fa2f6f,a571fc873d461e65f3731ac7c514e0e233dcad7a2fc4d16a5d21718acf6ba317,fe4125b4048d7795e23c6b3725178bc7522260f6550666c40af70184303c13ce,fe4125b4048d7795e23c6b3725178bc7522260f6550666c40af70184303c13ce,6.994744777679443,0.1455230712890625,7.1624369621276855,0.022169113159179688,7.1624369621276855,0.022169113159179688
6440,gdb_6637,14,0.0,20260913,08c1498c38a64a17c08ff1be0fcf918d539e3e710a6bd9a4fbfa2f9c102e5ed7,5.556564807891846,68ec26056e7bb561017a31a887d1d89d93c7eff52afe0bc863add5c157fa5314,68ec26056e7bb561017a31a887d1d89d93c7eff52afe0bc863add5c157fa5314,d9ed9e04ef8545d97868171783f84459bd5a8c755f341d4ded7b21c6d64b8b27,828e268d6ad383cc2eb9363e3092727e8b6b8a0bd96846594ec1cf66a492203c,828e268d6ad383cc2eb9363e3092727e8b6b8a0bd96846594ec1cf66a492203c,5.365189075469971,0.191375732421875,5.308094024658203,0.24847078323364258,5.308094024658203,0.24847078323364258
31763,gdb_32773,18,0.0,20260913,7223076213b5b604862bb9339650cd5fe5f55f9056025327fc114e1fad67ee44,5.951130390167236,67799e8d9ffec25ff485e9a7c93e109eef9043b2e25e5fdc0e53edde4a533890,67799e8d9ffec25ff485e9a7c93e109eef9043b2e25e5fdc0e53edde4a533890,632d62dca414802dad7aa00a85a8ce410f1fd0c3ba7ab04c96f8bf69ade6c1a8,bf0b07eafd482abe4a5b243f5d5c7341125ff09e07e4dc0378ba92ed49834060,bf0b07eafd482abe4a5b243f5d5c7341125ff09e07e4dc0378ba92ed49834060,6.187757968902588,0.23662757873535156,6.32034158706665,0.36921119689941406,6.32034158706665,0.36921119689941406
71523,gdb_73213,18,0.0,20260913,7bf8533985431db57cd3479872006bee9ecb90d600d0a659d098d7ab87e89bdc,7.300814628601074,a88e45e0daa84f51a1cf0fde713c337fa1c8b9962b10109793f9db87a9e19bb0,a88e45e0daa84f51a1cf0fde713c337fa1c8b9962b10109793f9db87a9e19bb0,9fe40f571bf0a6ea554c3a417402c71133aeb82ab2d606c4b61f9f6941ee3443,08278cfb56dc5ab084048260341807161ce4c828dd9f45e455347c66b0c1c07b,08278cfb56dc5ab084048260341807161ce4c828dd9f45e455347c66b0c1c07b,7.115478515625,0.18533611297607422,7.27768611907959,0.023128509521484375,7.27768611907959,0.023128509521484375
63884,gdb_65549,17,0.0,20260913,c1ad462c41f541b2c877db55b5afa3d799313f3ad9548b3722b4013adbe8eca6,6.88720178604126,d726ec3f9fc9d470c8bf39138f58d95ee69f763f61bfddc37460b19ec4a14cbb,d726ec3f9fc9d470c8bf39138f58d95ee69f763f61bfddc37460b19ec4a14cbb,f0d6e077dbed250a248b32772d9d000ec008ed62a735290bc7574578fb4238a8,d4c3e99b15995a94a533b9495b83e6c168c834146d3ce961a9a9304fe0e33e6f,d4c3e99b15995a94a533b9495b83e6c168c834146d3ce961a9a9304fe0e33e6f,6.945868968963623,0.05866718292236328,7.008448123931885,0.121246337890625,7.008448123931885,0.121246337890625
1614,gdb_1661,16,0.0,20260913,48d85054379fd0b53b0f3c4ea0eabf304eb62d7fb6a42f5ae454f2d1b26e40f7,7.341631889343262,6097149e9e9505e721151af56a80c48f385e246e9f7cc548d9fea2be7ff3df46,6097149e9e9505e721151af56a80c48f385e246e9f7cc548d9fea2be7ff3df46,f48b4c2c83c4bec3558a039c90df85d201762b09d26b54e3152174149747952b,69431b948749d4a3393c4480b12730598474dbbd01295da8fcfd36fb27619f8c,69431b948749d4a3393c4480b12730598474dbbd01295da8fcfd36fb27619f8c,7.141415119171143,0.20021677017211914,7.375121593475342,0.03348970413208008,7.375121593475342,0.03348970413208008
16791,gdb_17113,18,0.0,20260913,6da6ba31574faa8fb8d921296c8f400daa2be6ce1ce6e56c3419694060f75823,9.417860984802246,c0b97a46a72626796b3ea32af69c98fac890c0a0a095c32266388283dbb0191e,c0b97a46a72626796b3ea32af69c98fac890c0a0a095c32266388283dbb0191e,39399712129c435acc48dc7c8ab15d2d40028d0186d2c1a18ec7bdb4831908c8,c4a87cfc907f9abc247e9e811b2b02f7feac7954a405f4c7d6b05ce49c37ea4e,c4a87cfc907f9abc247e9e811b2b02f7feac7954a405f4c7d6b05ce49c37ea4e,8.910632133483887,0.5072288513183594,9.173571586608887,0.24428939819335938,9.173571586608887,0.24428939819335938
80563,gdb_82291,23,0.0,20260913,261dec665702ebd00159ad6700ae8d5537ada4ad0a41eac173947e74b37937d6,8.726691246032715,5802944c2d3484692ba67841d8085ed544006011e99f1cea479e36761247eb41,5802944c2d3484692ba67841d8085ed544006011e99f1cea479e36761247eb41,c41a3dd756f9cede49fd66219a93fd5a1eb8848273937c9845dad334e45ae604,09ed080d73537c18089aa635d36b24c982f4fba47eaf95beb62d0a39a3df5517,09ed080d73537c18089aa635d36b24c982f4fba47eaf95beb62d0a39a3df5517,8.651257514953613,0.07543373107910156,8.593974113464355,0.13271713256835938,8.593974113464355,0.13271713256835938
72949,gdb_74639,20,0.0,20260913,d02ee308831921dec70b0a42e58259319a80a6152839dc6018c1b463b8559d12,6.070860385894775,6e14ce53201f3f39136fa3560ba5b4c726e5d40fcd6f264e3dac1d99813bcff5,6e14ce53201f3f39136fa3560ba5b4c726e5d40fcd6f264e3dac1d99813bcff5,69664adb18402b8b39efe943f7cb18d0a7f206583cb55804202d233a1f77cadb,6579fddc923462f1c4245a8cdbcfa426a70d45526e9b1530450661f6995521dd,6579fddc923462f1c4245a8cdbcfa426a70d45526e9b1530450661f6995521dd,6.242605686187744,0.17174530029296875,6.320763111114502,0.24990272521972656,6.320763111114502,0.24990272521972656
86358,gdb_88133,17,0.0,20260913,fcd3eba176152f741a9a8ab7f82e1075fecf80c43943cd6d93030ccba6811d3f,6.802846431732178,dafb83761536bcaccd23f29abd669a76161f5afb961a7dbcca372e17ea65cbd0,dafb83761536bcaccd23f29abd669a76161f5afb961a7dbcca372e17ea65cbd0,df69eac4d1c3a1a2cf3ed3006236aed64e665f5b4af349a77581859d9cf62981,9e621c01bfaffff5641c07ba6a47b10f4ea62c9f44f028bb45ad8d49e98d14ea,9e621c01bfaffff5641c07ba6a47b10f4ea62c9f44f028bb45ad8d49e98d14ea,7.100332260131836,0.2974858283996582,7.078394412994385,0.27554798126220703,7.078394412994385,0.27554798126220703
121972,gdb_124227,14,0.0,20260913,4e220226fdd7a1529031beb76ca3322b8019c8c53f9a823498d2c2541b558018,7.219180583953857,f4634df9406485c62b2fb78fc77c7ebecf242cd4efe9d4d5322edf5108021143,f4634df9406485c62b2fb78fc77c7ebecf242cd4efe9d4d5322edf5108021143,6b0d3961a402dace7fac0c6e0d8e238a741dc3837c6206f009a7951fcb523404,54d6eb14ae34cccbf597c9b2e5c37076af7d1abd2c75897fdbac1aea94731fc7,54d6eb14ae34cccbf597c9b2e5c37076af7d1abd2c75897fdbac1aea94731fc7,6.516483783721924,0.7026968002319336,6.380462169647217,0.8387184143066406,6.380462169647217,0.8387184143066406
55966,gdb_57517,19,0.0,20260913,41bf055274453d78e2199daf5e2277435be58ce13a5cd908f7b59d58fc24a624,4.171505451202393,9a8c7e7f1bdbc48049f68aef52b6412c8a996d5236e8389aca629d91504fd1a2,9a8c7e7f1bdbc48049f68aef52b6412c8a996d5236e8389aca629d91504fd1a2,35c866f315603b1f0061f062a822dab179c173dc3f93ebe75e828bf42b75f97c,c56653930ffbec0499df713b766fbe75e5a7026691a28fc3360e7ce64d4017bf,c56653930ffbec0499df713b766fbe75e5a7026691a28fc3360e7ce64d4017bf,4.064535140991211,0.10697031021118164,4.551215648651123,0.37971019744873047,4.551215648651123,0.37971019744873047
4074,gdb_4147,16,0.0,20260913,5a600b905601c7f139f010e84f33f5c9e9569104cab1021d3a177590da6d71a3,6.666789531707764,c84a6ac586bb80b153b8676b424d2085457b7f422f574ad2fa3e6671d72eaa72,c84a6ac586bb80b153b8676b424d2085457b7f422f574ad2fa3e6671d72eaa72,afdbd566e2d2fecaff0c7399469e4436f203ea95a8771a2f31b3205c2644972f,773c163bc257f54bb202cf1843cb8709cc52d68b2ae2fa4d0b9983f38ddad246,773c163bc257f54bb202cf1843cb8709cc52d68b2ae2fa4d0b9983f38ddad246,6.219726085662842,0.4470634460449219,6.415914058685303,0.25087547302246094,6.415914058685303,0.25087547302246094
122781,gdb_125074,15,0.0,20260913,d90d27c26f37851f6de60e34a1b9b886e008eb8a2f6700b71939bfcac275fdda,5.828679084777832,2886af7de5e964a1e6e77f04e296641c11761873624a6a792781708002cfa07d,2886af7de5e964a1e6e77f04e296641c11761873624a6a792781708002cfa07d,e17a6331c9bda6adb70ab487bd4d4258a9c70d941f90642440fcc9fef138f811,63f50d359474747cfe77059bf0b3bd46ccb5231c96307b45f563e0a86e5b0e20,63f50d359474747cfe77059bf0b3bd46ccb5231c96307b45f563e0a86e5b0e20,5.631449222564697,0.19722986221313477,5.659303665161133,0.16937541961669922,5.659303665161133,0.16937541961669922
18060,gdb_18392,15,0.0,20260913,321247ba318023e5bd2b8c9017ae0a7ea2d3902bae37d9ef9a1688245ddf0ce4,6.8409423828125,90ca5126bd42fcbe02cd36227e90476bf782cd6112e21e7e428bf8b7d70e9b5f,90ca5126bd42fcbe02cd36227e90476bf782cd6112e21e7e428bf8b7d70e9b5f,b21ae70afd0f562c1545a81692140b6c128a005484900f2df10836761b796955,77a200ea1cb4ee05b426681a7c3cd0787e3bf1dfc3b513f1a0cf49ff78a7a0dc,77a200ea1cb4ee05b426681a7c3cd0787e3bf1dfc3b513f1a0cf49ff78a7a0dc,6.893463611602783,0.0525212287902832,7.128796100616455,0.2878537178039551,7.128796100616455,0.2878537178039551
97953,gdb_99894,20,0.0,20260913,166c81c85e0705054558b8bb2e1b2a53c090872fe4c79c9aeefc54515b60380d,8.522605895996094,3ca537d85a36ed62e8d44b82b4c7b62ab763d38a0288738776ca604d8e4af931,3ca537d85a36ed62e8d44b82b4c7b62ab763d38a0288738776ca604d8e4af931,17d8fde05cc8479da4950816c6382cbb5a6cad82740d9b9d6aadfc02812aa0da,e98af20de8a5ad7c18934c3f09e562a95ac35ab7510cb82b5d7d53d3ead73d91,e98af20de8a5ad7c18934c3f09e562a95ac35ab7510cb82b5d7d53d3ead73d91,8.6536865234375,0.13108062744140625,8.399883270263672,0.12272262573242188,8.399883270263672,0.12272262573242188
124145,gdb_126508,20,0.0,20260913,57b9bb1d2f7520c12c78ab79b38e68f32dbe91367e4c38dae8b54958d7805a03,6.468146324157715,a0a709a2033f38730efc23fccdd43a4664545c21cc8e7082a3c765fce0d36a5d,a0a709a2033f38730efc23fccdd43a4664545c21cc8e7082a3c765fce0d36a5d,f6c37146413871c94f9bd16e508afd8844ff091b588193e2a85acb04515fe22a,320e15d996fcdfb6f8fa74eabe676f5966ba431d2d67a428782fd1cf661b039c,320e15d996fcdfb6f8fa74eabe676f5966ba431d2d67a428782fd1cf661b039c,6.529192924499512,0.061046600341796875,6.672181606292725,0.20403528213500977,6.672181606292725,0.20403528213500977
61779,gdb_63441,19,0.0,20260913,d1c8559aeee868b4b553873f8460f0901d0ae449ba5d307fe1033a64cc7aa897,7.611024856567383,d9b85a82fd78d404652ee42a3f4bbf39ec70db2d0afb4793bb410d33d6a12aec,d9b85a82fd78d404652ee42a3f4bbf39ec70db2d0afb4793bb410d33d6a12aec,b9cc8923d84743c743b069df47a55a213272b8a748b7f8aaf9b6a98229d11265,efdba9bdbebb28954443935429ca7a83497bc4e1d6f888cd7bae8154f26b0f5c,efdba9bdbebb28954443935429ca7a83497bc4e1d6f888cd7bae8154f26b0f5c,7.48328971862793,0.12773513793945312,7.79174280166626,0.18071794509887695,7.79174280166626,0.18071794509887695
46670,gdb_47809,18,0.0,20260913,bbc8d5475b5e21d7c4d1ed35a124e779d278ef1002f6748f3431590a2572e5c0,5.40146017074585,ecdbf4b5873394040d3c8a3db264bd4448edcc436ffa0a1fdae60fc72a34e0b0,ecdbf4b5873394040d3c8a3db264bd4448edcc436ffa0a1fdae60fc72a34e0b0,a5889696681e5bf30b0ce39e144d723f3ab833d59b4ef3ff784560cb16d166b0,dce728c98898d0958f94a45bcf1b320ee86d32ae5afcc14d1ce14923f9957f19,dce728c98898d0958f94a45bcf1b320ee86d32ae5afcc14d1ce14923f9957f19,5.404101848602295,0.0026416778564453125,5.572484493255615,0.17102432250976562,5.572484493255615,0.17102432250976562
85248,gdb_87014,16,0.0,20260913,1c2d856cac4497d29119b7d192a07c38c6f1eca15db2662053aeac00f0e5c5db,5.962014675140381,702da5c641f0ea202a7dfb27d557bdfc8b5de4f09f593f01680f895ed352d05e,702da5c641f0ea202a7dfb27d557bdfc8b5de4f09f593f01680f895ed352d05e,afea0b6008a29dfd8e13fcda67775f4791dfa336b92f0e1faf00a8293d53ac30,4ba2ea5dcb09608c5666db219468809af4df1091fa971261d8ba0b784ba7e865,4ba2ea5dcb09608c5666db219468809af4df1091fa971261d8ba0b784ba7e865,5.814344882965088,0.14766979217529297,6.0262885093688965,0.06427383422851562,6.0262885093688965,0.06427383422851562
47404,gdb_48546,17,0.0,20260913,b472d74b8e7e3a5759c5e546c11133278bdb6337233b956c73cf4fdba0290917,5.945687770843506,c00cb1eb510b105d004a05b42e39502739fa17918fe54a8d07b2d164e5aa6b19,c00cb1eb510b105d004a05b42e39502739fa17918fe54a8d07b2d164e5aa6b19,b86c46db25589874753ea211e2c5488f1ee13f6a8d96a84a7741adc950100aa8,4faae6f360a95bf68e6f56638c6039846eec6352d0241b1f1f68f5be8bae4255,4faae6f360a95bf68e6f56638c6039846eec6352d0241b1f1f68f5be8bae4255,5.792261600494385,0.1534261703491211,6.015101909637451,0.06941413879394531,6.015101909637451,0.06941413879394531
102369,gdb_104406,23,0.0,20260913,b11e66b65a65734ca5cdd0f12eedfff2be212da16e0af49e4f49b3f9e819184c,8.805603981018066,f35fc098909d85263d5c5455f8b2e39cbf7f49df9e11478f1be0c7421b56a8ae,f35fc098909d85263d5c5455f8b2e39cbf7f49df9e11478f1be0c7421b56a8ae,145d426fcc3ea6f8a53ae38a7321b9670b1e5128a28649ee1dc3eb5f72fa84be,7d97350dd5c079db51824c28e6e062822f45510717d62884877f079bc71e68d6,7d97350dd5c079db51824c28e6e062822f45510717d62884877f079bc71e68d6,8.982803344726562,0.1771993637084961,9.035992622375488,0.23038864135742188,9.035992622375488,0.23038864135742188
6369,gdb_6566,22,0.0,20260913,d7a68007aec38458377919ab0b504b74b909d8f4189416aa61b69ad5dea9b13c,10.008347511291504,6ce33e05adc78ea10b928d53a136f559c0dcc49b682265e8c44c097eeb50f8f6,6ce33e05adc78ea10b928d53a136f559c0dcc49b682265e8c44c097eeb50f8f6,f84b35b229619bfdc6137e369ae3db65893edabb44fe001c0c39fdbb8bee56ed,cf20182350734e58db5ca242e7b587ddb2a4425b45302952bd704b809005ee84,cf20182350734e58db5ca242e7b587ddb2a4425b45302952bd704b809005ee84,9.457326889038086,0.551020622253418,9.57823371887207,0.4301137924194336,9.57823371887207,0.4301137924194336
55323,gdb_56857,18,0.0,20260913,a58f6f1f1b8f85428952a7608532b035e3579913c98ec7969d57a833e86c038c,7.733476161956787,4ee8c0e2df6d636cc65ae9cd48eb215f79475598a62397cebe3c0fa783378864,4ee8c0e2df6d636cc65ae9cd48eb215f79475598a62397cebe3c0fa783378864,314085e449af36bceef88847b5330777d436a5754d15d248db230cc1e8cd0a94,3f7adb7cbdb857fc7cff43a92aa8a64329c3a22669b7f3d1676c01ea506b19a2,3f7adb7cbdb857fc7cff43a92aa8a64329c3a22669b7f3d1676c01ea506b19a2,7.887967586517334,0.15449142456054688,7.942458629608154,0.2089824676513672,7.942458629608154,0.2089824676513672
67214,gdb_68897,19,0.0,20260913,0619600edfe686f04cdfaaeabbc4075f83cbb45b8e3be562d6d17dd2b4439c3a,6.533453464508057,5662dd3ad23488546d6023ba4e500bfebe94060c1052ea27edb7c1b7de889686,5662dd3ad23488546d6023ba4e500bfebe94060c1052ea27edb7c1b7de889686,06724d610c0286168314799ef2edb4f2e5a82e7f8e11c0d9f8b26c6cccb52e97,ff85d04b08b61d083b5b9e90c89af016196e114253c8ed3d222a10c5d7afe09b,ff85d04b08b61d083b5b9e90c89af016196e114253c8ed3d222a10c5d7afe09b,6.613402843475342,0.07994937896728516,6.806741237640381,0.2732877731323242,6.806741237640381,0.2732877731323242
112430,gdb_114535,21,0.0,20260913,61f9a47e9c7711442ac63c8cc4b3c0d5bc76ff6b7449ab33009529f0bcc080d1,8.62328815460205,0309045a04c80306153ee29647f0957e31da7f7a66df7666bc5fa4a45d99818b,0309045a04c80306153ee29647f0957e31da7f7a66df7666bc5fa4a45d99818b,36a3f0ec5cd5bc2ef94672c9653ae545f85f7957c676a931422854c915081457,8b0f7effa9909bbef59304d74e18b94e07b30fb7a24198216d8a1749ef8df086,8b0f7effa9909bbef59304d74e18b94e07b30fb7a24198216d8a1749ef8df086,8.612603187561035,0.010684967041015625,8.630477905273438,0.007189750671386719,8.630477905273438,0.007189750671386719
73981,gdb_75674,14,0.0,20260913,316d9dcab5218423cc3b0f7546eff3870bfe6a2735299604edec0257773df7db,5.659968376159668,4297752818eab3de6c807b961293de35e297eb9f7d2abe7cb52d1456156fcad8,4297752818eab3de6c807b961293de35e297eb9f7d2abe7cb52d1456156fcad8,5ca1caaf14a6e4c4d7ac196cd58cc6a579cb478634824ec2964f8b197b9b3392,37014d7d37d2f38205700d506e2f8400ae635d594345c624d01a17f88e339737,37014d7d37d2f38205700d506e2f8400ae635d594345c624d01a17f88e339737,5.645579814910889,0.014388561248779297,5.778738021850586,0.11876964569091797,5.778738021850586,0.11876964569091797
103028,gdb_105071,21,0.0,20260913,5d81429f32ec5fb8ffe43436b12801d258e01990705ac88f80d4f08595d7b503,8.217838287353516,6484000843b1ce97d3e791f602c5181b0badd448ee2ac1339e36fd469d17975f,6484000843b1ce97d3e791f602c5181b0badd448ee2ac1339e36fd469d17975f,c3d51a13e5bae13f730140629a49187ebae5a8c86d9c907ae62993d75830863d,79e56c415dc891834fb22884c6f55ced74355d3253381fcddb282664a968f239,79e56c415dc891834fb22884c6f55ced74355d3253381fcddb282664a968f239,8.454419136047363,0.23658084869384766,8.504908561706543,0.28707027435302734,8.504908561706543,0.28707027435302734
29209,gdb_30050,17,0.0,20260913,772911ea3caa5da108a583db52f4e9e05ef20eba2b9fb7b045b3367c823a1a96,5.562007427215576,a69fb309f52f264ae34fbefcd32dd3ab05957d6a5515b4b042624e7bc43512f6,a69fb309f52f264ae34fbefcd32dd3ab05957d6a5515b4b042624e7bc43512f6,65af8077de18413e38f7366166c77798a9cdc1823482870388e56a764a729673,4e12ab1a4ca8cef0a5185c6b53e2b55a44265edf3ba7939879fca65dfd344081,4e12ab1a4ca8cef0a5185c6b53e2b55a44265edf3ba7939879fca65dfd344081,5.530935764312744,0.03107166290283203,5.790945529937744,0.22893810272216797,5.790945529937744,0.22893810272216797
23592,gdb_24109,17,0.0,20260913,2fea116a7dacf0277b53f72ccb494410dd43486f36cbafcc73c17686dec8645f,6.3075995445251465,032bd1ec40fe5a0535fb7ddaecef2762277f5044ada20d4d88fc4b8c06f00c05,032bd1ec40fe5a0535fb7ddaecef2762277f5044ada20d4d88fc4b8c06f00c05,7e1ee1633d6bc4fb2c407bb074d18cc581a9b7ae137adb082e7744151ea5b9f3,92557fda00f9ff956a96a15034971fcca83b29f882e198a2591f7ead858ec0bd,92557fda00f9ff956a96a15034971fcca83b29f882e198a2591f7ead858ec0bd,6.54696798324585,0.23936843872070312,6.8161845207214355,0.5085849761962891,6.8161845207214355,0.5085849761962891
64494,gdb_66159,21,0.0,20260913,2a22a1a3c582fd3c75d51ae8621203c3ecc3f6a6ec77dd1eb5c09c1650062731,6.217801570892334,9e0d0b7ee52aab4a79eaafb36e2c5b7292e7989b2a8c13d4327061b0c10471d5,9e0d0b7ee52aab4a79eaafb36e2c5b7292e7989b2a8c13d4327061b0c10471d5,36e59826d54e95bf8132314ab52d570498fdc87dbfcd6fa21c4d85b0851d5bc3,caae10faf09b206d7f60a20c43aacadafda2b949dc3aab031d35fcaa0acaad3f,caae10faf09b206d7f60a20c43aacadafda2b949dc3aab031d35fcaa0acaad3f,6.172117710113525,0.045683860778808594,6.273819446563721,0.05601787567138672,6.273819446563721,0.05601787567138672
31854,gdb_32869,17,0.0,20260913,d6b0ab1b9365d84bd675ed589d270d0f60b136f123f3dc7af0e756f8004b7867,6.00283145904541,00b0c84b60c70bb6921b43e1ed14ff637d4a40561f65a7055ab302d671f47267,00b0c84b60c70bb6921b43e1ed14ff637d4a40561f65a7055ab302d671f47267,72753b478cae64a437c642ecff61e07d446e911b7f0d10acd86eafbcb57a051e,2ea26159a50e1363d8170c724fe3b891291d3dcf269a493002e227a07ccef2ac,2ea26159a50e1363d8170c724fe3b891291d3dcf269a493002e227a07ccef2ac,5.746521472930908,0.25630998611450195,5.585573673248291,0.41725778579711914,5.585573673248291,0.41725778579711914
28813,gdb_29627,15,0.0,20260913,feec7551ed1025961c3ec5234708c25def42466a8613e48b68e5449c4db9a439,5.26268196105957,2f6940cb11adf0c70aa3a816e4a45b30a3faa077723d013214636e0c02838f4e,2f6940cb11adf0c70aa3a816e4a45b30a3faa077723d013214636e0c02838f4e,68e9d0eb83828169b4a7dd0fd83b68d4452a1d2d7cb5eb8f68a5bbc9ea42310a,0895ab73ee2d3bac12cc899c6c0b8c56e38c3f1c4882562386fbdc52c344221d,0895ab73ee2d3bac12cc899c6c0b8c56e38c3f1c4882562386fbdc52c344221d,5.531367778778076,0.26868581771850586,5.681278228759766,0.4185962677001953,5.681278228759766,0.4185962677001953
53760,gdb_55126,19,0.0,20260913,179ad098724f1754e38c0960a585d1a9b6abe4382c4a1fb31eb59b8838f949c3,7.104892730712891,aa450346c39d288e362880076f89e5368388d33c483b151d990a7ce17c3fdc19,aa450346c39d288e362880076f89e5368388d33c483b151d990a7ce17c3fdc19,f750c7d566d707a9a30c3dff1126fd09cef27ddb25f89012cb11913102e6fd1d,497113ba31aa9f0a245b07c262a3b6714c438176e1b2341a0456ab372b1ec737,497113ba31aa9f0a245b07c262a3b6714c438176e1b2341a0456ab372b1ec737,7.146905422210693,0.042012691497802734,7.18795919418335,0.08306646347045898,7.18795919418335,0.08306646347045898
84397,gdb_86142,21,0.0,20260913,16c15545a144476f9dafc71eaca66048ef85f509e9381059a001bcb9c47c9142,5.869495868682861,0383e9e5580dd59b07e7001b6992f87f7d45e0616f6af826af665b93d838de99,0383e9e5580dd59b07e7001b6992f87f7d45e0616f6af826af665b93d838de99,6cc039d0f42aa31e355effd47f4cd2732735facc9ff4c1996c265a0c6e487862,95b7aa506b38036fcca9610507a38c3ce75bc13d754225ff5c5cb9f798c495d7,95b7aa506b38036fcca9610507a38c3ce75bc13d754225ff5c5cb9f798c495d7,5.8538994789123535,0.015596389770507812,6.130290508270264,0.26079463958740234,6.130290508270264,0.26079463958740234
23688,gdb_24205,15,0.0,20260913,49bfe35b6c897c0b8cb1390d29497363b0e977529ede8ac10fcc83edfec8dd7a,6.141610145568848,9dd24d9e5a4d242292499a78ad86e41d6217f69030c621eb34a3978df2910127,9dd24d9e5a4d242292499a78ad86e41d6217f69030c621eb34a3978df2910127,edc9ea085a48380cdf571f5ee1beb59ccc274105a347169c3958024fa5ae4249,a726fae741a74feb36b70e11f7ba075e2a8338064bbc0bf68beb035470345a72,a726fae741a74feb36b70e11f7ba075e2a8338064bbc0bf68beb035470345a72,5.85422945022583,0.2873806953430176,6.314662456512451,0.17305231094360352,6.314662456512451,0.17305231094360352
124070,gdb_126431,19,0.0,20260913,da1dc2c85409eaa0e5152d4a84987d08d4be1f5e2c095c618898dbb2d6c055bf,6.919855117797852,b5d4ddb7cc7eac5bd70880d8589e691dc21fa52889b9a5868f9e471e9f030f2f,b5d4ddb7cc7eac5bd70880d8589e691dc21fa52889b9a5868f9e471e9f030f2f,e75b65f4a5e7e94ecbb26a65a4b04403f58bea5cdaca8b16b12abf4ac4e9fd54,44eca0b09549e9855366962a886c04753a413d3faad5c7f31284f33f655d1829,44eca0b09549e9855366962a886c04753a413d3faad5c7f31284f33f655d1829,6.729781627655029,0.19007349014282227,6.885769367218018,0.034085750579833984,6.885769367218018,0.034085750579833984
14192,gdb_14514,20,0.0,20260913,0767221d580d4ca3ad83ece4fd71fc56ac843a06f981f2cd6b24376d20139f1b,8.680432319641113,7d5b17d470d6d85073348c874ffdf295c0cd241dbe9a3b4e8900402d0b1aeae3,7d5b17d470d6d85073348c874ffdf295c0cd241dbe9a3b4e8900402d0b1aeae3,47693d275af80ecb372c1d7eaffdb29991404c2bd5196e74fff0730e9b29f5bd,e391b1642f220581aa9c493e53f60b8b55bdeb13f1480ebaf84e8ffb6ac522d7,e391b1642f220581aa9c493e53f60b8b55bdeb13f1480ebaf84e8ffb6ac522d7,8.420928001403809,0.2595043182373047,8.56396770477295,0.11646461486816406,8.56396770477295,0.11646461486816406
2543,gdb_2600,17,0.0,20260913,00fe21e16e89bfc595980d1876f905cc999875855c5721f5eaf3a52b71dee32a,6.337531566619873,7fee9353af9f65e92db4f97a79e63778f54de2185a1e98fd47b95cd1fcb19dd5,7fee9353af9f65e92db4f97a79e63778f54de2185a1e98fd47b95cd1fcb19dd5,7f05f34a72633b6d6fff6243006e5dab5898ca20e78a04ba3c0cadc7b00e2b27,0c231d0a52c004717778c407edcab5cb97aa66ae54664f7bb533d4c7ba02337c,0c231d0a52c004717778c407edcab5cb97aa66ae54664f7bb533d4c7ba02337c,6.018913745880127,0.3186178207397461,6.146936893463135,0.19059467315673828,6.146936893463135,0.19059467315673828
16630,gdb_16952,18,0.0,20260913,f2d6d73fd0af8dbee5edeaf9fb2c85476d476dc1af5ec3d38dcbdfdcbcb8beef,6.944345474243164,ed57b101ec084f215babf19bd0bed32eae2b028199fc6ce4738cac7aa9d1981c,ed57b101ec084f215babf19bd0bed32eae2b028199fc6ce4738cac7aa9d1981c,d73a79d1d6a7dc390d4c26dc1a5f66fc252b8088d60a0f73e1aa6fab1873eb98,dc3a9224841579077bbfe983533c1d7b9f0522b4bd1e7d9bd6894b999a58f732,dc3a9224841579077bbfe983533c1d7b9f0522b4bd1e7d9bd6894b999a58f732,6.476531028747559,0.46781444549560547,6.70449686050415,0.23984861373901367,6.70449686050415,0.23984861373901367
12923,gdb_13219,20,0.0,20260913,950cb676630f75102ab207455c8309ab2525f6d15e07512c39a137bee756103f,8.560701370239258,1c1da9a5693261e15b4ef923bc21e9d1004f635e10921a6d3a4da5ce81b9b501,1c1da9a5693261e15b4ef923bc21e9d1004f635e10921a6d3a4da5ce81b9b501,354e931a12deb630941c7958c905e1250c067b28d2fb712cc143f68604abecf7,75b8c3f0d84ab397528c754afa2ee75a5d102bbc58fce16f49b6ca76c6a78983,75b8c3f0d84ab397528c754afa2ee75a5d102bbc58fce16f49b6ca76c6a78983,8.630455017089844,0.06975364685058594,8.893492698669434,0.3327913284301758,8.893492698669434,0.3327913284301758
110294,gdb_112377,17,0.0,20260913,1ec7e79eff8f2088513c9aa0dee2120eefb6213659add669e9f356bbb3374da8,6.710327625274658,45347f0b3a3b496617e2848f66aeb4a5ed673640ca7100ab2c210affff3df617,45347f0b3a3b496617e2848f66aeb4a5ed673640ca7100ab2c210affff3df617,df004acae4cb11b717e2abcad7ed6103733fe3e34399efd675718c4060f1ab72,e0458f8d8156e4a74ccf22fb1c239b9b5b9f1f468e36e7e5cc80ad6caebf8b1e,e0458f8d8156e4a74ccf22fb1c239b9b5b9f1f468e36e7e5cc80ad6caebf8b1e,6.5151448249816895,0.19518280029296875,6.943182945251465,0.23285531997680664,6.943182945251465,0.23285531997680664
56537,gdb_58102,25,0.0,20260913,9fae4057e7ce559efe4db15fb863db3230fa7dfd3d93cfee3cfcfff6f676d113,8.5906343460083,a05983a58ad3c8c8c3a98abc32a88799bf218e429ca5b447fdf932ccc3298700,a05983a58ad3c8c8c3a98abc32a88799bf218e429ca5b447fdf932ccc3298700,ea381b14cbd60c5bc5698d6f8dd18704df5adc1a680c6a613457acffde9bb565,df3d183932e3e5cb12cd6860d6f10e3c6c735ebd9ae9fc7a2dce5cb23ae5c3fd,df3d183932e3e5cb12cd6860d6f10e3c6c735ebd9ae9fc7a2dce5cb23ae5c3fd,8.372767448425293,0.2178668975830078,8.71926212310791,0.12862777709960938,8.71926212310791,0.12862777709960938
12831,gdb_13127,17,0.0,20260913,a7199224a264e1292d8808e40027a6cc88a63a2978a19b07bd61ed1e882415b9,7.785177230834961,aaca52fd6c6634dcf2b55f0588f7d8ea755e800d7e84334faab576998ab89671,aaca52fd6c6634dcf2b55f0588f7d8ea755e800d7e84334faab576998ab89671,dad2aa1a554a0f31882c205530b4dc95024f29fd1f38fbc2170d99a2dc53fe37,71dd67f086561b8a3673ef614dd6ca471d176728aff6817694404bcefb0437d0,71dd67f086561b8a3673ef614dd6ca471d176728aff6817694404bcefb0437d0,7.632511615753174,0.1526656150817871,7.784262180328369,0.0009150505065917969,7.784262180328369,0.0009150505065917969
56296,gdb_57848,20,0.0,20260913,a059f4cd52436d11b1e5b1fed245e5107d70149710f8d8f736ffba791aa8f265,7.066796779632568,a89420483014517ee7bb4ed8ad1beb20f8139a5c67ab87ef130bed606caf6862,a89420483014517ee7bb4ed8ad1beb20f8139a5c67ab87ef130bed606caf6862,2373814550e75c904fe89574bcf20445ca7caf8ecf362a2a689e4018399d8425,cc780f39c0e4a335abc437957802c7e3af73ab1b2440fc97891eaa6c02b95d5f,cc780f39c0e4a335abc437957802c7e3af73ab1b2440fc97891eaa6c02b95d5f,7.222154140472412,0.15535736083984375,7.434287071228027,0.367490291595459,7.434287071228027,0.367490291595459
9094,gdb_9368,17,0.0,20260913,62fdf045cebcb7b11513836c199baa46988d2910e8b4250d76b6bed7e75fa6ee,7.529390335083008,bb9ce1c20ddc31c52aaa11490d9e0b2b126f950a9e1c766e74b9ea592e30dae8,bb9ce1c20ddc31c52aaa11490d9e0b2b126f950a9e1c766e74b9ea592e30dae8,b46e413d1e976cb173dd6a635c7d9ea72fbf04dd6273bc5842f711979db6120e,c2a277e1597701866d77f0d27fe96ebe068c024562729ff7adbd5b6786e7ebef,c2a277e1597701866d77f0d27fe96ebe068c024562729ff7adbd5b6786e7ebef,7.302831172943115,0.22655916213989258,7.574916362762451,0.04552602767944336,7.574916362762451,0.04552602767944336
73161,gdb_74851,19,0.0,20260913,b7cb80a5fb1ca1ca022104999dc159d92902c5b12c5566d7a97203cfb726308d,6.454540729522705,b31cfd03d4e805faa62ee1f9a78e93e2f0922177942fc9b47b0fa635986d31ba,b31cfd03d4e805faa62ee1f9a78e93e2f0922177942fc9b47b0fa635986d31ba,aa2f3799e2314088d7112ba202cb7a720b219e5cc6abd4ccc2ae3101ff940cb7,bc8ae01d17b22ca60fdc32ad4fdfbd17c86c68321c0badac9b1897676db71ed4,bc8ae01d17b22ca60fdc32ad4fdfbd17c86c68321c0badac9b1897676db71ed4,6.4092912673950195,0.04524946212768555,6.716726303100586,0.26218557357788086,6.716726303100586,0.26218557357788086
58032,gdb_59610,20,0.0,20260913,57a522a052f4fc99242cebaada505172297430185dfdd64550ac7d6ffc25e67e,8.353896141052246,5873b47d7217261614e954f085a915ff88e36e93ea59a932874f9695f6b9d3b0,5873b47d7217261614e954f085a915ff88e36e93ea59a932874f9695f6b9d3b0,690ec60e72af3641f709143a350eaa0f58bc60d1023a815ef0e087e65bbd02d2,a55d80d430f9ff822516e507b2a242f748a232c0e5104a7b118843b85b4451e7,a55d80d430f9ff822516e507b2a242f748a232c0e5104a7b118843b85b4451e7,8.252805709838867,0.1010904312133789,8.331022262573242,0.022873878479003906,8.331022262573242,0.022873878479003906
119495,gdb_121700,18,0.0,20260913,012e4f7c8eacd9895f13db84ecbf9f847d81d6fe8ed86c67f019f0d1faf00894,6.683116436004639,61041a21c01ccb3b7a878f5cae30630247b92f58fee18b76f4911262daa92b4d,61041a21c01ccb3b7a878f5cae30630247b92f58fee18b76f4911262daa92b4d,6ac602fab0fe2fab6ae1e258e1da750cf5b22f9cf1bf2adde38e76ce375e311d,ca4c00aba80d05357e972b1ce660e0b0276ef68b55dfb855950400a37927a687,ca4c00aba80d05357e972b1ce660e0b0276ef68b55dfb855950400a37927a687,6.744832515716553,0.06171607971191406,6.912806034088135,0.2296895980834961,6.912806034088135,0.2296895980834961
27016,gdb_27776,15,0.0,20260913,e890a2548d576b8b69b0bea36927fa61b5dcd44cbdf2f2597b0d020e994671b9,5.551122665405273,97b8433d8a32db9b1eb858d07e90328086705b5e8edf7d21149dabb7a7c4a6b7,97b8433d8a32db9b1eb858d07e90328086705b5e8edf7d21149dabb7a7c4a6b7,0ed49ee26f13d0ec0cc3710eab0d11f9b2ff036451c7c7cdd56e6c75b064c219,458b11c46e1245ec4ac2570e24989f09f595a5dd4c7880c89efab48613ed4f94,458b11c46e1245ec4ac2570e24989f09f595a5dd4c7880c89efab48613ed4f94,5.292240619659424,0.2588820457458496,5.27804708480835,0.27307558059692383,5.27804708480835,0.27307558059692383
23894,gdb_24411,14,0.0,20260913,2c6ad4b326e093f13befdce5247258a6949e5cad3312cd1c36b14bc2a5a8b744,5.251797676086426,196e94182039b209fc97020dd105eb6e49e1aeaded4eec382eada01c65511b8a,196e94182039b209fc97020dd105eb6e49e1aeaded4eec382eada01c65511b8a,80622ee88dc3c5fcd3ed732d6212326ae98a07953774c6edf26fed986f6ce708,c8920e6975e49d776b176782c16bed07b60fe33f7570e5411ee23f2b0f95f37b,c8920e6975e49d776b176782c16bed07b60fe33f7570e5411ee23f2b0f95f37b,5.557811260223389,0.3060135841369629,5.549683094024658,0.2978854179382324,5.549683094024658,0.2978854179382324
117754,gdb_119933,20,0.0,20260913,f4e7a3344ae5df9deba89f4945102c2652d8d1689334d2d44dd4a7636b661e84,7.825994968414307,8e6019a356f809edda1ac927f00d2f33caab9d8d3594aa6cb089fca494057d8d,8e6019a356f809edda1ac927f00d2f33caab9d8d3594aa6cb089fca494057d8d,8826fa1ff146b707bdac9e9a5b91c5a6d733040a2913431abd5593b8811ff575,95867c9b3cd4f0ef29ced8329416a02980ccdea688813ff3d642cf131d979f1c,95867c9b3cd4f0ef29ced8329416a02980ccdea688813ff3d642cf131d979f1c,7.707963943481445,0.11803102493286133,7.876010894775391,0.050015926361083984,7.876010894775391,0.050015926361083984
24968,gdb_25607,14,0.0,20260913,c3e7a32ec1ac1aa79e6a06b5f2eb7f385229b0217636d1763eae2490571b0e8e,5.303499221801758,7a5b1d15fa50d4b8b5e61cab4b39d267c826c20ccdac9801c9f1e7760e326be3,7a5b1d15fa50d4b8b5e61cab4b39d267c826c20ccdac9801c9f1e7760e326be3,d95fe847e3c71b7fcf39c0c40c6b3706887d39abf42a707959ddfb3c0e8c6428,2674e0dd81451f8fdda0ef0d35adc8f066a287c54a22f095fcb221cd97ced7f4,2674e0dd81451f8fdda0ef0d35adc8f066a287c54a22f095fcb221cd97ced7f4,5.447704792022705,0.14420557022094727,5.422619819641113,0.11912059783935547,5.422619819641113,0.11912059783935547
83557,gdb_85293,17,0.0,20260913,afc802c9378af80c81575464e6707b1916465a8d299e96627e2c2eb974a09d07,6.786519527435303,0842a13043eba476b302e2dc1033d261f3b731cd710a8bd1cfa3acc0abc16abd,0842a13043eba476b302e2dc1033d261f3b731cd710a8bd1cfa3acc0abc16abd,1843084b561793e585623f2bdbd371cd9f88f1fa6908cda5dd5ec3aed2c0ff0d,31c95e52e19af18cbb3123c793a370b563d9f1e8c1218c07d25138d4fb2af361,31c95e52e19af18cbb3123c793a370b563d9f1e8c1218c07d25138d4fb2af361,7.096522808074951,0.31000328063964844,7.249880790710449,0.4633612632751465,7.249880790710449,0.4633612632751465
118278,gdb_120459,21,0.0,20260913,d29a391d59c340878ab62ea408acd345137395835115bf32af565a176959397a,6.000110626220703,bccf0cdb5f554e14412c3bf1cf6365053d0a5b7e0f7123f5c48d8bb826da2f84,bccf0cdb5f554e14412c3bf1cf6365053d0a5b7e0f7123f5c48d8bb826da2f84,6cc039d0f42aa31e355effd47f4cd2732735facc9ff4c1996c265a0c6e487862,4896cd5667d614a92db84f17dadf9d5a89a314523c4c3a27a71d9bf0e22b3a62,4896cd5667d614a92db84f17dadf9d5a89a314523c4c3a27a71d9bf0e22b3a62,5.90170955657959,0.09840106964111328,6.108432769775391,0.1083221435546875,6.108432769775391,0.1083221435546875
58437,gdb_60029,18,0.0,20260913,6fbfe6393c08c41fc5a011b71e073beca98cb4a25f634916aec6b6d0046a540f,6.030043125152588,1f4e7413de913927337db05d498f87fb69bb34f97be180978b45019907fdb7af,1f4e7413de913927337db05d498f87fb69bb34f97be180978b45019907fdb7af,2cf2bc69b7f97644f41ff0907ca1d4aed53b485d86213f5680c929bb3e54c2f2,ee66dbf792ffe945d3503b0fb8b6fa0b7c97af4a3093405507f90176509c8210,ee66dbf792ffe945d3503b0fb8b6fa0b7c97af4a3093405507f90176509c8210,5.865217685699463,0.164825439453125,6.065063953399658,0.03502082824707031,6.065063953399658,0.03502082824707031
34774,gdb_35816,17,0.0,20260913,7a7ab0ed7f9a7ab4d5cdf1195a77324ee597703142939ad3ac8e9d1028fc7b01,7.703543663024902,9d1f6816333c202de0aea666c8eca25b0a4ea569012e543e42ac04c68997cf80,9d1f6816333c202de0aea666c8eca25b0a4ea569012e543e42ac04c68997cf80,9e506224a33e35bf5192a9f91a63270261d7ff7b827c501783528c5a1ab4cb5d,fe01448c0e1ec294fc1515494f09530a3a8e9b1f6618a403a974c641063f18a0,fe01448c0e1ec294fc1515494f09530a3a8e9b1f6618a403a974c641063f18a0,7.381616115570068,0.321927547454834,7.2713236808776855,0.4322199821472168,7.2713236808776855,0.4322199821472168
110247,gdb_112328,17,0.0,20260913,9638755aa329dac6ed55316b8559ac5ea48b6129e422675ad2d5d72ee229330f,7.031421661376953,ba6253f6b47b30d03281aa22fb126bd8f57adaaaafb54de3e0e188b9731ebd5f,ba6253f6b47b30d03281aa22fb126bd8f57adaaaafb54de3e0e188b9731ebd5f,cfa02d5487c2e6a411748050186c079d11e664790984e07b2a4d15c492dc5007,28b3e3b9cdcd21a61672b83575dd9b9ad78181f12713eb5c6133e4237dd31690,28b3e3b9cdcd21a61672b83575dd9b9ad78181f12713eb5c6133e4237dd31690,7.471296310424805,0.43987464904785156,7.374415397644043,0.34299373626708984,7.374415397644043,0.34299373626708984
96215,gdb_98109,17,0.0,20260913,3d8bf73914ddbc52880921d04b6e11e45543d198ca68f9db8c890cbc890dcf6d,4.236812591552734,fc7f9de1f7ce0d05135357235ec9d85f878a557dcbd169bb3c1f1989241bc7ad,fc7f9de1f7ce0d05135357235ec9d85f878a557dcbd169bb3c1f1989241bc7ad,fc30a4069f1d9d71ade599248b78f8a18481c37f7adbd6f207c3751cc96837c5,f02ccbb31f65224d6a8dc9947adf01905f2f1df7c06aee27b2e86153d8875764,f02ccbb31f65224d6a8dc9947adf01905f2f1df7c06aee27b2e86153d8875764,4.3106303215026855,0.07381772994995117,4.608657360076904,0.3718447685241699,4.608657360076904,0.3718447685241699
66436,gdb_68117,17,0.0,20260913,d77d12f9c90430676a7eff3f6a906955a3e316528517569d0d87ea759d18ae32,5.681737422943115,b76615063a9ba9a20424b56de711a825c31b80f49446d8478ca8f5983682db90,b76615063a9ba9a20424b56de711a825c31b80f49446d8478ca8f5983682db90,9f02c41db85759d4ee70e74ba84a0917554a7643c64c4ab69b82b3397e3b95a7,ac44ec7bb7ce24f877de9dc71971e6c794821a368e23f18dd18a05e23c0c87b4,ac44ec7bb7ce24f877de9dc71971e6c794821a368e23f18dd18a05e23c0c87b4,5.57358980178833,0.10814762115478516,5.669720649719238,0.012016773223876953,5.669720649719238,0.012016773223876953
47353,gdb_48495,15,0.0,20260913,9185ddbb61506b05b592cf0c430064d660351184aab7c3e820b605bedf5f11f6,5.102134704589844,c42b15e7ffbd421a4de9a2634e6919811bc2f693359195ea82ce9dd4151583d5,c42b15e7ffbd421a4de9a2634e6919811bc2f693359195ea82ce9dd4151583d5,73c983dcb6e910eccdd0e3e48390e4a0dc2fd102fdb4cc1c22f23f6657346937,8a173fa3461a18a97e504b6284ed5dd3ba2c7ffcb06056b6afee13662f8e1792,8a173fa3461a18a97e504b6284ed5dd3ba2c7ffcb06056b6afee13662f8e1792,4.841707229614258,0.26042747497558594,5.211350917816162,0.10921621322631836,5.211350917816162,0.10921621322631836
106375,gdb_108440,17,0.0,20260913,84d783b4c9f7ab7e1327c446797a9a163f22860ff53921295a08343920c014a4,6.7974042892456055,281ff75deb75bb1c74bfe5cfd42a85e146ff0b77f0643816753f4b1c775278af,281ff75deb75bb1c74bfe5cfd42a85e146ff0b77f0643816753f4b1c775278af,c396a4cc5748dcaf9bacc0694491561171c125daaf71d2712cb6741a5422e915,73cd5d2b7e072a3f10d0a3dd17235cd5c668d25eae4ded69d68cb594d444bea8,73cd5d2b7e072a3f10d0a3dd17235cd5c668d25eae4ded69d68cb594d444bea8,6.813719749450684,0.016315460205078125,6.996958255767822,0.1995539665222168,6.996958255767822,0.1995539665222168
73484,gdb_75175,17,0.0,20260913,3b08a093f9a9753b3ea97e78a3f94dadc14cdbc898638e1bc754ff626a250f17,7.45591926574707,b7aa131cfd37a4406ea1c8138b1e66d1abb8562dda1237001a59946da1bf3b49,b7aa131cfd37a4406ea1c8138b1e66d1abb8562dda1237001a59946da1bf3b49,9609001f335a26e2b50dddad479a6192b9373217ddcfb9fdd72e8509b4652a15,7de53b8b33d8483d20ddf0475dd6a090d7b85b6750f1aef0b9b5c0e5fb59124a,7de53b8b33d8483d20ddf0475dd6a090d7b85b6750f1aef0b9b5c0e5fb59124a,7.361907482147217,0.09401178359985352,7.462174892425537,0.006255626678466797,7.462174892425537,0.006255626678466797
82213,gdb_83945,25,0.0,20260913,f4c175c9287f1ec9eaa3a9db368b36e03dd025df130594bc7b0d7fe149f66548,9.387928009033203,d85271dac4c15de32a7963dc8976d2c13e5541c52b5604c6d8b8fabd2ee88de6,d85271dac4c15de32a7963dc8976d2c13e5541c52b5604c6d8b8fabd2ee88de6,49e0306d53aaf90887e87a6083dc6b665e6a7f357fecc2ee0e2a30e6bd635d17,980585fec70a0b4cac5c31f1a35f895de8c5748b600365b6c88090fb0b0f9d74,980585fec70a0b4cac5c31f1a35f895de8c5748b600365b6c88090fb0b0f9d74,9.545859336853027,0.15793132781982422,9.528987884521484,0.14105987548828125,9.528987884521484,0.14105987548828125
85899,gdb_87674,21,0.0,20260913,264859bc537d59bdba5c5e42cd9e7ade146361328e5b3c2a90b94ff397e5bb66,7.997426509857178,15bdecf3e314eb5403ac7b533f6271750eaf5d8548ab561b6fc4d2535784d4ef,15bdecf3e314eb5403ac7b533f6271750eaf5d8548ab561b6fc4d2535784d4ef,617a8fc6847ba8de65b5d05fb7a8ce8c3785bafaf2a255a5f9ea231bf8c0c5c9,4baa296ef6ca8940ee9f4be795d950202d21c62a3ee4d2a5a7394c75926a360d,4baa296ef6ca8940ee9f4be795d950202d21c62a3ee4d2a5a7394c75926a360d,8.032069206237793,0.034642696380615234,8.471882820129395,0.4744563102722168,8.471882820129395,0.4744563102722168
81158,gdb_82886,20,0.0,20260913,8a87582aaa49a304e29ff123f660780ac239756b281b8bb412af58b813163bbb,8.555259704589844,be128be13483466b1480b071d28425bca86be680b04afad9bb8888038fe8e8ab,be128be13483466b1480b071d28425bca86be680b04afad9bb8888038fe8e8ab,6c5b4127c171caf5ca1dbc244ec2f5909dc561736070dd8aa93732883cd2b1e4,3b7134c93850730f5acabb785d6590a6392afbd1d162ff36747fb3762cb65612,3b7134c93850730f5acabb785d6590a6392afbd1d162ff36747fb3762cb65612,8.369791984558105,0.18546772003173828,8.184496879577637,0.37076282501220703,8.184496879577637,0.37076282501220703
33805,gdb_34847,15,0.0,20260913,96d1e97da4fa6f22f48f845269afecdd553f5c544d8f30601b497105b864ed64,6.998768329620361,65ac47409594016aaeca9568514c438e8202f4cae77626a7951a2bd1b64f3429,65ac47409594016aaeca9568514c438e8202f4cae77626a7951a2bd1b64f3429,5781e585ea924de96f19ada08be3e334827432f59b23c53b0d4ec9bf3293f81a,206c25aa38ce5396217c1926b82f9cc6f7736ceaa4db3e752dfae6461801755b,206c25aa38ce5396217c1926b82f9cc6f7736ceaa4db3e752dfae6461801755b,7.219344615936279,0.22057628631591797,7.251375675201416,0.2526073455810547,7.251375675201416,0.2526073455810547
92106,gdb_93922,23,0.0,20260913,e41318c1d7f028cac85d414769e7bb12e7fa3b4c7564aee7374347c870adc5f1,6.353858470916748,77f9e2e0610b4d10da94b13b2b7692fd9106742fe5d994ca457f2d3828facfae,77f9e2e0610b4d10da94b13b2b7692fd9106742fe5d994ca457f2d3828facfae,c41a3dd756f9cede49fd66219a93fd5a1eb8848273937c9845dad334e45ae604,e85fed05620b9a2e57d5995c66a0218af5b18c03c8da30e70eb1bd6aceb4361d,e85fed05620b9a2e57d5995c66a0218af5b18c03c8da30e70eb1bd6aceb4361d,6.283769607543945,0.07008886337280273,6.3201069831848145,0.033751487731933594,6.3201069831848145,0.033751487731933594
68661,gdb_70344,21,0.0,20260913,2f947a9d3810366fd0a95a1b1746196129ac01be5deeed3704522d545ede9110,8.615124702453613,3467023c9be8fa93b2f67cc3aea23a654b64cdff45cad857b2d6db50f498bc0a,3467023c9be8fa93b2f67cc3aea23a654b64cdff45cad857b2d6db50f498bc0a,cf8c2cb4f98809a7e03f9710f66fc4fc64216ec1293a8a5b93e25a33ad0f6949,395db3b9569dbb9b9b1d87b646348ad4e840914dcc65777a30eaff8e23f54f63,395db3b9569dbb9b9b1d87b646348ad4e840914dcc65777a30eaff8e23f54f63,8.402029037475586,0.21309566497802734,8.525891304016113,0.0892333984375,8.525891304016113,0.0892333984375
105062,gdb_107126,21,0.0,20260913,899511a800c2a1dc814cb13f26a4686c309c79a128e4a71c0069bac44460c404,7.771572113037109,14ec60487135be2ffdeb97015ca976eb0425ae5d10742561a8a973753966cd1f,14ec60487135be2ffdeb97015ca976eb0425ae5d10742561a8a973753966cd1f,b5d2c8830a96f36aaeff6561d1af4909a06e18cfc569a4d022760519b824b941,13cb18ebee0e88e53d018248838a9880f486d0faf1decb06b37263d3e572c614,13cb18ebee0e88e53d018248838a9880f486d0faf1decb06b37263d3e572c614,8.20325756072998,0.4316854476928711,8.461286544799805,0.6897144317626953,8.461286544799805,0.6897144317626953
90114,gdb_91923,20,0.0,20260913,bd007411845cd345cf967e46400df62f6cc2b44482085d21ef03c48bae9a88fc,7.733476161956787,3f4348eeadaeab53276e78c9959540f51161a0d96b6e095f8b43d6fed05f9e81,3f4348eeadaeab53276e78c9959540f51161a0d96b6e095f8b43d6fed05f9e81,720f8eef6f3d3dc1cfeef0d6be0e3e2373d47b65d4c0e6eff460202c71079086,2d72bd04db10a95c4ac9691f0ecc8e608f9d53daf11d293598779f0f827cca08,2d72bd04db10a95c4ac9691f0ecc8e608f9d53daf11d293598779f0f827cca08,7.923093795776367,0.18961763381958008,7.962693691253662,0.229217529296875,7.962693691253662,0.229217529296875
37113,gdb_38195,17,0.0,20260913,b3b8646824e28aca2d80ce89e37053eb984e2af71847096064e66778ef243d7e,8.057291030883789,b0553caba3106eecc16443727296f95dbece90771398b9a6753216ffcfa6a86e,b0553caba3106eecc16443727296f95dbece90771398b9a6753216ffcfa6a86e,9f02c41db85759d4ee70e74ba84a0917554a7643c64c4ab69b82b3397e3b95a7,887823769e3f3da94d42f3c3be6aa96a5241232603b05519f15a3385e61f5cd7,887823769e3f3da94d42f3c3be6aa96a5241232603b05519f15a3385e61f5cd7,7.652323246002197,0.4049677848815918,8.039051055908203,0.018239974975585938,8.039051055908203,0.018239974975585938
55265,gdb_56799,19,0.0,20260913,01d7ccd62f849770645d2b3fd4690ce4e5e8a14e52f7f902675584b47ebe8ee9,6.811009407043457,8e291e5aa58cfc779ef784a3e526f505d39a0b39ec59b44cb1fa291f814c0daa,8e291e5aa58cfc779ef784a3e526f505d39a0b39ec59b44cb1fa291f814c0daa,cccbc153b5b1af09149bca01e9acfaebae5e8511f2c2c6db218b3f6dcb2bf363,5bce6a7d6b33b19c5de2d84463902e472949ba70d91523897f5786484a775261,5bce6a7d6b33b19c5de2d84463902e472949ba70d91523897f5786484a775261,6.769530773162842,0.041478633880615234,6.8757710456848145,0.06476163864135742,6.8757710456848145,0.06476163864135742
47564,gdb_48706,16,0.0,20260913,3b625633bc0b88cae925496f9cadeba127d17a98d89bcbef4ac12b4983bd16eb,5.749765872955322,041fc6a1efcd1c208446c334db001493eaec11a0d2afff4c9c967fbcd5ebb25b,041fc6a1efcd1c208446c334db001493eaec11a0d2afff4c9c967fbcd5ebb25b,b9f341009049df9da54c5697638ea9bfa9fa6ba79f4ee3cfe6d3ee0653005cb4,c89024ddc2f23eab57d6bb5746a4acf37132cdf9de90127622f5322f13b8f12b,c89024ddc2f23eab57d6bb5746a4acf37132cdf9de90127622f5322f13b8f12b,5.666612148284912,0.08315372467041016,5.836313247680664,0.0865473747253418,5.836313247680664,0.0865473747253418
120252,gdb_122471,20,0.0,20260913,e3b9f6c5b4dc3af79bbfa2857c1c430231cfcf4aa6d742fd25a236ee91c1be73,7.695379734039307,07bfc07a3fd40533d653e160ceeb0850c4ecb7b6cb46830775cdc9c8792ca2d0,07bfc07a3fd40533d653e160ceeb0850c4ecb7b6cb46830775cdc9c8792ca2d0,16d65cf673366eaa5de7f4f932636aae6ec175fc7b61544fadca2d12b9010109,a088dc830f8433b03b7e549a55d9ac78aa8b75f79a72af7f000fae53cdc41d69,a088dc830f8433b03b7e549a55d9ac78aa8b75f79a72af7f000fae53cdc41d69,7.651085376739502,0.04429435729980469,7.613365173339844,0.08201456069946289,7.613365173339844,0.08201456069946289
75440,gdb_77150,16,0.0,20260913,f802ea221bbc32776a87cfb15eb6b13bf3e64754c25e71bd557d042e29c7b934,6.721211910247803,dc80218a388a0f2c5b601fa0d163c02a0a64557a5fe247edd00c1fd4c3fd1000,dc80218a388a0f2c5b601fa0d163c02a0a64557a5fe247edd00c1fd4c3fd1000,d13a5950c507c33f5ab9125281699f97dad5dc38b4523652834e681ac5888ab6,03a8f87b364b3b072e60c75db03bcfe1da95cfb9b09ab43b35626c5529d9ffc0,03a8f87b364b3b072e60c75db03bcfe1da95cfb9b09ab43b35626c5529d9ffc0,6.655982971191406,0.06522893905639648,6.793925762176514,0.07271385192871094,6.793925762176514,0.07271385192871094
58383,gdb_59974,22,0.0,20260913,31c649937661ed328c97d01d620ca955c77850d66ef306b177e6ac0927ee08f2,7.2491135597229,e94ff8e49b2ac95a2edfb065869472cff212ae5db49779af02624e4dcf9e3664,e94ff8e49b2ac95a2edfb065869472cff212ae5db49779af02624e4dcf9e3664,d98bc48283ed811883c8ad7a6690970151e734101b0af90808843fc8c0fc4140,3cc503c161e2e7bf6c6a5faabef5951ebc6391ca4fe250cb6ab0edf53081ebaa,3cc503c161e2e7bf6c6a5faabef5951ebc6391ca4fe250cb6ab0edf53081ebaa,7.1876068115234375,0.06150674819946289,7.3892316818237305,0.14011812210083008,7.3892316818237305,0.14011812210083008
106216,gdb_108280,19,0.0,20260913,736b0c1082f4414a047119f26fb30100d64dace280a96ba06288df2f95bfeab5,6.895365238189697,5f5fced872877dae60e2f446aa2971948bca6fb222974360b3515ec0dcd0a535,5f5fced872877dae60e2f446aa2971948bca6fb222974360b3515ec0dcd0a535,c0d964984a3d14adac0f96fe8c90836d5bd2dad3305d3726a67f20d4f8327de9,76d8b28dbf8042895295a90eb62a1a206b755147485e51ca0ef5b373cd353f55,76d8b28dbf8042895295a90eb62a1a206b755147485e51ca0ef5b373cd353f55,7.195188045501709,0.2998228073120117,7.1782708168029785,0.28290557861328125,7.1782708168029785,0.28290557861328125
129725,gdb_132635,14,0.0,20260913,f5af54da9e09fb0907507fa8377b3d65767095af693c6f196a3b39af7da76d13,5.091249942779541,7ccaab35f0663588b80107d6ff150383147446166a0a5808bc09325152d05c28,7ccaab35f0663588b80107d6ff150383147446166a0a5808bc09325152d05c28,9cc0b48b6b1bc62640e9fbf70be291e69e9f59c8b204c614536826ea9199d41b,f735c39b01a28f6e781a9458a589a310a0924c61cc162a1a975a68baafd0609f,f735c39b01a28f6e781a9458a589a310a0924c61cc162a1a975a68baafd0609f,5.60399055480957,0.5127406120300293,5.424137115478516,0.3328871726989746,5.424137115478516,0.3328871726989746
81223,gdb_82951,18,0.0,20260913,452f5fa8030c1c5aabc8220b7fc52220e587a3deb1b1c5451b1cbe4bb79494a5,7.602860927581787,3dece918d1e8ffcf6e7c9dc0b73f4551b14b1f5e11e9b7b9fc62f8421487d3a2,3dece918d1e8ffcf6e7c9dc0b73f4551b14b1f5e11e9b7b9fc62f8421487d3a2,f4d256fb84eea08331fea3e8f533c035a3da4b91b05248cd12df7049ec03c04b,0520072b862da9452119939dfeea87ab80674ce7b8a58d9e105139e43a052dbf,0520072b862da9452119939dfeea87ab80674ce7b8a58d9e105139e43a052dbf,7.527675628662109,0.07518529891967773,7.56234884262085,0.0405120849609375,7.56234884262085,0.0405120849609375
31003,gdb_31968,19,0.0,20260913,fff0f1cd9e18cb503665d8416ce8d0b3844cc0b271bdf9c686f16048f3953ee1,5.953851222991943,022cb9e66eac5891a6d1ce40d121447cf849e6ae6d5dddd138b470f88db9787f,022cb9e66eac5891a6d1ce40d121447cf849e6ae6d5dddd138b470f88db9787f,eba38ce1357400f7927acd68afa51189b19778ca8bb6eca0233078643e1d1600,0a9198a2b7d6c9044f9b79b70cd77e78a2170c4ccb4c89c112434c7f57ac9e96,0a9198a2b7d6c9044f9b79b70cd77e78a2170c4ccb4c89c112434c7f57ac9e96,6.291731834411621,0.33788061141967773,6.264098167419434,0.31024694442749023,6.264098167419434,0.31024694442749023
123590,gdb_125930,16,0.0,20260913,3d046f96847c56ea7432261d5fb93b265df0906c8291a9104b0208e2c08a5ad9,6.473588943481445,445ee2a9064494a7c1c004a737ab983a32377957ebc89487606253f687ca1e26,445ee2a9064494a7c1c004a737ab983a32377957ebc89487606253f687ca1e26,b15e7219f22ec00aa3f7aa485706c4c55416e371244faae40c8288a0d9b1ea11,0ceb032c73c868616eaf61675fc487ce33a90937887a242faac096f8b1cd8c51,0ceb032c73c868616eaf61675fc487ce33a90937887a242faac096f8b1cd8c51,6.3853888511657715,0.08820009231567383,6.2915520668029785,0.1820368766784668,6.2915520668029785,0.1820368766784668
39598,gdb_40704,19,0.0,20260913,73db22821d6a35b744c44b3eaeebbb80d25e2d95e35fa4ca87cf8fe2ea4efcda,9.183842658996582,9be10a944d75488de391f01329ddb943ed7e8c50f6ddcec0782c8d404e656cd2,9be10a944d75488de391f01329ddb943ed7e8c50f6ddcec0782c8d404e656cd2,2218cee346a47ffb62a7eaefbd043f54560c6762761db99fd3da2f0cee1a1a0f,76891b314e692e8a853595834803fdbdbcead913183aabe2b4b5149b1411fd53,76891b314e692e8a853595834803fdbdbcead913183aabe2b4b5149b1411fd53,9.117562294006348,0.06628036499023438,9.086709976196289,0.09713268280029297,9.086709976196289,0.09713268280029297
78932,gdb_80652,21,0.0,20260913,5fc0294a6337d50831c39b6109206b1cc7987c3c35bacc2ff67d870100a0256c,6.47086763381958,c6398f94e44f0b994d28b7f3c862a74c8bc7cdac3ec36e469a7937952f9669ee,c6398f94e44f0b994d28b7f3c862a74c8bc7cdac3ec36e469a7937952f9669ee,216eb368e5cfc9bca5b99f4c2c06188f1f36b45b0663f49314ee7c35a6c5753c,051c183de92452d9badd4904fd0dff3741194442243a16daef3362e872a4a053,051c183de92452d9badd4904fd0dff3741194442243a16daef3362e872a4a053,6.6030097007751465,0.1321420669555664,6.768308162689209,0.2974405288696289,6.768308162689209,0.2974405288696289
126182,gdb_128703,13,0.0,20260913,5bdb82f384d83e8a9b778b7b3f596fc89b0b2cc4d1c88a3e19272eeddcfe5ca7,5.6191511154174805,16020230bd16ae606ba16e2fc10377c366f909683fd6b2ade58c956f8f2980a4,16020230bd16ae606ba16e2fc10377c366f909683fd6b2ade58c956f8f2980a4,6f7d6958df818b2222079f52229d9c1a5add64a2325eabd2a7c14348f22aa072,ebac396ae7bfb0944ed9fee441a425b54ffa712b0ade34a87abdaac569ee68d4,ebac396ae7bfb0944ed9fee441a425b54ffa712b0ade34a87abdaac569ee68d4,5.644056797027588,0.024905681610107422,5.5340094566345215,0.08514165878295898,5.5340094566345215,0.08514165878295898
92032,gdb_93847,27,0.0,20260913,f6df8d33396986d52a53de9a417d7b968e2099f84f10d88b8a6dbf61c4dea96f,9.692695617675781,ebb696eb076d29fc3667cb31ccc63db27b740449145cf03328b91d26952e9208,ebb696eb076d29fc3667cb31ccc63db27b740449145cf03328b91d26952e9208,433c1787024674e7278e748d48ae558ff7c05bcb087bd7c3a35deeb057a97343,bfa365222507756648983de90274d0225895594a414e036ea5544b509695b35b,bfa365222507756648983de90274d0225895594a414e036ea5544b509695b35b,9.553354263305664,0.1393413543701172,9.656981468200684,0.035714149475097656,9.656981468200684,0.035714149475097656
34241,gdb_35283,18,0.0,20260913,7b05c3b8301596deb49b54b1deb8782db2428afcbf56d04ea31bac7274bcacc8,7.855927467346191,2e728fb9dd22813aa4e39847295ef33be118addd2ed8b901e4773199dccab267,2e728fb9dd22813aa4e39847295ef33be118addd2ed8b901e4773199dccab267,e290b101278c17ad246090bf8c8fbcb2054296165bb4a63b3ce1a33def3c4463,1cdecd78403114da3b85774076bf22c8829a5db28f3a6a05dced357431daa0e2,1cdecd78403114da3b85774076bf22c8829a5db28f3a6a05dced357431daa0e2,7.756368160247803,0.09955930709838867,7.874739170074463,0.018811702728271484,7.874739170074463,0.018811702728271484
127947,gdb_130728,11,0.0,20260913,2b055e4281fae57314b5fc6ed3da4a1ac1002ea87622a720693321bc92429318,4.1524577140808105,12377e7c4c4494197e48ab77b2dde637044fee5248fcae355fc4e5cbf31afeea,12377e7c4c4494197e48ab77b2dde637044fee5248fcae355fc4e5cbf31afeea,7962cb5bbcd97214231595ebe03bad58cf05810679cecf74045475f0fd287b76,6b3e2e64ffcf0c8c4b84f568f9949175ff58ce3b410a7bc079252ea653bf9767,6b3e2e64ffcf0c8c4b84f568f9949175ff58ce3b410a7bc079252ea653bf9767,4.339804172515869,0.1873464584350586,4.37570858001709,0.2232508659362793,4.37570858001709,0.2232508659362793
24383,gdb_24943,15,0.0,20260913,829ac8e47f5087d4f395c8e89d20674023feaa6dbeec9685a630a2b8a287444a,5.360642910003662,8f9ccf3758480b74a6b989bf73f570b4bdd5a9e3f2f4237342dbe6f216ecbf95,8f9ccf3758480b74a6b989bf73f570b4bdd5a9e3f2f4237342dbe6f216ecbf95,8ce06ab284db861353d0ce087936309d31053acba6f05d11149be0c22291d62c,28e714f76238ef27068d78358c740a29d191aee9c1b509666bf5705e5e365f6d,28e714f76238ef27068d78358c740a29d191aee9c1b509666bf5705e5e365f6d,5.444272994995117,0.08363008499145508,5.865530014038086,0.5048871040344238,5.865530014038086,0.5048871040344238
75393,gdb_77102,17,0.0,20260913,f1ab6c291566f4f72d3d5ea65a1f208784f0998ab648873fb6aaa35cc1765b22,7.575649738311768,0b3a9b64ab559e5741734e1ebeec8be9de8ad328e5dd5926c22ab0565463e111,0b3a9b64ab559e5741734e1ebeec8be9de8ad328e5dd5926c22ab0565463e111,3e05d7cdb9c8f41a5fa305cabad614635216501852b7b05ed150b52feee2fffa,8b1ac299e80fc202579d5d5db7e8e78ea0d59c1910c0ed3ccd5192f66d9696cd,8b1ac299e80fc202579d5d5db7e8e78ea0d59c1910c0ed3ccd5192f66d9696cd,7.782484531402588,0.2068347930908203,7.730906009674072,0.1552562713623047,7.730906009674072,0.1552562713623047
112658,gdb_114763,21,0.0,20260913,196e8c7726c5014e4fb552c895a0be1d192bbe17a700aaa4ee3c034f9a74efaa,6.819173336029053,5335aa096fa043e55303d25618357549df21ecfbc7dbeff5a10f3612bce69ebb,5335aa096fa043e55303d25618357549df21ecfbc7dbeff5a10f3612bce69ebb,683f9f81642b3f55b4e7ca278476d8330a55686ea5a5d8cb219c024800cf7159,9c3bbbb7762f469daed3e91502aa8f048d1efe67a2412528b21ace6d7bcede9a,9c3bbbb7762f469daed3e91502aa8f048d1efe67a2412528b21ace6d7bcede9a,6.8531718254089355,0.03399848937988281,6.943081378936768,0.12390804290771484,6.943081378936768,0.12390804290771484
29101,gdb_29937,16,0.0,20260913,13d72fb9214bff0a5427ca69a1843438419ea0a1b9591747fca85026b8c17b77,4.51708984375,61b04d4a25879f81d962da37de14511f68c956492a6ad0917065b3347c0f62ad,61b04d4a25879f81d962da37de14511f68c956492a6ad0917065b3347c0f62ad,8e562ed22164fddeeed4029c25b22c91985eb2ef867fe14aafb8abc435b53956,7642dfb471b43cea30c226cfad8ad4989a2d310ae20c898ebfe983a3e6c05272,7642dfb471b43cea30c226cfad8ad4989a2d310ae20c898ebfe983a3e6c05272,4.486551761627197,0.030538082122802734,4.459124565124512,0.05796527862548828,4.459124565124512,0.05796527862548828
29577,gdb_30436,16,0.0,20260913,dc353ffc018ed3488773a6b55db3a02a0634514645f2e9f7682b4c76d9347955,4.122525215148926,b2d23903d40106376be1be9a4a7169c36eb55f2b8b40f3dd1972b832bba7e112,b2d23903d40106376be1be9a4a7169c36eb55f2b8b40f3dd1972b832bba7e112,405bcd2a61b6c9cd32147d95e8bc364d60592864c46e04b943e17b08c07c7b54,733176b93a32123f37a0881460b13b407d6bacc4b7f08928906b2e9867bbd78e,733176b93a32123f37a0881460b13b407d6bacc4b7f08928906b2e9867bbd78e,4.1914496421813965,0.0689244270324707,4.521491527557373,0.39896631240844727,4.521491527557373,0.39896631240844727
53778,gdb_55149,19,0.0,20260913,acd35af2c354c943031a6e2c3449cc82e3fcf6bb639afbfbb310789f17b39e4d,5.815073013305664,caaa1c76c8beae06bf54467aa80d40bd49954496e83505cdb2fe2dbcbd2e9dae,caaa1c76c8beae06bf54467aa80d40bd49954496e83505cdb2fe2dbcbd2e9dae,60f72c06cff9f09d62517bde2f7d49a6a3ab4e67f4185ee97ac8dcaabb8fc044,2b1b24ad05acb764e5f1c9c68a47dd82163f5e48c5c80a84bf10c915e06cfdf3,2b1b24ad05acb764e5f1c9c68a47dd82163f5e48c5c80a84bf10c915e06cfdf3,5.792848587036133,0.02222442626953125,6.005847930908203,0.19077491760253906,6.005847930908203,0.19077491760253906
14993,gdb_15315,15,0.0,20260913,43abb8015fdf0f02d810f2e2b58902455388896875cd12d00377de398db95c83,6.095350742340088,14bf741dab8d343abdcb8f969f180a43ecbd4ddd7b30f669fa4de2d7bfff2b97,14bf741dab8d343abdcb8f969f180a43ecbd4ddd7b30f669fa4de2d7bfff2b97,47341066b8c490dcccb6ba622dc4b7cf9b9fa874fd96255d052e2b8f8801d0e9,9f1b3c77633936130201a19c61f95e0feb937d4b0b47d45360e4f1230624a8cb,9f1b3c77633936130201a19c61f95e0feb937d4b0b47d45360e4f1230624a8cb,5.884791374206543,0.21055936813354492,6.0803093910217285,0.015041351318359375,6.0803093910217285,0.015041351318359375
55493,gdb_57027,16,0.0,20260913,d070d832b4aabc933e7c25eec14befd933d87688c2f3272327d6444240d9c766,6.098071575164795,e29f72d247780f62e189b7279fed3e2b38ab8768e6388c2085d2f79fd92ea3e6,e29f72d247780f62e189b7279fed3e2b38ab8768e6388c2085d2f79fd92ea3e6,64b1019933fcf174d8c31ce8f3d9a7825d0d36bcb8aa69f2d83b249d892190b3,cc7421ac84156f5a0aa717f013e2e40c119f0eb79d67de816c8b562114b38794,cc7421ac84156f5a0aa717f013e2e40c119f0eb79d67de816c8b562114b38794,5.988795757293701,0.10927581787109375,5.974417209625244,0.12365436553955078,5.974417209625244,0.12365436553955078
82782,gdb_84515,17,0.0,20260913,174e57f2866376c17b30b6339b951c80a4416fd8c9e6ad99bd067c7cc7a705c0,5.962014675140381,55f74dafd094c3678e3417ee8d91aa07b710eb396b4a8d93602751bfab595bcf,55f74dafd094c3678e3417ee8d91aa07b710eb396b4a8d93602751bfab595bcf,431b41ef7f29fa4cd32c087f106383035d98f9b824bd5bbf963bd73ddfd40630,8659c44368055619f0dfea288debbab4a02f4050fbccbcfa4159376551ebd3e3,8659c44368055619f0dfea288debbab4a02f4050fbccbcfa4159376551ebd3e3,6.204211711883545,0.24219703674316406,6.372666835784912,0.41065216064453125,6.372666835784912,0.41065216064453125
36654,gdb_37709,16,0.0,20260913,879fe576710d115b8455bf1ad5a873e14f646ebe50c01c37b2ee9b876f85f308,8.122598648071289,d87e2259a2059874d0d3784d37e2eb6fd40798d1018544194fb748935f00303e,d87e2259a2059874d0d3784d37e2eb6fd40798d1018544194fb748935f00303e,fcaa697d409e01c6bf73ca5007cc34830e99cd388ef0fca1a04c04f9442c2107,d702af207fc16358f7206b29e6cd4763e3d0ccb3f4cda7c58b6e4d2b213b75b7,d702af207fc16358f7206b29e6cd4763e3d0ccb3f4cda7c58b6e4d2b213b75b7,8.037968635559082,0.08463001251220703,8.178565979003906,0.05596733093261719,8.178565979003906,0.05596733093261719
35195,gdb_36237,19,0.0,20260913,583eecdf7a1c15d832a2ce61255d6c592b64a28637e7005626630cdf925a613b,8.239607810974121,8130fa3fe2017fc85cb162474fc49e830453bf5a942e28631e1877fabf254068,8130fa3fe2017fc85cb162474fc49e830453bf5a942e28631e1877fabf254068,216cc306651b9deccf621e488476b9125ae1e34291e2fc833f3a85caf786f34a,8623a680962e97dde1367bf75233e44d0bef57f11e2106dbd9f01aa2bb568e9c,8623a680962e97dde1367bf75233e44d0bef57f11e2106dbd9f01aa2bb568e9c,8.147366523742676,0.09224128723144531,8.455586433410645,0.21597862243652344,8.455586433410645,0.21597862243652344
39795,gdb_40901,19,0.0,20260913,77798dad85ae65364369fde81b22ded364598bc276f87f59f7f9dc9435b8cbef,8.348453521728516,964c96892d4f4a1379fa0e7645e7ecbb3eda7e95816b0f88fc67e27ce7524e1d,964c96892d4f4a1379fa0e7645e7ecbb3eda7e95816b0f88fc67e27ce7524e1d,c05567f9b1be00eb1cdb9f105a243a75c91c66a173071d22d9351260c73fee04,b3dafaddf56103cdde7c0fc0c68b9bbdc25e750479fd99fc58fcb10f4c838605,b3dafaddf56103cdde7c0fc0c68b9bbdc25e750479fd99fc58fcb10f4c838605,8.453246116638184,0.10479259490966797,8.616681098937988,0.26822757720947266,8.616681098937988,0.26822757720947266
102190,gdb_104227,19,0.0,20260913,ea78fd0bf739f2e1f5852e318f03b99242711aa399af58807285e735651cbe50,8.334847450256348,4a6c8f1f15a5a8dba1d977587b52ddd8d19d94177084be9c01289d84a28a1d0d,4a6c8f1f15a5a8dba1d977587b52ddd8d19d94177084be9c01289d84a28a1d0d,dbfd8a92e17177e9115b63d136c16243dc8d26e7425b1db7b4ac7a4694f5c05b,98bf45807c18b49284e16a602e9523f99ec0cccb928eb490f1c5b2a2a294770e,98bf45807c18b49284e16a602e9523f99ec0cccb928eb490f1c5b2a2a294770e,8.239867210388184,0.09498023986816406,8.44991397857666,0.1150665283203125,8.44991397857666,0.1150665283203125
97558,gdb_99473,19,0.0,20260913,9f0a308f27f7183335ca3dfe5284546f6466e9f676d938d79a7bc63f1677e926,6.1252827644348145,0e5ff31fda3a9a72ff883410b6ecebac6f875b36821e3a2cf85e914a5465eaf8,0e5ff31fda3a9a72ff883410b6ecebac6f875b36821e3a2cf85e914a5465eaf8,d27b31d60f5dd2d4a9ff94ee133e11c1289ad59c1c9510ceb9424e583e5ce36f,9b2943f571702fdff9c69c2d041e414c0fe2f6f5636f8e89f9306446a150f477,9b2943f571702fdff9c69c2d041e414c0fe2f6f5636f8e89f9306446a150f477,6.0411834716796875,0.08409929275512695,6.3306684494018555,0.20538568496704102,6.3306684494018555,0.20538568496704102
83539,gdb_85275,21,0.0,20260913,72cedf3933319a727e7e8f4f98c291acd9ba4fd6ee22bea7419fc21e00f6ff7a,6.1443305015563965,4566ce6b0b2b7917e9f122248b30eaff0d38a0e18b648e666020f36e1dba7fcf,4566ce6b0b2b7917e9f122248b30eaff0d38a0e18b648e666020f36e1dba7fcf,cf8c2cb4f98809a7e03f9710f66fc4fc64216ec1293a8a5b93e25a33ad0f6949,776d248fcfe097a7b208b7cab77c531307e024f1b7ce2e4d1ba2b05c8b0fe3f5,776d248fcfe097a7b208b7cab77c531307e024f1b7ce2e4d1ba2b05c8b0fe3f5,5.964742183685303,0.17958831787109375,6.111965656280518,0.032364845275878906,6.111965656280518,0.032364845275878906
84657,gdb_86407,21,0.0,20260913,34e26773c989f49e032ee8c0853ba471055f59a854a2f0b9de71492f55624808,8.734854698181152,d6110e9148bef382668e6bd436075ab55a314ff5b680843b8ee7c48553820f65,d6110e9148bef382668e6bd436075ab55a314ff5b680843b8ee7c48553820f65,36e59826d54e95bf8132314ab52d570498fdc87dbfcd6fa21c4d85b0851d5bc3,22bd8c4d807c259dd3e7e048930e90425bcf220840d02a58c0e9f288385270f9,22bd8c4d807c259dd3e7e048930e90425bcf220840d02a58c0e9f288385270f9,8.73083209991455,0.0040225982666015625,8.946382522583008,0.21152782440185547,8.946382522583008,0.21152782440185547
3707,gdb_3767,11,0.0,20260913,30ee621a8e3438fe74ab4682fa6a5d193d5dc655925f0c25579a8356b049ea9e,6.400117874145508,fe49f5686ce362ec66bbdeb608b52d13e5f7cacaf8ca2da1376f9c128d911150,fe49f5686ce362ec66bbdeb608b52d13e5f7cacaf8ca2da1376f9c128d911150,d5880a611243acf63da21bb89db8ea96bd7bc517351e91e4f35cbd83f9b27ff3,fbbcb1e45be75224113eab24a5f4c46684fdb9ddbf4fe82e1f5676c6ed15f51b,fbbcb1e45be75224113eab24a5f4c46684fdb9ddbf4fe82e1f5676c6ed15f51b,6.419357776641846,0.01923990249633789,6.507930278778076,0.10781240463256836,6.507930278778076,0.10781240463256836
123585,gdb_125925,17,0.0,20260913,788ac6eec82c5e0449efffb51f3eaf00ec811bcb4a637bb579e3dc640f0d8f88,6.098071575164795,2d687e7711f512dcd949b67f23be99c6404e5ab627e828f3e303864588d32460,2d687e7711f512dcd949b67f23be99c6404e5ab627e828f3e303864588d32460,902a07e7159692c1796eca5c5d665defad43db00f5acb9089c9adfd6334266e2,1e73a1ce717e0baa6b447700622fc2a2c392ef6744b102ba67729ec758c9bfa5,1e73a1ce717e0baa6b447700622fc2a2c392ef6744b102ba67729ec758c9bfa5,5.842184066772461,0.255887508392334,6.279349327087402,0.18127775192260742,6.279349327087402,0.18127775192260742
100119,gdb_102132,19,0.0,20260913,902fb595ca2ff062e53a5c9e04e2e606276a73d6d6f1885c3f3bec45e7ff1338,7.532111644744873,82b2dd49b8cfcdc692b6ad67fe8aff5073275b96a803d04c518d69be3338fde2,82b2dd49b8cfcdc692b6ad67fe8aff5073275b96a803d04c518d69be3338fde2,0e5695eb2566b486431cf17c8bd4ab7b492e3c495d5648eb820d0c832696f98c,a03f4c55a30bc4571447db09333e8f9194d9c8ac8507ef8b19882bb89a3f4285,a03f4c55a30bc4571447db09333e8f9194d9c8ac8507ef8b19882bb89a3f4285,7.791707992553711,0.2595963478088379,7.878556251525879,0.34644460678100586,7.878556251525879,0.34644460678100586
95531,gdb_97410,19,0.0,20260913,23b3308711028f8a41089aed8ccd3e7d15bf0cbc8afbe2cfc3dc51c5c8032128,7.194690704345703,8fe98cbd77fa138c3e6d1515798c72c3231354de393e6dd085ba76adf545c6e6,8fe98cbd77fa138c3e6d1515798c72c3231354de393e6dd085ba76adf545c6e6,e756a0a9b0cb0e873f3adca677f592cad9e0f5fa62300d1a7fd459b0ab93240d,08833183cbdb54ceb02274629aff8e67624aa07d6f230992e96e5803cd5cdf1c,08833183cbdb54ceb02274629aff8e67624aa07d6f230992e96e5803cd5cdf1c,7.306369304656982,0.1116786003112793,7.31596040725708,0.12126970291137695,7.31596040725708,0.12126970291137695
84507,gdb_86252,19,0.0,20260913,46843be158f813024edab838f515ca9039cf330eb911a111ce525fb1e4eefbea,5.132067680358887,f7d9bdc57d0915fadbd13200949cbf782c0d751dfa4c73d4bd238fb170e7534e,f7d9bdc57d0915fadbd13200949cbf782c0d751dfa4c73d4bd238fb170e7534e,0b59a76c066875d6707a4b0b84afa778aea5e26e6a15ad02173a2f243bcdc0e5,c1d7b295614ec288df6323c1ae8ff0a14d19d9e6c159074f44dbef05ecc6c2a4,c1d7b295614ec288df6323c1ae8ff0a14d19d9e6c159074f44dbef05ecc6c2a4,5.121016979217529,0.011050701141357422,5.191781044006348,0.05971336364746094,5.191781044006348,0.05971336364746094
130128,gdb_133091,16,0.0,20260913,c63dd95362bb1f7aa2a9125456f362e7f49200f22652c22ac308ec959af5e80e,6.2422919273376465,7e9347ee3b12f2b2db17d0960e390b14286dbf3c817bd686676fa4c7f3ec4c13,7e9347ee3b12f2b2db17d0960e390b14286dbf3c817bd686676fa4c7f3ec4c13,57d7e95567fabb866eee0d2024a99aa9ec6f88a706f829ba4fd218fcddb6e4f5,40d09ea56a7f2cc37e2e94d434fd5ab551b3f11212ead55358cdae1d4e2638fa,40d09ea56a7f2cc37e2e94d434fd5ab551b3f11212ead55358cdae1d4e2638fa,6.1809000968933105,0.06139183044433594,6.115128040313721,0.12716388702392578,6.115128040313721,0.12716388702392578
76070,gdb_77783,14,0.0,20260913,d314efeefeece1c7df15aedc30e1c7e926f748168537603fda8a60af75e4ddbc,7.036864280700684,6d14d37a2b8c587492d773a21c502b130941ed4ac7084e9d64e94719471dfd7a,6d14d37a2b8c587492d773a21c502b130941ed4ac7084e9d64e94719471dfd7a,da1df219e204a68b71700698da862a597f48efd8e2ede50b6b3049a390e63708,776fec820bf5fcc53cda8606ae3e67ee85004554bd73345792b09c5c8a6b1bf0,776fec820bf5fcc53cda8606ae3e67ee85004554bd73345792b09c5c8a6b1bf0,6.741785526275635,0.29507875442504883,6.829590797424316,0.2072734832763672,6.829590797424316,0.2072734832763672
69734,gdb_71418,17,0.0,20260913,eb11a39aae147cc0755cac0f62a61ff6032ab557b57efb8404ac9f95740de968,7.5566020011901855,29214c4416484b8fc35379559430c77588594363396e861ccae21a7dd452806b,29214c4416484b8fc35379559430c77588594363396e861ccae21a7dd452806b,9dd3d1ca3f5035b11cd9e0a989773610b3e3270026a55dfa472a0efacfa3736a,d9405b2372e71ea1787bb1720f01c16d73138c44cdf9b536886c4aafea081cc2,d9405b2372e71ea1787bb1720f01c16d73138c44cdf9b536886c4aafea081cc2,7.327765941619873,0.2288360595703125,7.188371181488037,0.36823081970214844,7.188371181488037,0.36823081970214844
125938,gdb_128437,14,0.0,20260913,64271d2d908b083389fb97272dd54be4ab555ea2375c57d5606a39746b9febdc,6.141610145568848,50c386b9a00e962fbf587e69b7fb05b79166d3845f9ce7a09634110a4fceedf6,50c386b9a00e962fbf587e69b7fb05b79166d3845f9ce7a09634110a4fceedf6,2c9ac0403132eed5f8d6b91c008436a68a4e2eec787591a4b77d631198a229c8,c44d25d036094776e3c74554aa04d9f09c563c000da7bc6381f326f063e4d9b1,c44d25d036094776e3c74554aa04d9f09c563c000da7bc6381f326f063e4d9b1,5.760181427001953,0.38142871856689453,5.53917121887207,0.6024389266967773,5.53917121887207,0.6024389266967773
57391,gdb_58964,21,0.0,20260913,aaac462205ebfafb4e0a9722c271c91470cab516c5b4f03298d31d3123a1f220,8.223280906677246,d25e5dffadf5988cdd642ce21ad7100f93a78db2eec032530433a484ee660eee,d25e5dffadf5988cdd642ce21ad7100f93a78db2eec032530433a484ee660eee,aee5ab58cef7ccb27a2ba4bba040170db994a4d0c7a43ff173158c8faf2df53f,69ba3b53bb9f2c3156b02cdebd9e2605c01774086f40b2dfc39e74bbc372b05c,69ba3b53bb9f2c3156b02cdebd9e2605c01774086f40b2dfc39e74bbc372b05c,8.107279777526855,0.11600112915039062,8.427387237548828,0.20410633087158203,8.427387237548828,0.20410633087158203
90099,gdb_91908,22,0.0,20260913,8bb852d94e89087e61a64d551df73effe55a87c34d0a56d4b7fd6a96f59f9e20,7.774292945861816,063ebdfc3deb58c39518284c96153d5335f7e94123aa06f75163f3f363284d8c,063ebdfc3deb58c39518284c96153d5335f7e94123aa06f75163f3f363284d8c,57b4aeab50109cc14cf9777f6d318f1b0c6eff22db5a6eafde8fa5c0cbe21979,82f24c0ef4d6d2b56bb0393c9142ed5fd5257af24a8c7650e5154ca2cfb2e277,82f24c0ef4d6d2b56bb0393c9142ed5fd5257af24a8c7650e5154ca2cfb2e277,8.10522174835205,0.3309288024902344,8.060166358947754,0.2858734130859375,8.060166358947754,0.2858734130859375
21225,gdb_21648,13,0.0,20260913,f76ee4ba6bef736f9ecea25d7830cb8a89b6e7f17624241f4ac4d8de059588c9,4.242255210876465,36ac0f3d24b617af4e5ce9cfb5243be32e1233bbf3d6dc497cf4a0d8cd4b1204,36ac0f3d24b617af4e5ce9cfb5243be32e1233bbf3d6dc497cf4a0d8cd4b1204,adbd856dee5252d6c9f93e1a7b6eb3fca37b6be72b189aca2862b12f300b9865,309c11df022a62217d80beef4adaad161fe03b7d3c6314a3f32db3a042b71e98,309c11df022a62217d80beef4adaad161fe03b7d3c6314a3f32db3a042b71e98,4.379146575927734,0.13689136505126953,4.746547222137451,0.5042920112609863,4.746547222137451,0.5042920112609863
57257,gdb_58830,20,0.0,20260913,b1fbe25d79d2e3415f3b2484edce30a26b6e50653302e30ad425e70cfdd7d30f,7.575649738311768,8642501ade898b66e726b0f8efdf6f5888667ff461a898bec33bedb5779a2d3c,8642501ade898b66e726b0f8efdf6f5888667ff461a898bec33bedb5779a2d3c,d10fc23911aa2dd080187777f4861557a42edb29811415661f5ae85670f10e86,e332a562666243cccfbd12f6ec9af0ccf90e19427ae65fbc4ecc1766e286cb0c,e332a562666243cccfbd12f6ec9af0ccf90e19427ae65fbc4ecc1766e286cb0c,8.07635498046875,0.5007052421569824,7.940389156341553,0.36473941802978516,7.940389156341553,0.36473941802978516
48132,gdb_49274,16,0.0,20260913,7d6b38dde0e3d69db20ee98c9b82816535987d96b96f72300d8a4578e32f87a0,4.922539710998535,cfe87a4e8274db9391ce2c75869652f4c9942ac80c3a7d56b6fff8c4876befb6,cfe87a4e8274db9391ce2c75869652f4c9942ac80c3a7d56b6fff8c4876befb6,59cee06a86805b464952600a8ff62bf667217fdaea9ddd165b3cce558f1a63e7,068daabd730a6effdbaccca1e98c895e65de76b894f1c687325235716f1a6032,068daabd730a6effdbaccca1e98c895e65de76b894f1c687325235716f1a6032,4.844908237457275,0.07763147354125977,5.003901481628418,0.08136177062988281,5.003901481628418,0.08136177062988281
49095,gdb_50260,19,0.0,20260913,efeceda7c711644933cfe00a8073d79ce13ef4e3cdfb95f55cfc4a9bf1e0c468,5.934803009033203,0bfe2a0e62caa69a85b14952175005ab9f0cd32f26527cec13b600df73cc7d49,0bfe2a0e62caa69a85b14952175005ab9f0cd32f26527cec13b600df73cc7d49,1cfaaefc2753c7dbf1709273f42f7711be477342f43f02a96b6f0917ad04fd4e,ad43ad13cec70cbaedf4f99514b1aa1c41ead2a46524bfc9d01bd8c37921f381,ad43ad13cec70cbaedf4f99514b1aa1c41ead2a46524bfc9d01bd8c37921f381,6.001479625701904,0.06667661666870117,6.068134307861328,0.133331298828125,6.068134307861328,0.133331298828125
58751,gdb_60344,25,0.0,20260913,0ee874db045033d94d03e2222eff528f015d3c49eb9d2a5a7c3ea83df1fb058d,8.870911598205566,24d4d72f70a2ad50ae4d3aa58a0798ad792b81fdc54cbe6ab35fdfb6f4f50e75,24d4d72f70a2ad50ae4d3aa58a0798ad792b81fdc54cbe6ab35fdfb6f4f50e75,3c795b0df174b9a631dc450bb08d83a618576e365908088da1a2d48697deaf5a,f9674e4894ff37b09763adc6db8e6ada9d9426c40ddb8bdd3a65f89546859400,f9674e4894ff37b09763adc6db8e6ada9d9426c40ddb8bdd3a65f89546859400,8.755577087402344,0.11533451080322266,8.83210563659668,0.03880596160888672,8.83210563659668,0.03880596160888672
99951,gdb_101962,16,0.0,20260913,9ee275851c17368dcda3932a74dfaf0f9f3e298b69976174a66b57fdad6821ae,5.69806432723999,5ba9e216b2fafb8688f271e3b9aed063375f3518b2a4a7eff82fe9446240a661,5ba9e216b2fafb8688f271e3b9aed063375f3518b2a4a7eff82fe9446240a661,7787644d19c71167f077a352dec985c8e8d441375d4ef77971c53837607c33e9,15438c736eaa95c17a80197a10d9632a009037b8ad7aea77fc9096380f955adc,15438c736eaa95c17a80197a10d9632a009037b8ad7aea77fc9096380f955adc,5.343234062194824,0.354830265045166,5.636444568634033,0.06161975860595703,5.636444568634033,0.06161975860595703
12193,gdb_12488,16,0.0,20260913,d98d66ef4c2028e3e25670f189f86515b4819c28787356b3ea06353e2826d8de,7.254555702209473,abcb2113ca049b566b9463632c8ce60a07e179d4fbfb95e0a696bad572f1fe1b,abcb2113ca049b566b9463632c8ce60a07e179d4fbfb95e0a696bad572f1fe1b,44e67b5c39d5ae0613f8bf0994af431497f264bcc726a5fb060abb63f4c6fa53,8135a22ee7386a7ba6fb4d19a2e3c0123b34ce0521d93d75d00bbcb5026f6384,8135a22ee7386a7ba6fb4d19a2e3c0123b34ce0521d93d75d00bbcb5026f6384,7.095330715179443,0.1592249870300293,7.397308826446533,0.14275312423706055,7.397308826446533,0.14275312423706055
41699,gdb_42829,18,0.0,20260913,008ab1909ce549fc40f7ac58f18f12670347b675644b8f800f6c895a0ce1ea40,5.382411956787109,3c79f81bcc976d2f4f87f87828ee5a2862d0317a6bcfbe77d99ce12235091837,3c79f81bcc976d2f4f87f87828ee5a2862d0317a6bcfbe77d99ce12235091837,1dc98fd47246985fd04ad576149f3aecb5e0d60815cefd28cb3e801b9a118c2a,4b14b9dbacb3803848bf15c0bdd2d7aa7348aa1b78979d48ac5e363d161d9f34,4b14b9dbacb3803848bf15c0bdd2d7aa7348aa1b78979d48ac5e363d161d9f34,5.480076313018799,0.09766435623168945,5.6375908851623535,0.25517892837524414,5.6375908851623535,0.25517892837524414
77653,gdb_79366,19,0.0,20260913,6f7b9f1e97d7d29f821a7b510ea4b85cc63726aa1ec3165226d3f4b09cdeec4b,7.953887462615967,b80d70321d3ae224b7ea5f51b153d5ff103137d499eb90f26cd7c67cc50c2308,b80d70321d3ae224b7ea5f51b153d5ff103137d499eb90f26cd7c67cc50c2308,216cc306651b9deccf621e488476b9125ae1e34291e2fc833f3a85caf786f34a,9daab7b0577d6f1649e6ccbed10a79c7b84073d11483f9ec52d7677da1113490,9daab7b0577d6f1649e6ccbed10a79c7b84073d11483f9ec52d7677da1113490,7.631526947021484,0.3223605155944824,7.721681118011475,0.2322063446044922,7.721681118011475,0.2322063446044922
75223,gdb_76931,17,0.0,20260913,8be6f482f2dc7dbcb585bf348a06e09a31e49296b4e90eab04fdcdc7b3efcb49,5.809630870819092,154f172e0511d923baf0e5e65f4baa50aa833477efbeb019b12c00c9ea19c7ac,154f172e0511d923baf0e5e65f4baa50aa833477efbeb019b12c00c9ea19c7ac,b671e0aa0f7b895dee66dff29c650be6da4c1cafc04d1e75e291f7e076579ddd,732d65f7a1b7857d26de46c71bf4464316de9e37135b9c89a4e811c97f94ed8e,732d65f7a1b7857d26de46c71bf4464316de9e37135b9c89a4e811c97f94ed8e,5.85338020324707,0.043749332427978516,6.091434955596924,0.28180408477783203,6.091434955596924,0.28180408477783203
116166,gdb_118318,19,0.0,20260913,c7956f94cf4fbe79a584b3aaa70660e6c678a3b96bb66356254618f1912627a2,6.119840621948242,2e62dfb835612358942a9c699c5283e333cefafcb7b4a6fe569e097d7e3f8970,2e62dfb835612358942a9c699c5283e333cefafcb7b4a6fe569e097d7e3f8970,e6f93e082fdd3980aad740a414adc38d483fe3da99b21f994be512380b036a2a,7eb90a654f16294f55247810c25711814b96abc975f3bbacf278a5ac68e0edb9,7eb90a654f16294f55247810c25711814b96abc975f3bbacf278a5ac68e0edb9,6.167559623718262,0.04771900177001953,6.400127410888672,0.2802867889404297,6.400127410888672,0.2802867889404297
46761,gdb_47900,19,0.0,20260913,6d76fc0c78a5ed045b5ae1e2eecd5437aa63ca9e92d6a769a5975db3c043e33e,5.578333854675293,2e5aed665b5871f0c4a52c1cf6e9bf92eba94773b02d979a985ea9c8e0ad7f69,2e5aed665b5871f0c4a52c1cf6e9bf92eba94773b02d979a985ea9c8e0ad7f69,060bbd2fb0c666489229c7e700c7344a8c3862ff3152c911c7908c57412bfe4e,edc0d1c5395e5ccbb9485afe1f2b9a64f93323c2120761796b61d9e844ce4383,edc0d1c5395e5ccbb9485afe1f2b9a64f93323c2120761796b61d9e844ce4383,5.577396869659424,0.0009369850158691406,5.731639385223389,0.1533055305480957,5.731639385223389,0.1533055305480957
13261,gdb_13566,16,0.0,20260913,46eb4b7e8c91ed056b8fbef97b964b3608d35f8788671791847faa955fd45983,6.234128475189209,73f4ccb203f88df38797a775582e84ff48de7045b70543490cf972e6a5c54399,73f4ccb203f88df38797a775582e84ff48de7045b70543490cf972e6a5c54399,73add768fe7944c18bab6fc21d78faaaa3a7ced4ce5e4d12e63dce8d61a72409,5588d1f3a61b21217b705596057d6ec7d705e496ca9303c587caf0e4a3e33430,5588d1f3a61b21217b705596057d6ec7d705e496ca9303c587caf0e4a3e33430,6.029480457305908,0.20464801788330078,6.2922868728637695,0.05815839767456055,6.2922868728637695,0.05815839767456055
91786,gdb_93601,19,0.0,20260913,f682368987c7394ad62471e36fc25e8090aa1943eaf43ed33b291457ee0e244a,5.60010290145874,398a1c65a0cc4f208a41476e1cc9358273c832377a68e96b00575cba7c60cb73,398a1c65a0cc4f208a41476e1cc9358273c832377a68e96b00575cba7c60cb73,fa359ec266e59027b97b80e948dc6bf6b1c18af46e6efebc0548f22c1c6aa0b5,86467c11f7fe13353527a0497080fd7c1b8966b766f7d38c2d9106683378f9a2,86467c11f7fe13353527a0497080fd7c1b8966b766f7d38c2d9106683378f9a2,5.902866840362549,0.3027639389038086,5.730545520782471,0.13044261932373047,5.730545520782471,0.13044261932373047
55612,gdb_57147,16,0.0,20260913,54c407f6bf78dd8e6df6cdd485bf6b815d839359026ba4fdb69a6fe39e2967e5,4.990568161010742,59095620350c009be9bd5a8fa7ad8ed6dea2420add2ed29f18bd77084a3e9869,59095620350c009be9bd5a8fa7ad8ed6dea2420add2ed29f18bd77084a3e9869,4c31270802db2220da7c1045e82257c9f0f71d43691d534a945da5fe753fd0b2,7f860470b54cef72f082234287767ce9ca483b4d493c76a5245bbdde90d97be2,7f860470b54cef72f082234287767ce9ca483b4d493c76a5245bbdde90d97be2,5.270431995391846,0.2798638343811035,5.4451518058776855,0.45458364486694336,5.4451518058776855,0.45458364486694336
57403,gdb_58977,19,0.0,20260913,11c2755e6b43da1935d17d9799b2eccc1d41146bd454e7278b677693453b89fc,5.235470294952393,7a7a081c7f2fabc5591517dd33f5274c6428caa5704dd213c9f70b10923ac73a,7a7a081c7f2fabc5591517dd33f5274c6428caa5704dd213c9f70b10923ac73a,c9c470758fbfd5378c5d5165d23cdbb7e500c37f9e6076da4111f85e975a9509,f84d97d7a883a7ad67437db0a4e595ee170f961062199749924c670a0e2e4191,f84d97d7a883a7ad67437db0a4e595ee170f961062199749924c670a0e2e4191,5.345381259918213,0.10991096496582031,5.278598308563232,0.043128013610839844,5.278598308563232,0.043128013610839844
112581,gdb_114686,23,0.0,20260913,a8846da69885c9ece0e5510dcf9b5608491af84a0e7a2a78c6b9d524edeb3be8,8.993363380432129,4a272ba56e985d38966a95cf970dc3febdd0bac674c6c34bc01783a49bdf8f77,4a272ba56e985d38966a95cf970dc3febdd0bac674c6c34bc01783a49bdf8f77,62bbf7a6af4dbde74ccf7d0c3920d59652a171143e5859b70a627a8c2db17a15,0780014448d32fe01483db9c30d30d058302af0cfeeed88353b62f609c2d1328,0780014448d32fe01483db9c30d30d058302af0cfeeed88353b62f609c2d1328,8.97662353515625,0.016739845275878906,8.952000617980957,0.041362762451171875,8.952000617980957,0.041362762451171875
4947,gdb_5092,14,0.0,20260913,a25160c533c3811278aaa08757e3521d3eabdc23b2116b54512c3db24bdd5083,5.798746109008789,918e5f53a101a61165168a8a02125d0c2ed4c5b7d26a6e2ab3a3af8569c5ec48,918e5f53a101a61165168a8a02125d0c2ed4c5b7d26a6e2ab3a3af8569c5ec48,019c7c89e4416881ce42c3aca47f50d3a37662899427a0110cbec6c6943d06f0,e21a24ad5000cf97ea48b20bb365e79359356d3ee4031c72e782aad757972d0e,e21a24ad5000cf97ea48b20bb365e79359356d3ee4031c72e782aad757972d0e,6.354705810546875,0.5559597015380859,6.161672115325928,0.36292600631713867,6.161672115325928,0.36292600631713867
5549,gdb_5711,14,0.0,20260913,095175aab13d72a04cbeb25a568ddea755118a58a7858bdf143d619fb52b13ce,6.280387878417969,2815ab13e67e8866a7c606416783462cef0c0feea45a99934ba38b625b029087,2815ab13e67e8866a7c606416783462cef0c0feea45a99934ba38b625b029087,daf298da8bdf1192d4c0f3b6cc6c01e3309534aa1eb7fda06cc0fee6a4b9fbc2,a04eeba34e3ef4973e0eb54c9350998b11237369a59c9ec2b2b0933f946ec22b,a04eeba34e3ef4973e0eb54c9350998b11237369a59c9ec2b2b0933f946ec22b,6.114678859710693,0.1657090187072754,6.2137770652771,0.06661081314086914,6.2137770652771,0.06661081314086914
14388,gdb_14710,15,0.0,20260913,47bf01ba491caa6a66153b0c9ab0acc559269f8e649f95370716fde9cc5b5ca1,6.48447322845459,165402ae43eea4c1e674281ccbaaa94671d11a47cc9bce20845db6c3d9c05b76,165402ae43eea4c1e674281ccbaaa94671d11a47cc9bce20845db6c3d9c05b76,d74a16075c6eade750ab7c85c8ef812c4c15c287ce10ae3e32084ad349743757,2e8c6164b7f1db1d3c8784a79d258d6b2e1a9b639c6c385319734a16e3c92e32,2e8c6164b7f1db1d3c8784a79d258d6b2e1a9b639c6c385319734a16e3c92e32,6.356817722320557,0.1276555061340332,6.537657260894775,0.05318403244018555,6.537657260894775,0.05318403244018555
15655,gdb_15977,15,0.0,20260913,1028c6602c52221b12d1332d4c05c0608422b9532221a674f8599db83c7dca62,5.640920639038086,7e049bff948640bf7fe3544d4e36b1176723e025a6f4c55910138d1610517943,7e049bff948640bf7fe3544d4e36b1176723e025a6f4c55910138d1610517943,71a1d33507373fe85751a6e9391a0561c0b001e056582b16c249cddc5963a089,1f84493135316362d4ca1b2cde892a6df03d9f7d6458c208252d5546a3f7e99e,1f84493135316362d4ca1b2cde892a6df03d9f7d6458c208252d5546a3f7e99e,5.647360324859619,0.006439685821533203,5.818328380584717,0.17740774154663086,5.818328380584717,0.17740774154663086
27442,gdb_28218,17,0.0,20260913,cf7c747985374c6c0fbb6c1e52101182f0fb266a22fb7df93016645b1facbd3d,6.351137638092041,3d2f32527eded6f089438f485cb0f28e753bf79c12747e7e5e5d1b80d52e0874,3d2f32527eded6f089438f485cb0f28e753bf79c12747e7e5e5d1b80d52e0874,4e04b4e8ed6b6d8b691141797902febd4fbb3e322553b35b82dda74afabf0223,89c8f155db8e74fe2d897dbcbfa747cfb2d2b03338b86762eb906a7368b93ee7,89c8f155db8e74fe2d897dbcbfa747cfb2d2b03338b86762eb906a7368b93ee7,6.261355876922607,0.0897817611694336,6.444174766540527,0.09303712844848633,6.444174766540527,0.09303712844848633
66105,gdb_67786,16,0.0,20260913,00241b82cf0a1d66a718e42c6e5922a9ebb5c49f8084f1cbac515743471d3a0f,6.070860385894775,867b0eb3d3bae4286d064d94c4f1908068b4659287433dc790d344271674466f,867b0eb3d3bae4286d064d94c4f1908068b4659287433dc790d344271674466f,17bb69a550d9e4052d996134cf539c4f9b43c707fcb9f6c0f64fff934b04cb8c,86345efc9b89bfdfdc711927369144cd57c97f9720bc039435759ca0ff415cf6,86345efc9b89bfdfdc711927369144cd57c97f9720bc039435759ca0ff415cf6,5.888128757476807,0.18273162841796875,6.220113754272461,0.14925336837768555,6.220113754272461,0.14925336837768555
80577,gdb_82305,22,0.0,20260913,27ddac940cf81989eed8103d4c35bebbd712dd6f3b22468ffab5106838b399bf,8.519885063171387,9ab2d95e6cad2d866808afb4212b481ace41c0722a88dcb920c4d932aeb15818,9ab2d95e6cad2d866808afb4212b481ace41c0722a88dcb920c4d932aeb15818,066ec6c22f3d2134b73d261dc08be1b6007ee505665f5df63cd73e73f0cdb456,4d19fcb593e565321b2babde24070ad4ae0dd7b376c57cd1a86d1e6622e0551d,4d19fcb593e565321b2babde24070ad4ae0dd7b376c57cd1a86d1e6622e0551d,8.43757152557373,0.08231353759765625,8.342534065246582,0.1773509979248047,8.342534065246582,0.1773509979248047
64816,gdb_66482,19,0.0,20260913,019067ef1b85fcf6d7d0001c02387add1b831d9a014b4331e9fe292d11d591a2,8.138925552368164,cf30c0976e57463d5f2d54f7a7bc3abd71d514d54f388030bfe0b551deb89179,cf30c0976e57463d5f2d54f7a7bc3abd71d514d54f388030bfe0b551deb89179,0e5695eb2566b486431cf17c8bd4ab7b492e3c495d5648eb820d0c832696f98c,e755ffc7ec82e6d5d95955da0c2fb353bea869c198bf0b972fdd2eccd17e6549,e755ffc7ec82e6d5d95955da0c2fb353bea869c198bf0b972fdd2eccd17e6549,8.423087120056152,0.2841615676879883,8.529173851013184,0.39024829864501953,8.529173851013184,0.39024829864501953
35105,gdb_36147,18,0.0,20260913,826d3c6c2c18e74378493ee52ca91dc5ff818c4358b793236623842af453360d,7.4749674797058105,904e0d831556d39534b0e88f518499e4952c135deca68cc8f5cbca93cd33a430,904e0d831556d39534b0e88f518499e4952c135deca68cc8f5cbca93cd33a430,0ee908554656becaa6ab30fa85e9efcfbc24daf629ef55ee1568e062edd12fe7,3ced1e4a66dc3a97420a1b0835df1ba1413c161162c04f1632caf230e1c63130,3ced1e4a66dc3a97420a1b0835df1ba1413c161162c04f1632caf230e1c63130,7.7147216796875,0.23975419998168945,7.933593273162842,0.45862579345703125,7.933593273162842,0.45862579345703125
110535,gdb_112620,23,0.0,20260913,9bfc4b2d9d50172716670b0a20b19758ad49e368689dd66adb966caf9c41f1df,8.626008987426758,3ed63f4b91336e39cdc325a0cbd72834ab3a08e396a5dda9a8ad6879c2f4377a,3ed63f4b91336e39cdc325a0cbd72834ab3a08e396a5dda9a8ad6879c2f4377a,f6d691044ca44305f8d18a6228a1e0f28cfd4df1599b18a0b74a5e044da58d3a,22922b4f69442ceb11490d78e0683da93eb99d68ad2d9d61c0161bf54f1bb966,22922b4f69442ceb11490d78e0683da93eb99d68ad2d9d61c0161bf54f1bb966,8.679547309875488,0.05353832244873047,8.767799377441406,0.14179039001464844,8.767799377441406,0.14179039001464844
83579,gdb_85315,18,0.0,20260913,5c70f71796c5edb7e09603bd37d5347307d3faaec1c69abaf8bd34663e92cb65,7.23006534576416,e2b8cafc2a5406249b553a6940275630a86cce623f831ba97c5435351f8214d3,e2b8cafc2a5406249b553a6940275630a86cce623f831ba97c5435351f8214d3,bf0b5e4fcff94dc16224da9d515c6e0bf56440c322167dc79d7dcef14ed4a121,3f2576e44d3e2678f04f13685be6f66f4a0744a0b3b6706e80d1abb7c0f50325,3f2576e44d3e2678f04f13685be6f66f4a0744a0b3b6706e80d1abb7c0f50325,6.968712329864502,0.2613530158996582,7.2494893074035645,0.019423961639404297,7.2494893074035645,0.019423961639404297
106203,gdb_108267,21,0.0,20260913,6310f00a77c6982227810d2f9791677cab6c964f3c43b8217db478950b4a6dcd,6.666789531707764,f24282fe116fdfab4b41a3c9df4c758e55a14cabb97ecc433c7892f18e491284,f24282fe116fdfab4b41a3c9df4c758e55a14cabb97ecc433c7892f18e491284,683f9f81642b3f55b4e7ca278476d8330a55686ea5a5d8cb219c024800cf7159,b733f4ed5bc6aed7be4b6b5ccdda9b555bd4e11ca764285e2793021f43494adb,b733f4ed5bc6aed7be4b6b5ccdda9b555bd4e11ca764285e2793021f43494adb,6.742872714996338,0.07608318328857422,6.906434059143066,0.23964452743530273,6.906434059143066,0.23964452743530273
22219,gdb_22690,16,0.0,20260913,180f0b62ebfb9c5bff1d22f396f294269b786c0473150fc6e3966c595b95accd,5.317104816436768,c2198d3022e364d996f3b5b6370419ac86d40deac5bb70e67205c8dc0d7f7904,c2198d3022e364d996f3b5b6370419ac86d40deac5bb70e67205c8dc0d7f7904,af8b544de39e8b98f91503596248958fde50e2e6027415329dfb3509cacf2a16,a8519b17880195be588cfc93e6e1fbb8e3d896d977b22f5f5196bea0568397b2,a8519b17880195be588cfc93e6e1fbb8e3d896d977b22f5f5196bea0568397b2,5.591299057006836,0.27419424057006836,5.320642471313477,0.0035376548767089844,5.320642471313477,0.0035376548767089844
70817,gdb_72506,17,0.0,20260913,8b9295c0b315dbc0778860929092b046f47d31c4a6a56870407b3132df8b2c08,5.877659320831299,02a2cd5759e22a0d742e5dad170c0ffc4ca057d1c9613f057aa14d673b37c34c,02a2cd5759e22a0d742e5dad170c0ffc4ca057d1c9613f057aa14d673b37c34c,42727d2eb9453bf2ba9bb3e399058416146b1047a1c1c27c1aa49c7db5fa8f73,74a2dbe7f8db64f797b13a2e496f6cb559041d15abf9166166be71f564fd866e,74a2dbe7f8db64f797b13a2e496f6cb559041d15abf9166166be71f564fd866e,5.451626777648926,0.42603254318237305,5.635925769805908,0.24173355102539062,5.635925769805908,0.24173355102539062
73382,gdb_75073,17,0.0,20260913,8e574f2c0fe38eec12d733fffa2d60063c72b7cce08b79629e5dbc4bf21429e8,5.455882549285889,f84b87996702e728a32ab74910f4b856cd59c221f27ec17572b4585a6acd41f2,f84b87996702e728a32ab74910f4b856cd59c221f27ec17572b4585a6acd41f2,b671e0aa0f7b895dee66dff29c650be6da4c1cafc04d1e75e291f7e076579ddd,007191ea65f1115fc730bb74ec541e04ddb3dde1322a29e8f8a6800edba2e927,007191ea65f1115fc730bb74ec541e04ddb3dde1322a29e8f8a6800edba2e927,5.544589519500732,0.08870697021484375,5.619783401489258,0.16390085220336914,5.619783401489258,0.16390085220336914
46231,gdb_47370,17,0.0,20260913,543c003ef029df8c6f46a3a672bd0a503642886da86accfaef8434a2d2f890ce,6.046370029449463,11fc5b7b0a31e74b5d5111a5598b5e4b9fc51d6974e3e9205ad2becf46744d01,11fc5b7b0a31e74b5d5111a5598b5e4b9fc51d6974e3e9205ad2becf46744d01,ff3a81498cd0ab2a07fddf9c8862347f02aa7d72a39d665b802c1d4cad563b90,caa6f91c8f7064af89da0dd5a0cee574c885a83e972878143f9598e6df0d0466,caa6f91c8f7064af89da0dd5a0cee574c885a83e972878143f9598e6df0d0466,5.74159574508667,0.30477428436279297,5.753833293914795,0.29253673553466797,5.753833293914795,0.29253673553466797
17587,gdb_17919,18,0.1,20260913,01994cccc6a9d3d7a38f4538232e3c7cc2c51dae71c34df129536fa25dbe6398,8.93349838256836,cf8adf7533dd61b384ed98d35596271168954588a996e043b0e7206498fda611,005ad3d668e8918126513ff33659e1836c7798fb0eaeef747710119d1a415bdc,7e7728deb0e34fd219efad7ee00e06b86b02e6d569feecd84f79bc456dde9cf5,b49579e32d30d9c8560f4706b4058625f2ae3bb31f7c47372ae5f96f257ecbce,362ee09415057ad29cd69437aa69714ed540aed676c0276c0b0c20379a822f8e,8.312542915344238,0.6209554672241211,8.674960136413574,0.25853824615478516,8.674960136413574,0.25853824615478516
78740,gdb_80457,20,0.1,20260913,e09a354a315c87a8eb8967cb2778c5a6aaa6c469a44a9b3307cc7deb21014d49,7.181085109710693,b0a42511cc4ab14989ffac1030a5aff6f358a904cfc1c02a177d8681c7a4d2e6,a35d3f3e43139dcbc5479612db094640892093e70aca59f8c46f5a34fa6071a1,09fd43f5383b5d718c27d3c3971d22fbf0f243b0dd6cdb11232f8afb88343182,8d62684645556e0e418e370019cbfa0a43f6e292858b42bd94c680caa8941c5a,bc3eaf76114241803451315ead2e9c10e8543ee2e84358bbf1c7aa0d5c658ddd,6.180352210998535,1.0007328987121582,6.261516094207764,0.9195690155029297,6.261516094207764,0.9195690155029297
11640,gdb_11935,15,0.1,20260913,8c62934bc73b8a9803e9b49931d4bdfc6be86ba6fa9ca7a3fb6b712e3c88b837,6.42460823059082,5b8b50cc71a00d21708439607d10f3a227c559d85d89adcb64f5205052323eb1,a1ff8282268b0b61f7bc774f97fa9be63ce3dd36c983e4afd22996fc9001ec80,12df280b1655cbcf1677135a3073e2481953125a84b2fd2bd71d9092cd39526a,948a56dcb6e64d75ac540186fec7feec0874a0a65a1ea90bcb30fb629dddfe7e,3e7dbd94288d39330e5ae2d2569fa880291e45e211f1ae881e28c2ef76a20d5d,6.571167469024658,0.1465592384338379,6.761955261230469,0.33734703063964844,6.761955261230469,0.33734703063964844
124462,gdb_126842,18,0.1,20260913,19d3323e4a1779e76a718fbc9a5e732622d3aa5749f396499dba07547bb89b59,5.638199329376221,b280334493bc4b4c93e0b7be7187371860599086016fd54dfcd2113e660c928f,6b83ebe3d04c48bbd3741ac15843585006666faf2264d3805ea7ef5e95b39b08,a75e6babe9bb721c5ecff8528e8832e7d560cf3a6ce01d1a87ad6c20db4c680c,3ecaf4ab0c27eabec611ef0ce9e3eb7002509b7061a02b4a79a00144401ec436,4eff22f009f46456e8a6d09aae4742a57dd4d1fc8bd03ff5fee8ccf1d018a09a,5.9280314445495605,0.28983211517333984,6.208733558654785,0.5705342292785645,6.208733558654785,0.5705342292785645
16528,gdb_16850,15,0.1,20260913,7097c4c6d7969346584d4a73eb7b5e5136b8b5ef8c5624e6a406bf34d62aab2f,4.462667465209961,5924984c133d0f68aa636f67d34a180925e03ecf396a412878165209ed537462,214cd88db365db6750145310fd9d75610d21ca7a16cc2d4f33a56af94ade05f0,ad3b0ee42cafc28991cb8f58a036b2eede81d320a1576bc5055e1d87152c92b7,e978018b2984e30315f751b7410e443f8603b37efe77e4e9f8d4be6b9ca0e527,97e629527f8c0cfc709b5aec78944e8f253a20751a35091941f4a6e7d8aee082,5.415161609649658,0.9524941444396973,5.644869804382324,1.1822023391723633,5.644869804382324,1.1822023391723633
107465,gdb_109532,15,0.1,20260913,367f2cf7c158e4eca711e3bb5d072f564bbc035a13a84f9bb41654460dc54913,7.4749674797058105,3943bfd0cdaae1cc2296f8d37a4ad2f4ec41702176585b16a28d3a48da95e234,68b185caef5cd61033ccc552a95a6c7489f9db89a8958b0d0ff3e6530969238b,8ce06ab284db861353d0ce087936309d31053acba6f05d11149be0c22291d62c,7513de80c48e57deb3a046fa7aa756d134c8c0b154d5a15aaa7a7ac9dfad9ddb,1ae55f1f0564cefd2318b80c9938dd9fe38c1045b01f3930e9032d031dd05c01,7.705352306365967,0.23038482666015625,7.64570951461792,0.17074203491210938,7.64570951461792,0.17074203491210938
47903,gdb_49045,15,0.1,20260913,c92d11d69d48e305fc80bd90cd86ddb0e3d54e14a87eeb38988a6371b5c2faf1,5.284451007843018,cbc9549d464420be2a36f16c63babb0bc4ceb99ab629779398c9847bb78c593b,193bc3f4ca676e51113a55263142685e004000905d2a0a1028b20b1d1c4139b1,e288f6d3046c9235cb7fcc8964e873ea37e5c0b11a4ca3f428246c831f4077c6,6e4e9241d36efa83439edaef50c522326bb7d374578c594853659c781bdbbe72,6da9e477adb4bc57a878d3066067e50128d8f185a3b14ae64db389ec886702fb,5.421847343444824,0.13739633560180664,5.778517246246338,0.4940662384033203,5.778517246246338,0.4940662384033203
35869,gdb_36911,22,0.1,20260913,244c4a060ba8e2e39b715d2b62b612e1f2291042fc9847c986810b6997b3360f,7.110334873199463,e7787351650a632f98d52426937f728decd9e83fac56ceb2f54030a56d8a447b,a1143562eddc0f3d96c6250adda1d21030bf2d571a8c97c6ddf4508ec7b322f3,8a4ecaf0f7eae21f7306d5427e6a0bfe1a100aeb5b688ea05396bd9ffea3a26f,dfc19165bb10893def8d090e5de309bfb09a397dd1f4c6732846e99d2a983654,58a7bb9162c75e67b11678ab8665cdc416143d3714204ab9663e06a1197d5db4,6.942087173461914,0.16824769973754883,6.622421741485596,0.4879131317138672,6.622421741485596,0.4879131317138672
120619,gdb_122839,21,0.1,20260913,8252d389014bbc124a46f4a0df782ec5a01276db1f92ef8f28d3030bad9e2596,6.397397041320801,e70b30680d03e4b37136d043ca10e5fe31be5b2165cd15cba6fe333e0f8cb82b,945d39d98b5314caefa8480f74315412cb24df1fdc5a3dc761abcb37ed26c7a3,1178fcb97b04578ddec5f44b2fd0d6db554d74f8bea3f982f55d70a8b45feb5b,e705724e82b45b944b2e02312440d674eb999d829ae2aaf6084914e2894a8b94,0b98b18f23458d15a3e742283618c03845aa24b2efb45199e1ebcb01bca7a26e,6.090971946716309,0.3064250946044922,6.320352077484131,0.07704496383666992,6.320352077484131,0.07704496383666992
77917,gdb_79630,21,0.1,20260913,dd9807e1045876f6c58a5c3f6198ac6b7400922cc226365ec88b52c61f12dc6f,8.873632431030273,a198cc9131804187535a4b9a399ab379f683afffb8ec67a0d16fd730fe53e5c1,ee67abbfbf64b31e87a4ca316b6c568390a92451fde848c1f8d35124db283c7f,cf8c2cb4f98809a7e03f9710f66fc4fc64216ec1293a8a5b93e25a33ad0f6949,c0ee0c2e5f6e1dee38c5881cb526352171977461d191ce46d0df1406ba2e0b48,f5a908c25962f6dea07a60385b608daf8a7fc3a2a1641e91d8b5959bea4266ba,7.831550121307373,1.0420823097229004,7.963613510131836,0.9100189208984375,7.963613510131836,0.9100189208984375
64557,gdb_66222,20,0.1,20260913,70688c64af05a32f43b96dc7aa758bd573ed535ae83d6c03e1c9e6e9c541881b,7.366122245788574,afa393995451fa3d2e008466ee3b762dc8e7b622149614b17e5eedb79e6f16d7,c3442c43541e1bc4807a66c98aba268025883bc3872f4cea8d345fc00939f84e,d0252899da7573eefbe6a36517863f2e34c0db8b4f24437b36e3f2fd39a2a32f,52fb234d99741aebecfcfffe02e19e0d38e17cb45df6495a2374e598dae8e080,66c4c32f6b2b61faddea00e08ede3793b9666a245a6de36ee8a031ef5cfe3607,7.186190128326416,0.1799321174621582,7.32620096206665,0.03992128372192383,7.32620096206665,0.03992128372192383
113450,gdb_115556,18,0.1,20260913,1b0909314efca7c221756b405484cdfa661cd8795609140538ffb9c37d7d985e,7.227344036102295,3551c3dfff98a47140ca70b3dc524d7b98313494538bafef3d78fa77e8dc3a70,2806f5500d65fcb9d6e179f3e31484c810a3eaca4700253715d64c525f876413,d39473a3436d02e6188222d01860202e8367a63be39f79b21efa23a0e3852750,65b06e85d46cc95c321eac0dd9f4c925775ff0e861ab0b8ddc53f4ad9f740862,42fbe2c89937c486a875695968b8627c06fb02588ba0b1b7b0fb77f456653196,7.319240093231201,0.09189605712890625,7.341198444366455,0.11385440826416016,7.341198444366455,0.11385440826416016
82232,gdb_83964,20,0.1,20260913,37488e290f0f4d3a3eb5300b89257ce8219dd48ae39867de1f8880d81231f3f1,6.2586188316345215,46f9ff73b9cec079079fcfead29edfb619c2cbc649809509eee4f09f40a401a5,7fa6677aab09ed0d3d9ece3ae85a6077bcf2af87f38d7b4aec8a42302c8c91f9,0d828694d0bf2e98a47beb431e5bcb0c5db81079de7a3d33e69b5c9c591af652,df076363776f6be9cafe8d55887f1fb28b4d7bc0034f4abda6baf613e67a25b7,acc63eb589e45b1cad612238c4d8e24e92593833d5fb2e25017a759fea240b79,6.17861270904541,0.08000612258911133,6.194655895233154,0.06396293640136719,6.194655895233154,0.06396293640136719
102742,gdb_104785,22,0.1,20260913,162e59ca0eef2a9138a4f3e4c8bfbf8613d552e45b5cfeffd2a48da8bee565a5,8.389269828796387,dba63a16e71bd293625c73ca1a4554f14ca4811b618e79718fa311ea0a8f28c2,bfceaa80a2a173ab176e08f000ce10aa38ac35d70d323b4e4a0b8b651a748c67,bf04b82b0798755ccee54ff8969cd044d62abb0cbbeac94365ae26c9ffa1b353,48aa33dc0edcc1a280692f374f12c808f871aa44beeb400d01528e62edcad447,add9aceaa856bc4923decfbce0c6166a57594e5a26bd8a7ebbf5e6e66374f06f,7.087831020355225,1.301438808441162,8.383294105529785,0.0059757232666015625,8.383294105529785,0.0059757232666015625
62076,gdb_63741,21,0.1,20260913,62a502d7121e5ccffc20eefb0a42329b93d805ea40e13f276e4b0a7a236abf57,6.166100025177002,a5f2c2b1ec88113ca4096b03f35b88e06599f74ed9c699530e92b1e4bf107336,e3475eea8694a742493f7e29aa8bd5314ceabd66c984edaa21565c6d9ba1af29,638e75a43c0a1116bde699434a4895cc858f6a355f9e23bfc4b3218002fe60fa,adefbba4bc82bae971fdbb8a31caeed3cf78e200b09c52e524f57e4284045389,0e09271622e3d233a6458553fe332851864ce7afbe4469d721b96e1fe45b21a3,6.390106201171875,0.22400617599487305,6.843008995056152,0.6769089698791504,6.843008995056152,0.6769089698791504
121313,gdb_123549,17,0.1,20260913,83ebd9b78c0e3355d8c73aee9f076086e27928ce45f11c0004c62f2e09a63e22,6.79468297958374,36dcd894159bbf04ce59f81e817fee7dbbf93d76f9207b055d50f5f367124b4e,4325708564372bf61c56b6eb72b47dd013a2d29af2e840e8cc5755f8b3daf543,b441d2db543d1b69d7a308f696d351a933eb9d02d6935201470c3599e275ac72,cc7a71724f7c7468aff1cc725c94d2c72e7a20d63d7bb625e7444d09d8cdcab3,901bae9de9e797ce6d958aaf2193885e9abd3d8acbf916207e232394c3c759b5,6.4010396003723145,0.3936433792114258,6.489152908325195,0.3055300712585449,6.489152908325195,0.3055300712585449
48900,gdb_50064,12,0.1,20260913,9910ce3ea935a392ae816c30303c76f40398b8438246451769df40ca935eec66,4.400081157684326,1ad97c89fcb98ac4870848eec23ae44d9aa9031df74bb4389fbbd27cd6ebe68b,ce7f9125bf7f2015ded5c3e083ba0ed91623cccdd947a9bd5de986928ab7fa14,df7acead3cf834ac81fc1737e0e9d86d6cfb96066cc654784eedfeebff70825d,b84933a803a67af88e36939b993cd71479aa1f19e49751306c4f491bcf4332c0,a5077544ab9b10261f01ef1338f0bf37311f7a9a15bb0002235101e51ddb9884,5.240808010101318,0.8407268524169922,5.229640483856201,0.829559326171875,5.229640483856201,0.829559326171875
127718,gdb_130475,13,0.1,20260913,c8044a68285e6f5bc00e0d787e852e32e075580f06a97a37495c84fd86765bfe,4.5388593673706055,38c7605ed5a706e676b1518e2df618590feca81a42783669625dbd406940d251,35472864fb0d86ac831bafdeebab67686df265b2d15459335766ca1742f5cfd2,c28eb220f236b54b63b4cfe5383e0c48eba7c0b1e623dbef9e61b5411369f45d,1ea3019fa96bb235785ac74ea6480b3274b49749956972e75867e3aa28c11e85,3a3eb644f38a3d19ff56ce7e7acc0b77cd06958446716b4a8e29c3aada75a6eb,4.695971965789795,0.15711259841918945,4.612809658050537,0.07395029067993164,4.612809658050537,0.07395029067993164
114802,gdb_116922,20,0.1,20260913,3d8e7deb00fce4be01de3900569e1f767e05420bf24573597ba47c3b8b4e8e3e,7.077681541442871,6b0358064b20492909d3a5f85be4a5816da81282583627bf8450ba24971033b8,35bff6f6ee45620df1989edc16fc3a95550113fd9f3438135e9ce66b9f12a06e,3ed0b2eebe6bc70bbcf3c3bb03e40dfa274012ea5912109569aca11748cdb228,c6cdea778cb84438b1ed3166e7cc1546d87cfce8a5a48a4b832929366f223bb5,2f0afb78cf646a295694dabe19aa68f7bd95e7b46a982332074b4b8475388c0f,7.286706447601318,0.20902490615844727,7.3302836418151855,0.25260210037231445,7.3302836418151855,0.25260210037231445
46939,gdb_48078,16,0.1,20260913,a5776e18136d422a621c666d8e63543b8efe3c3f3ca4c5a74c6b02fce21fa31a,4.0327277183532715,5c4a4e7b433996a352222701d316ec22747c3af4cdf6d6a34a57bd6f37ee17e6,acf253f8eb1d7e7ee95ada6d443c629783f452e20c4f1ebd6b549bfeb64f683c,963012dad5f045e56c21a928146e13948866b2817815e665382e1d2d693f3240,915abb7fd0ff9b093b190d11f814e67cd9b2431d159c8ea446253161b7741405,5c4eb93d936c545ecdda18914b7adfa77ac93933ec8ad5257674c02bb05d023e,3.98928165435791,0.04344606399536133,4.611876487731934,0.5791487693786621,4.611876487731934,0.5791487693786621
105749,gdb_107813,19,0.1,20260913,84f5a315e67c1e5002fac76f5794b34eac1a254fb64e0931094bfebda5605c36,6.519847869873047,649e78547528e437916eaee2b265c5ced17bbfea8ac222297e94eba69c47f324,2e190cee45d04e0b111edfeae21377c1b06f1ccc8cd0101c8eefdbab8ccb0fc3,cccbc153b5b1af09149bca01e9acfaebae5e8511f2c2c6db218b3f6dcb2bf363,02677190dcb0765ef6526231e32b6d2d6fe36aef65eb90e458edc0bb2805b46f,4331274d14b343397d33770cb1a1cc246dfc0d94213ace6cbf5c6af968800b50,5.83682918548584,0.683018684387207,6.706208229064941,0.18636035919189453,6.706208229064941,0.18636035919189453
110729,gdb_112814,23,0.1,20260913,1d2dfd6b8c04fe559c85bb3cf72eb74d947699efdf5af317cacafb2a726d7648,8.383827209472656,72235f66e8084299877d3df625416a2a248e2338d991f397c11be41109c9d86f,66959d3ac4cc60c07ec32e0c26e9e5969b05a47b3ce1482bc2caf036cf8c1fdd,d5f3ef604e9907c3c36a2ed6bf572d1e6de974a5602a9517ca714c9f784afde7,526257443b8efe6605af8779a2d18949e48cbb9ef9624c650420153b867afcb0,c161de7295be227d171f8cd6738c3d078d9d0e46455fd20bc75c2fe44b567f24,8.55553150177002,0.17170429229736328,8.67286205291748,0.2890348434448242,8.67286205291748,0.2890348434448242
98105,gdb_100046,25,0.1,20260913,76b6cf30ff8ffaf7f6da40b190c2edcf1becdfd8421ef8d17b2def4f145540a0,8.73757553100586,552a9c27cd64be93b59ddc54dac71db1ae922015e6c6acb871e10ca04ba3725a,aa8963095859bd635631a84ab87cdf4a3973d6458306209178fd7854c4dca162,887dd0d0e65c1ba38878b1f3ca78916c7996f7c3a429b7d608dcc99618a58b79,497577e2064646984fb3484d1552aee97e8f109febbd6366e0a9cda248c08385,2c5da2855bb92079f238e5a52108253550ea6c3f4ee72917f779ddbfd493e807,8.813125610351562,0.07555007934570312,8.72428035736084,0.013295173645019531,8.72428035736084,0.013295173645019531
93993,gdb_95836,21,0.1,20260913,1acf500e48841fce25e31bd6676514e9438cdd16c23ade3c5fca0a4141e5e661,8.49267292022705,cf3d0e2be341355911711dd7a85e6deff3e1c79e383b0bd5b05570625b03c622,713057f2acc753dd6f4e695747a05ac25dad79d53dd7e03bf350a26f19d269c5,4144642802227c265668cb004e3cc4b171268884c2c2bf6816fb3cde5db700d2,d6145707d0a62753d8fc09b486694a026885e816a4eb03faf867731990792ecd,39276d16c4742b8dc30cbc9965b328ac5d1b22467776e2a1c631b367fcdb24cf,8.645532608032227,0.15285968780517578,8.248614311218262,0.24405860900878906,8.248614311218262,0.24405860900878906
64845,gdb_66515,18,0.1,20260913,6f8418560dfe146f30d07848c493fa8dde6d0fe3421ab54edeb861ee085f55be,4.302119731903076,ea3cc0bd85f65c2b7e626c5a625c5068c236530826c76d5496bd125259bf9f4f,911c782e44919fc2984854dd064b013bba68cad1ca540efac4c7e2c27a63d125,b251c186f347d0182667e1aa4e19b589eaefb89eb006135aea79cc35f1eb8ae7,c0aca4b39529421e55e2946afc156573ceba036416b985d6226b77b64b279b58,fcbfab4d2a5d45ca4c12b7afc4e2c087b35b171c01bb9bc92a03ba8464c12a04,4.91255521774292,0.6104354858398438,4.851829528808594,0.5497097969055176,4.851829528808594,0.5497097969055176
109408,gdb_111487,17,0.1,20260913,3744f2ababf772df7b5a4fe6382499b35ce5c57816bd055915ba45ebc56d3111,6.040927886962891,0e493b167a2ecf24a73ed13caa4dd136594438f3b9384db840c276c3a05d7f01,7f2db1c7f4a19adf1cdf95b85e27347049a2dcc68272e3b69866fabbd97b8b42,8f76ecb1b3eca7deb83b2f06b88afc84c59f13ce3019a573b94d30f2ab2f810d,b0439ea4b4b7d05a0daf348198edc39f1dd7520a28daf46968bb357076bf33b7,93f1132d14e800d6df830bed2aa8a72a930713d20b1312266c5ab482bdde11a8,5.725980281829834,0.31494760513305664,6.213775634765625,0.17284774780273438,6.213775634765625,0.17284774780273438
849,gdb_863,15,0.1,20260913,787f179b5169251cbcf1ba9c7646e6b03318360468e1f6ec623120f9e0a2d75f,6.304878234863281,d9c6da1d3887f6998f80cd7e122d223c543439587e388c25a5f65410cba60bee,d179c2342f5be89f8e4a651bb732bd5b6c4aa044261498c3a6b79b61475af9ce,adf1f0483e58bd66dba8e4eeb8f709b872164f27782dad3ca410546cf1743ccf,a6141e05331ff4f9d2a135d56a0f52399ece27fb323978ae4188d6e792fe7d53,96161d2811249c8fab94ce7a194d7a5f6608eb79fbd6ada6fe7c304fa24e9214,6.23933744430542,0.06554079055786133,6.160978317260742,0.14389991760253906,6.160978317260742,0.14389991760253906
120778,gdb_122998,23,0.1,20260913,bf343cf16d7a5353f0fc51f1703ab4c657b5d5b4f2e0b0afa607041798826b78,9.230101585388184,58499238cd07de7e7a56aef513882804f79f7dcef1105be75539ed171388dca2,82caa6391be001017edf8ed8500f4304a18c448c359d36e50a1123a147d48fb5,6bc2b3189ec66dcc4f6b1883189b67430f37c6d9b02b4bb5a36a409e7d529f92,065e38c91eb89293d7174ed7df681b6d6b367f5959e0ef3014d71467968a2950,f6ba7123dd0dffd3095cedc85b9ea707bbe7f1fa3e10337ca3821851500bae44,9.184922218322754,0.04517936706542969,9.269630432128906,0.039528846740722656,9.269630432128906,0.039528846740722656
128629,gdb_131423,13,0.1,20260913,0ab55e87d650dffacbf959a7d5fcf5249189e09fb99dd73700b44934c360258c,6.5633864402771,c462a8f732096f52bc67e274a526ce27d65cc76472f8fa2ff21ea742823021eb,197b9f600e6f5c6dac0ae6fc7e6f93a43a6c9a3d98121cdd9e8e4534c8356ff3,06e0575205423cf41e05757da7b3269743947d01b428ac69b485ad14f510ba72,cfe874444ed5b4aab0bdb7d9b78577e8fc00acbb43f73e32e54a0219d3183e84,7f2205bcbb7b99a9a40a63d5618c373202659adfa5f9a92921c863812590b1f3,6.066714763641357,0.4966716766357422,6.446247577667236,0.11713886260986328,6.446247577667236,0.11713886260986328
66791,gdb_68472,21,0.1,20260913,4b9d6f8170c17c8c1079f534d3c892c694f48d64ccb051de45b45a81d74ff72a,6.772913932800293,e70c0423b2ce1b2abe8cfa8ecc8303b62f537dd4c3bc1fd6be187c9ab8aaece0,5f7eacc6b2be84027282c4f6fa43c7a272b28d6f1984d3f72e4b64ae6b40fe52,216eb368e5cfc9bca5b99f4c2c06188f1f36b45b0663f49314ee7c35a6c5753c,87b1901312c8af36d2534369959791fe9c4b81cc9cdfeaf77a451aaea29aa20c,a261cb9e368dfe7a1d22f294e8c9810d2f91d9384f5d7f14a4a80d670869b8ef,7.34346866607666,0.5705547332763672,7.0452880859375,0.27237415313720703,7.0452880859375,0.27237415313720703
120541,gdb_122760,19,0.1,20260913,2e7dc011eb12e8795fbc0f440c735042b33275501a52ba1d4c32d8a52331025d,6.473588943481445,ac0ed4b2e9ac63e04e6b5db941e2d5abbbc2a3518e2be3d4ec2365f68f82c3cf,335115a28225728a7ec8387de7de6ec229c95af71681c22376b8a52fe3cb45cc,22d2a7b12152e5800684684d66958d42125d1bcf54d4529e80f12dc02d07a4de,9730386baf53b406b27a002d16457ba5ed3a5740d12a561b65b6af946d482620,8ace4212e69016d4ceef5a7a597dc4346ea2b9d5380a1b71ded909300ca12a3f,6.494276523590088,0.020687580108642578,6.259209632873535,0.21437931060791016,6.259209632873535,0.21437931060791016
114365,gdb_116482,23,0.1,20260913,88d438670b4bad3c994dc41a59dc38d978a21f52c490b8a0ed5669f6aff94214,6.968835830688477,332c34b6f5ccafe31059d3a954a9644058eeafb9400a803c8e08edf66a29ba2b,12b80d4482c23a49727a0956421a36002ee80366293a5dd80380cb722a9c1fae,2e16c6dccf19cfccf6a0a3e7431f62da6ac0844c72109aa8700c64f0507ce488,4859ac48007779a9f110c6d35ae6199ee44fdee03dbb55ef3c2a6c8d78bae29a,0b11198e4e2db2c5849e2c03586a3bd919b950fb872d82057ba1fa7e1a243600,7.074341297149658,0.10550546646118164,6.923086166381836,0.045749664306640625,6.923086166381836,0.045749664306640625
31193,gdb_32166,16,0.1,20260913,bdfa2f2d6c80630b1c7e2b635947f80771f9515b017094971033110d8290ac2c,5.074923515319824,182aede3d377f0f477c0efc988273b2430f7f243ebc3c72219b7235e795d7e9c,08bc170e5bffa04893f36d1cb63f1e52079e549ad42304da6b2809c3d2d7d594,af9c484a219118a890577f364a29db8855adb39bb1473b169a4376f3b9807525,b338af696fd14fec5fa6e71b8f0334d7934dbca5edab7d4ec1dd1e074be23a3d,07e072e191df6ba9a2b1a87ed9c61e6b7a0f33a9b04383af2043647fcf8c4016,4.863604545593262,0.2113189697265625,4.838210105895996,0.23671340942382812,4.838210105895996,0.23671340942382812
117766,gdb_119945,19,0.1,20260913,061af54a090e1668eb6ed523d6bb80381e3fd297083718e506002c13cefbd9d3,7.638236045837402,450037eb75d7095245732be74187fa2cd6aa0327acd94405094f8eb56e29f0b0,9f469d8d6ffc8881d9757ddb6622bf8c87e0e6f3939f25f982402a9f2f79ad67,ba07424009dc606aaacae46b23ce241050d37ed4f00359e2dc84ea97cd36a5ed,6da3c893add597adf2e14d34b9c73941fe0e372e414f0408bf5fc5a704287a47,7e7b5e31fbab3fc20255d6287ee24bf7ac149849942daff792417c7b3986058e,7.615420818328857,0.022815227508544922,7.668281078338623,0.030045032501220703,7.668281078338623,0.030045032501220703
8217,gdb_8489,19,0.1,20260913,eab205cfe8ec8ed8bc0b06f3860501a47cdf6676782a221b4b53821417b67860,7.60014009475708,eb2b7c2fb0559e74ecfc6ff9147529f76fb11168ff97cbf910ef0cdd5ab715a3,a063bba3021fce72e7c5ca0280853cf1cda7f91e2705810ec6eed0883806568c,a551d7316d22388aa10eb64e188ab641d02f61a272502d6ed0e31cc183905ce3,5162cb78cf868754aa6d6cce38423e63ebdf2733c65aeea07eeee325e65ce2ab,111d0184e9c46483cece73e10590347c978ff173f0e7fc74b1ff24261506111f,6.237940311431885,1.3621997833251953,6.995843410491943,0.6042966842651367,6.995843410491943,0.6042966842651367
96492,gdb_98391,16,0.1,20260913,4a4a8d3fdaee78bde62b3045acd6a6681b91d85838d63f7f643290d992597549,5.891264915466309,00aaf0bc84595aa843fd0a178b4fd73c4a323523b0e57836392564bf6ed00f81,357f37c175b586344d6ed93ee58543ab9771099c5154636f9e53cca94288cd28,58f580186ae87dd360bcf963bbea36b68a35dea2613b6c225b4ced114079964e,e3764f21c280b4fc1b9e09a3f8cf07e1eeb2504102c989faa91f5495de8921f9,d60fd6e20c8941f5d547345af562aedba1a24de321a11e685c144438b4bf2ca2,5.170059680938721,0.7212052345275879,5.287250518798828,0.6040143966674805,5.287250518798828,0.6040143966674805
125495,gdb_127965,12,0.1,20260913,4ead9544cfc64b825cc5ded260b27e9a70e5efff0d0087900829f8b422ecb5c1,4.854511260986328,8b98728f00d55b6f2f6e8df2ce6133c73db11e8278ec95ff2971ae06c2d238ad,ecd4d6b29d1e41d4fb2e87a37fe95117a7a7add3c8cf6b568b378c2a6f360ddb,e24b8eaf50c8d4d9977d802532cc757a00549f6b2e5170a3783936ecb3ed5516,d8f06df885f64113f8f47c53c910ea20b84a32f25e9c9915f96143b0d9618c0e,0716a7c8dfde0521a6bbbbc695ef2f4ec1c80986b6d9ab6ba6409f2dcff9ebe2,5.216978073120117,0.36246681213378906,4.730688571929932,0.12382268905639648,4.730688571929932,0.12382268905639648
90073,gdb_91882,17,0.1,20260913,4dcdcc40a2c61b614e4991f6f2deab3f0aeb19717b76ef407c734f3a0708314f,6.805567264556885,9b6a450abc32212512ff876de7b05bda2cc915b930bb8b1e4afdecbe3f30790a,981f71d7df0a1b33209557848dd3e4d1dd3b619de90669aa3784efe88637df9e,70aba31362f648d6e8f6f698e15c8314b4e056be59a047338cd83356c324972a,d9249c3dbb4684191b9b78ee2fbe1b9f74bea787e53761ef387053eca17c40cf,704d31e13f5c690f34cfe20b5bf0d8042d49cbaa56fd2ad7375c9e1db4cb96a4,6.917884349822998,0.11231708526611328,7.298755168914795,0.49318790435791016,7.298755168914795,0.49318790435791016
19948,gdb_20280,15,0.1,20260913,006a98d103cb821520d6b8a4bea1e0b7ba1f4c7585ec26a49595cb89ccb0a517,8.26681900024414,028324ae3b5f1dd81ea9d6de252457aa300e46687cc95b3f825f81bd458dbf3d,5503530a43055446f9f6f92063c2add50e790eba7345b07138b4b777ca8fbc02,cd44c3176fc0f41e4f8ab3a521e2885628f194514e0e4aa5464d959f6b9c818b,662f8a53a972d23a0a20a42526bd7c19671d8bc3c2b325e66aee538f25b364f6,14bc968f897669e0a7fb4083fd0347fdb92a62fca5702fdb98c7015d9b5fd44f,7.87302827835083,0.39379072189331055,8.127005577087402,0.13981342315673828,8.127005577087402,0.13981342315673828
123246,gdb_125565,13,0.1,20260913,84925574dc3da3ba3b78e35125bfd941aacd327b1dde3790a8c2c9f6ac1e255e,5.896707534790039,43222595c9ea527a77badcba6843faad2fda7fbe1b97f06d1f6e5b59d0c94cdc,6883541e9877269d23ac4b6c1bf6c925c8533d477d2c28b3bf4f10f5af58758d,f3efc107418505cd50aec8d09aeabacbc030688cc4dc18b3f3464a29a005fed0,fc69a5093742bf9053f88b6e589b364cb1d5b03dc5b06fce362cbc56c219c013,6b5e9d8c315c5dd404f7ab28f0e29f437a0c0b472c2b2615738f70ebd83374b5,5.772955417633057,0.12375211715698242,5.786518573760986,0.11018896102905273,5.786518573760986,0.11018896102905273
60407,gdb_62062,19,0.1,20260913,ce7abb994580a703a9872cf399495086844da5709448850c025cb6e16d432dda,7.4014973640441895,57829221b16e580e9b406730a868822b506d599045007d1cd1f94144c991bd98,10353e7a062dfb3bee4dae066ac3e6db7f13b6ad5074e327adeddabad39d070c,46c134077680bcd015ca05e41fce0ce0a63320d3a3766d4ce437c88cef6f1c29,116397a1132aaf14dcd112a462bdddff7b28f2e7817a36e16b1e4a8ca414036a,ea0450525ff0e5f01b686f269689d543a11ec7b0859bff78617fb5f4618e0091,7.930552959442139,0.5290555953979492,7.876672744750977,0.4751753807067871,7.876672744750977,0.4751753807067871
111938,gdb_114043,21,0.1,20260913,6c708538d8eb70bbfadef07ee28cb99dd7f7b6ae5cad88b44faeda3e83995f12,8.160694122314453,3afd483c82944c08b304a0b25337f2aefe9508503d377f14600df7f6552fc9c9,ff909131d3a3825654c1511b3cd75499bf96eaa8a3905392bf55918dfac8d12f,11322532c25a7afa285b6f09a390eafb0121f877d537bd7907f644536682abe3,98512e1025692b26cb2dd26f72c79cfd7e5daac6c3dc12338d06fff98c8ca155,3e47d5ba855d88f80cec20966c326f1b6c71858c003a0fa84948fa74468922fb,8.067116737365723,0.09357738494873047,7.924471378326416,0.2362227439880371,7.924471378326416,0.2362227439880371
80332,gdb_82056,19,0.1,20260913,d279f91262a3c92961cc855b637e32fe69e507bca8c0a6c706762d434050c29c,8.226001739501953,e47da51f0c3292e0668707835f6577a9c165a8d44dae06a4d556dad9a650aebf,8708d590d61c09ed923767d8a1df693ff0c48ba9cc9b82b0beed5f65dc2f4409,7a89dd3b290f577065036858c40bb2410cbd2e42e95af0ed77204ce6d4f9256c,06da0b8ebe4bc44f9d9443e23198fa2559e31f2ca08c000f88f1e65ad813fb03,ae0608bbf8ad81329610c8611e6c960f1de3b79084994ff63d41f80904301324,8.05605411529541,0.16994762420654297,8.434264183044434,0.20826244354248047,8.434264183044434,0.20826244354248047
149,gdb_153,13,0.1,20260913,76b6a2a92da1c55763ff09fa2d8725b0fadc6763b8f455e6078b883c74d8fe18,9.224658966064453,0b3faf97319d8baa44fe9c54112cfc9e95c0d3a5c2ab44bab800c2d684cf390b,ca0015c09eb51069314267614cb3e1ea299f22a666ef44cbbf2ed2250373a8df,5c5c20c88e2de279798ceb5a051301f6ffadda010639129001047b39b2d32278,b11e626f22bc6f564aa3e503db3b64d961723b2928cc9f06afb159d45b1c2a78,58c585091b6700614fa1235a65c579d6658d1d9b7290af0a8c4806f5561c8a6b,8.573653221130371,0.651005744934082,8.884207725524902,0.3404512405395508,8.884206771850586,0.3404521942138672
32746,gdb_33788,20,0.1,20260913,7ceae6371c539bff3836501f0d8ae8dde6e2b8568f362a5bf6a80df9e6644ad8,8.928055763244629,68a5a843a52afcfb86f8b7e5db62eb936338175023f57eff33b4febb9c4d4b28,0f9017e59f018e0b104ef4cc4b600696943fd27defc0291e17708bd282c26e8b,bae22c0058d74123cc385e18a025e949b698ea1732735191b499744426dc0a68,7f6a245ba93e17de9bc64df9f42d578dac20735b1d0be49d6f4e2afd7f055b6c,3a22dd1dca60ab1ea9db39833108ce3af51f8c624a7b64663a1776d67f280c0b,7.431156635284424,1.496899127960205,8.041699409484863,0.8863563537597656,8.041699409484863,0.8863563537597656
15577,gdb_15899,16,0.1,20260913,2c9316e1b47454425724ef2b5d0a62cc4247ebc81c435ac4c50f1b241d513cbf,5.357921600341797,dc98d874739c97e28c22b2fa66c8a81c5cf2956ade0e3ca22ce41d7afdd8e461,625f4beb51dc4f70c09336ecad70ac6fa16d64654ad0b5ce9321a64c7707bb1f,7e158e7b4452949f96bb3b0b0949e6a4e86a8434a9e3e449359f16b7a143f527,154ba29968568b415a3df683a1b9b9a611c1c3d463898f8507929a960f2479e0,424551dfddf73e15aa6b8c94c36ee2d90e763e87a0ea253c185b63d5ece62727,5.887357234954834,0.5294356346130371,6.125959396362305,0.7680377960205078,6.125959396362305,0.7680377960205078
129077,gdb_131887,13,0.1,20260913,b6628389626a1833fcc5e0584d65e953a1d479600a11879511accc025eee5268,4.215043544769287,2cd2d3562d2ae385482cd7b8c4dfc7bf3e1de1aba873808f1a96f7e332d9931e,b0564265a4c6a8c131cbe50275564a0f81a53a952f133e0181396891d22729e5,dc21ca52547cc581f18d3b715be08da518b0a8c7edb0feb07ff9018cdce72758,06fda706c19b91fea9b9d8af56e75da60a4792320fd4d54730bb035ea5388d19,add2cf934b745290867d638b97814edab4affc99a4b37c3d36edc30d10bca3fe,4.185905933380127,0.029137611389160156,4.319887638092041,0.1048440933227539,4.319887638092041,0.1048440933227539
87759,gdb_89553,18,0.1,20260913,98d8d0c30ab3e04430d430d47da3660c322372b71bc3d7ebb30a6b90ef3a52fd,6.46542501449585,43a8c4f67cba916f0bb091302d650baaa979c0f0b4d34b9ed680fbc704df0fd2,0cb39c8313276749c7be02f99821a2dd8ef1fbfe75a4f1f10fc0b28c573a8a01,f40b11f8960361d0c01717922e8392da28cc69d87c839462e4e563071c9c3d5a,0d6beccac159b094bdb4e9a78ff6d5fc07aa2789dfa04c44495de209c38b1215,1ba21aaff18f25541133f7b633ca42f737976335d1a85e762509a596a90a801d,6.691477298736572,0.22605228424072266,7.014153957366943,0.5487289428710938,7.014153957366943,0.5487289428710938
85481,gdb_87256,20,0.1,20260913,252d32b82655751af633056f015270e0e12332815be3a5d73d4eee3164a01bfb,7.077681541442871,43df6a7c24915a64bef7a0eca5c76597b56486aea035c6ed72cc552a03e1cb62,f43fba48db83b48d49cdfc1696c44a15dcf1fa994f9abd54ea3ebf5ffe44bf3f,5df77d163a21c79c875549f75cd46401280fd09b929b2abf46dc7090f0965cc9,54e8317babd91a372b447127a5600704856210004e43dea3206e93495a922f21,8a24204672f9962f9b48f80a490879c9c2e41ba613e35d410ed9a2938462b14b,7.095580577850342,0.017899036407470703,7.466801643371582,0.38912010192871094,7.466801643371582,0.38912010192871094
92529,gdb_94363,23,0.1,20260913,26d10d3f7adce8392c0f04f90fb4fefcf70be22469327eb00075b70c465f5176,9.055949211120605,2778517aa8dae7a00c256d65658365cb38379ddb05142e147c86876300b21234,097075ab1614e8ce4fc9d600e2e323bd8e77b861eb0111f89b1b1719e756b531,1bf0501330c0614a943d0a94e2500487eb7862132d2778cea9339d5e472f2da1,58c62567bb41f48b98ca90a7e0a3359e6dbd9ab550e0f44df5f5033b4e7bbf99,256aa99fda170b57c387289c2b1daa8b33db54816d3633155ac70786c946d7cc,7.034371852874756,2.0215773582458496,7.3312811851501465,1.724668025970459,7.3312811851501465,1.724668025970459
58760,gdb_60353,23,0.1,20260913,ec867788b7731ede398fb46242b4481d4e48cc4947c441a54a9e2af133a53728,8.449134826660156,6740b00fa8fdab0c60ffd386c217d5e004bfd4219c571306b34b316877885702,386d6192ddea49b3e0281d9a3c530e50717678452426bda477e567ae5ba0a523,9196f897155789fe5c11c86ab59d08fca25ca676231bee8621bca2aaa1c11d14,0a7d61a8d39f5459c91e16dddab65b8e65414db6a5361288417d682b40ab26f3,41183c652eb5a2ba39e3235fe0bb36110b914a2f0604ccabfca1f73ced476258,8.167621612548828,0.2815132141113281,8.254359245300293,0.19477558135986328,8.254359245300293,0.19477558135986328
27328,gdb_28104,16,0.1,20260913,1f5bf8bb33b517280754db025003430ebeb7b4dca26ba7eb1111c423636a2275,5.40146017074585,fcf701b6c4fc592a2b4a3d9aa53deca8b7977671f2d03490a86df7a4d80962f2,a761d120aa36e0f6f1310803bc776a2308f3041f202e52d7c52b90139f5b690f,e106acff69cf0b6174a43c748c63613fe5015b867ade4052fb2c872a93bea081,ca6124621e25fda4ec9f3eb2272fa72202741273a613bbba12e0d39d496d5c39,5a8cc390e4e1aed6984b5c0af466ad550fa2361f16d9cc208e67ba1e60298c65,5.497829914093018,0.09636974334716797,5.573719501495361,0.17225933074951172,5.573719501495361,0.17225933074951172
88798,gdb_90598,19,0.1,20260913,763516319ab0a5cf41e7009e74e6920d3191aad6788ce8193bb580bfba8b903b,6.046370029449463,1ae2af068edce3d85646d9ebbef129a3f897e4a11636b3b9955b63b32240e477,3aa07eb4ad8621b1ce699bdf791f3ec49514de469953cec6d1649fedc74c5407,e86d7b2c03eb244b717e76d5f0e20554841a5e2930e2d8c1ff20dbbdd701d13d,b7fe3993b6fff5603cb3e68e67a5f1f2197f22efa6df87119d9a72824bdd2114,f75a23b4296f1915dbf8bb5f462a8e4d03fcbfd7f7e50c8d0ba045a7905a7ab5,6.510749816894531,0.46437978744506836,6.646607398986816,0.6002373695373535,6.646607398986816,0.6002373695373535
58498,gdb_60090,21,0.1,20260913,a43f3269cbe3bdf7a25f300cdfa9581efc1dd070c06ec212a495718bf5db5193,6.348416328430176,06da778a6c59b3bd7929843313970654f067279e55757b823f2a14f0c970428e,0941a4a2b95fce454840dc457eb65ef44046e6f80d9640c052275a2ffec84de9,aee5ab58cef7ccb27a2ba4bba040170db994a4d0c7a43ff173158c8faf2df53f,5d124d389ad343fc18fb0652277c949dfcee1363c05b644699d3dd9a0bcd1bde,b532d1e754630a8993c9fc00fcd3ab5baedd4358fc50441f53540a990db5644b,5.807137966156006,0.5412783622741699,6.293588161468506,0.05482816696166992,6.293588161468506,0.05482816696166992
51377,gdb_52547,20,0.1,20260913,9aa16bf11e5ba4dd91efd615b6b75d416177cd0018262ae10bc04b4042784995,6.451819896697998,ba01a35a68d9967fd819f9a75dc1ab848ded851a5d896fb68b0eb9a2f7fc1fd2,648d174133dc00b4b2c552f306ebe989c0fb5e11bbf81e2df45ed30a7048ab40,53623040a7ff9266f4938401ed15ec08ee3c59072059cc1bb73ac0bc20dc4d94,d9d8767ee83034f92514ef4f10df885cedb2f5d3cd10399d27f708275d69b21d,dbfb9f90fc58b57adb839a29cbe26965169762f5cfa84b62fe7681d6deeb52b5,6.258377552032471,0.19344234466552734,6.481262683868408,0.029442787170410156,6.481262683868408,0.029442787170410156
64153,gdb_65818,18,0.1,20260913,17d657238da7c07e7284903ccf82cb676ad79ffecc92bbe5f7cbaa04bd23eb7a,5.60010290145874,f63c95c93f3a6311d7b108d0156ad81a5d76e9e0ff74aa4bd6cdf2d060010ee4,bc69ca9d0808f5668ffd590243c294c6c817279d322151cc1bdf59b3643a982a,03ac1661e4d9a39d879de0615bf1213eb2192dccd05e5ab4b62894bf29e13ec8,4684db99eb1825fa95cd6380146e6378d9e5e511f60a443aad7425ce7bcf2164,c57b08c61754c0cd3d6b0796af2d9c5c5b87daa13f8dad8a132f78a06087ad44,5.4747395515441895,0.12536334991455078,5.605046272277832,0.004943370819091797,5.605046272277832,0.004943370819091797
20182,gdb_20518,12,0.1,20260913,52dde44e7dc5d26dd9008968890e0963877a08b0035d3a12a3c70699ea7f710e,5.491257667541504,57e86cf87c383f6d3ce346d8b7e9ccbead8d84dbbc939d607b82c41d429a3ab6,ccf7a6ce0783f53d0e63a3bdc8d1e5f2a4ac26bcdd1dd3ff10487a807501c5f3,a4fd5775ac0051e9b6c7cc2daca376765ca22a035dd2d416ea9bcbd0b2b7977f,5ad181fcba3d39abec18b0a1010f518658b34dcc42cc5a309700d18b4f71e0e4,ceb3b9536f1afd947c462c39a6668100f08605bca0e5fa655196b8a2d50dade6,5.144021511077881,0.34723615646362305,5.023216724395752,0.46804094314575195,5.023216724395752,0.46804094314575195
60139,gdb_61786,17,0.1,20260913,335cfd715f41189ce75eaa016bbd93c59ef47b22226e7caf8f73052547f94131,7.4232659339904785,3218bf05bce0e3114f963265417effc5ae78986d8394132e065eebe659de582a,8223b83fa9872919840c50cd39a818f342353660906a7f64faa4613045ed00b8,052101cd323d79535ade1278f9b65fe5f7aa8dbe824fcdfbe16956d63d44c0c3,e358fd7534c2185499be2f6b627e7c20e95179a665a1170b3da0bece4f0cc51c,46eeb9575e2f29f438721efc4e70ac3a2a8dd23cc9952c19a29f32ad7ce40010,7.149261951446533,0.2740039825439453,7.41863489151001,0.00463104248046875,7.41863489151001,0.00463104248046875
86359,gdb_88134,18,0.1,20260913,39c58164745ddc5b7208835092b12cb18516bab5c1270e9e95aac9439229f233,4.993289470672607,3324509388b5d4d77e0677aef68318c99bd8dbbafec3662537a76b255139b489,c8a275b143ef9d01def530376be80581a892f00872369e6123f4f61e541a2db5,5ee4c6bb71a3558430e90c159f4b7653b980c336d492496e8aac30b939e57626,eaed120b5c7be2ac5234edee2a48f901e056771ea12ded407abc6bd82be1bb48,dcba0409b3c155a67c14b6dac2c6dd3f22a8105890c7062f4aea81140bcc21a3,5.170923709869385,0.17763423919677734,5.710999965667725,0.7177104949951172,5.710999965667725,0.7177104949951172
111449,gdb_113542,25,0.1,20260913,5eb9cdcb5a9e35565476d08092ce079806567c3db644bd3f3d8f89bf417bc19f,9.374322891235352,6b92d20dbccce025222f82e22155d7d40b600ed946d59bcbf8cf0b646197fb23,b4fa7a8976682704afc394d1c855b351ff04494223cf74c695e3deda98c8a40d,49e0306d53aaf90887e87a6083dc6b665e6a7f357fecc2ee0e2a30e6bd635d17,9e33f1472b893f3b263e3b9fe2b764c98d75cb5adbade019ad13a0905ac3ad82,37708c2f576c69700e9b73f3c7ab90c69ddf6304aedbe5e985b85cfdf33f4f27,8.840889930725098,0.5334329605102539,9.170247077941895,0.20407581329345703,9.170247077941895,0.20407581329345703
81123,gdb_82851,19,0.1,20260913,191f345c7a9b5f54de7da4c86da47ed7136b2ee21105087ca3b5b1b8da373da4,8.593356132507324,0e5f73355b3bacf9c8dca9463c9720415328abe7d16b261a84473c925e0db792,84079da2c397e955a24bbc5e2041417771573c1d7e25ac5b9e87070f7ef2f855,1cfaaefc2753c7dbf1709273f42f7711be477342f43f02a96b6f0917ad04fd4e,8bc25e3fbb02f103d47fee92113f83ad6deb556270a840304364ec8474c3641d,0a67b7f3e9ed1bf954560f2245b14d727900427410bd4eb4bccb2b67a62a8b80,7.223138332366943,1.3702178001403809,8.528726577758789,0.06462955474853516,8.528726577758789,0.06462955474853516
91567,gdb_93381,19,0.1,20260913,a93dbd33c7d2a4d458b7817e5a78cfc80ac761667bd05e8f05c7862df93f0ad5,6.122561454772949,a616021e4eaad42d4b12ecba66b95dc3cdf8a931d0ca99cd474183ad5b263c14,a7ae2630cf76f7f8a4231256cff38c186e7f26a659b6728a60982827ce891617,ba07424009dc606aaacae46b23ce241050d37ed4f00359e2dc84ea97cd36a5ed,bc7cfd348335f3712a17baff3492c47730ec731f27cf8d6cafb2114862ff1e7c,6b97298d0cf9acfee060caa294c41b5e3292fde749349de5b7edf337659ae45e,5.559085369110107,0.5634760856628418,6.1576104164123535,0.0350489616394043,6.1576104164123535,0.0350489616394043
95333,gdb_97195,20,0.1,20260913,2c81835d1b22767ab95cd56d6d90806ca1be3f5de85ddad90d63442d2b353761,5.610987663269043,b1c88bb21650335e3ac3f9452a09c85561eefe038e3b142e10bda67b3a63f72e,b030eac244222c335a90955ee82f9d47e025d75fff239d33a2e9130a2373659b,837e4d55904ef81446737ecf068e04ee2e2ad4b5a7d3a662d8e15f01db06c29a,f268c06ed01ca5f34988eac80593223ab05b34562aa9112609656e35ae0df5a1,11fc970c31a5856d0c419a05f035f52168f6d41102adbd14d8c08048384ddd36,5.928865432739258,0.31787776947021484,6.103206157684326,0.4922184944152832,6.103206157684326,0.4922184944152832
92998,gdb_94839,19,0.1,20260913,9a124c2e1ef8ad5149a13e72b1b710b1685e614f3e81ace5c954ad9749d7798b,8.919892311096191,a3e81c766aafe94adfdef44cdc30518711180b03275d91051fcf90ec1540052a,e26b685b7ccd42b7db19c592f6928efdcd3a194e972da609aab80df3ab008837,b9cc8923d84743c743b069df47a55a213272b8a748b7f8aaf9b6a98229d11265,e0e5bafd1abb6d3cfa2d0fbbeb07bed545f68e6ae1fbe5fe13ccdbd54f44016a,7c0cd1a59f7b24b41a045d2f70dc8f37c54b3f2e33fd3af589b3d497995cc8c2,7.922630786895752,0.9972615242004395,6.165745735168457,2.7541465759277344,6.165745735168457,2.7541465759277344
47785,gdb_48927,15,0.1,20260913,77dce40cdcb2ee9e502d63bbde1da38177fdbb819106fee692a2f2fba8a5237b,5.30894136428833,af19174aa68e6d87c6fc275dc2d4c6a06240acc14fe4e96a6b4ee67728e1a938,1c2c3c5aaaf4c3b743b142bbdc1e2953f39afe3083075bb3a5356e8cdfd461fc,f29d649f65e2786f7de7ecba975474074bad4ef7d00da9e3d0d54ac9379f8f35,3a8ab55bfc92e2efc91a5c3b15dee38a175cc8fac011dd093e705f8addf57460,cf54237675859adead55fbe36c54b52a4993399af39e6025c0adbf9aa2cfd0f7,5.303168773651123,0.005772590637207031,5.645425796508789,0.336484432220459,5.645425796508789,0.336484432220459
49302,gdb_50467,17,0.1,20260913,08f35a636bda17977f73a246fd6df060bffcdbd922495b1024166fe4103f7b9f,5.551122665405273,4689c3fb5cff6c1abbf0bd21496aa15e554cd385a0f42d84a12a1c1f878bf07c,0a444ac3903726fe8d94db242b9cf984ba4b58e46168be83bcb87dd4a4cded56,1a711589e32f5828b5537210363f424d6ab864f27e83044bb02ad30ca90b76f4,6a70089340227e70ef2e5ab2b30a9601b9994c0516f1eb8ab6f17de2d2d8ba39,c5b76408d4b6bea00d6e78115831906f860fe7d4574ec2225dc27b33512e1f50,5.521071910858154,0.03005075454711914,5.761657238006592,0.21053457260131836,5.761657238006592,0.21053457260131836
55712,gdb_57263,21,0.1,20260913,e87819efb76caa2d249325b1475280c09ce435521ece57b1c36469d7343e22c8,8.114435195922852,64d1a2e4640ab7ca482cc2d09a7aa2b1d339e8f34a59e5d40ae73fd14184c61f,048d2bb55d0f1cb817c21a08cd78d1c36ed8ee3fe79072de1572b1b450198b88,6b7e1ee77032932b99dbcfddfee8e6465ac602d006cc47abe282babdd3f368d1,c7724868fe8e89f643a64540b4ee9e94d92d973f52428be33c2cdf64324f4b53,0b102090573b7548273dc49a509f53b33f1af76de7b18a62aaf12604075de833,7.038696765899658,1.0757384300231934,6.463016033172607,1.6514191627502441,6.463016033172607,1.6514191627502441
120600,gdb_122820,23,0.1,20260913,9043c859bca68ead5098536433673bed7f72eda39de45bdd2e9e14d5cbc28609,7.801504611968994,bdd0ce54ef333fc49cd3c67d0c93dc16d17a57e50d4b5fbae9566f92516a7ed2,6fe4b889d301561924afd828f4ee9114d1cb65c8fe1ed5b5517ea990aecdfb6d,905330a76704a8ebaca2d51c602ae3356df6827ce780136fe1a65d60021c90d0,f6edb596c9fa65352a3bd1ac89f0b5af4890d3221c705958bfae0172d41d13a9,db3366748c89d04bbe06eb74de11fdcad16ae5775688e5860f7dc45845489ed2,7.535539150238037,0.26596546173095703,7.79390287399292,0.007601737976074219,7.79390287399292,0.007601737976074219
2694,gdb_2751,16,0.1,20260913,b4f08878a7ac5a25d1a48a8b058fa4f6b834180ef967023e520e87717a9c35ea,8.996084213256836,c92077dfd5578adca13de1e7c0bbad15b6872c5c476e838147accb06c13157ab,7470738c2582329360c3a87fd9f51596ca6c7d5f7827ba206f737418b1adc4a1,d30ee65902668ba0a997c2bfb9450d83a52f05ae7cb5d3ed0b64fff939630c19,f4379b81c9d81685c44d2d70ecee50555c01a71d0771f7a0ccd397f33839efa9,c0a562ea4e73beb524d8e7e785b837a6511fad7794667a1f93f3c4ba5c0e35f0,8.822732925415039,0.17335128784179688,9.189144134521484,0.19305992126464844,9.189144134521484,0.19305992126464844
4890,gdb_5033,12,0.1,20260913,c66491d2b6fb95f173074f82f8321831c92d8040f272e9d13294a4f37744cdcd,5.347037315368652,4ee6a982d06d013c6a7da855e99a888ee063a7919329c95b8bee903c2a9bce9a,44290f20208b524c0200927708a9d2975ebf6cd613150ebc40ec625bd27b5465,fa0c61e38d258953ab6cecefce8b04ab0badf072382f46d5611d61f6d8ded048,fee1a004e44490b4bd4cfac06894f96b71cb47e9aea74df1ee7c425d383b4f02,1ae2f290c9dc33d284e1d5fa52ce95986c4b9dc95da249979a4f05e2a33159a7,5.783810138702393,0.43677282333374023,5.557741165161133,0.21070384979248047,5.557741165161133,0.21070384979248047
39938,gdb_41044,16,0.1,20260913,a3917dc6e6d6c21b13eb5a7d800f21f1fd92cf5d9038069166df0a238f02182c,7.25727653503418,ed62812ffd132070b27cab3f25545173ec14fe5fccc99722d64bc9c324a351bd,515cbfb9e72c17412e46968a8913c9d5af17949463d19968759d300b4c6e7d23,dc0545f8a8c5fc2532dfe7560995d5a1e38c22699b3cfbff45565fd374e8ba8d,d65a8465dc177bea6bc773cf5ae089ccb846d10d809800146ba57baace288c65,7f7571a4b583f68c779cd6d848f4096cce0b2932074b7451a39fd088a6a52843,4.958432674407959,2.2988438606262207,7.199641704559326,0.057634830474853516,7.199641704559326,0.057634830474853516
31477,gdb_32470,17,0.1,20260913,a99c4d743ab7f5bd94124358148c297e703f1d39e8a89b9e78f5b6d99da3f080,5.880380630493164,b95d2519389c193eeb81ab9fd03f83b222f351936dfa0dfdd50c7b30e669fed6,7581e3a5fa4d3ee3f13e40e41622802787a3e6fb6f063f32185c83f3c9e22fe0,08c7ba26f24cf45c1d7406ce4b5e0c136df92e63150b5adb72a0669d547bf71e,20f4b9aa81fee3e72c6b2b84e92d1a7177330afee310758e2720eb34825078a5,e8499c8ffcd77e3967290a38823d1cbeed28ef06eb38e63ff63229bdffe80740,6.143001079559326,0.2626204490661621,5.704257488250732,0.17612314224243164,5.704257488250732,0.17612314224243164
99038,gdb_101030,23,0.1,20260913,93c0fc1ea84e9e83d22aeff6ce9282f4291902777b44da42d23f80950aa3016b,8.48451042175293,40f181c507868548919c7665221dbaeb6ef3463f8c11e8629bc01d8835c1c390,f61c21a62def10f2b920b6e5cd783f370dc39a8259e2bfbbf6fcab17ea86d60f,65f969dfde3990d21bc4fc0efd0f72be3c4ff02f8b46ef72382873b1c19b5f3e,f2532a84c0cc28ae9b5b3bc473b3d656781397d2a58f0850b306ea0b5d308d7c,2db4e15213061115b435e24db6d5041dde0c59ad41235a460847030eee73f8c4,7.746217250823975,0.7382931709289551,8.653605461120605,0.16909503936767578,8.653605461120605,0.16909503936767578
21694,gdb_22150,19,0.1,20260913,b31f0f086c6317b65164a4ae2ee38299d02b02c6b50f79fb8a19c17b9d7586b8,6.789240837097168,1d81b9ab0083011c5c8f52139f6bf04250e7cf398d4929cc6e906501145cedaf,133b14b67843a105b918fddb7aa0b4e6657edd518433238cd8981bd4cd933a07,3554e3ac87d77474ceb5f9b14c8fec672108b8d2ae3c370cd13e0338f134728d,7b30b0e8eba4633839341cd7dd43f1770c0b709f8107fcb15dbd8af1349f6fb6,a1228b6c2654f13e82071859f5f60d9fc523027327141be6f5ecfa0284508fc8,6.526301860809326,0.2629389762878418,6.98284912109375,0.19360828399658203,6.98284912109375,0.19360828399658203
55127,gdb_56661,17,0.1,20260913,7962883d08c10672018157826b61602e4c79625a50518cf704fd487a8bc46ba9,7.774292945861816,e9f3e6ae21c1f33e0128e052e5b7df06759cba6c5d137d19cce490979dc34cb3,db62117d0a283d4273b914414dc7c1a553f94e53200068ba05e4f282af364f65,ffc751bf674b18991a9c827b7cb77973cf8ca4d2ea0e53a1b904463693ee3356,64279329c4ebf7f61170469559050abbb3bb456b38ab3e432cdf06b0e5b0e197,b98ab9cd105bf95a5fa7855878740a6bffe18921fc1e28703bda07683da7abf4,7.318701267242432,0.45559167861938477,7.246345043182373,0.5279479026794434,7.246345043182373,0.5279479026794434
27044,gdb_27807,15,0.1,20260913,b06c4bd561aea4b5c4dc3e6274f0c004b7b63ef95462c13bcb6a97a0de8d271f,5.050433158874512,5a207f30973debf33d91e22e770f1847f97376cc571be04add669a8b180ae627,cf53e94e0bd2a39622e9d98a476893bed5462cbaa5a3b1341d0fa7cd74b9372e,08735188e151dccb74c52571feb78768b480c59124b36968a14f5a68e994501d,f5643f85bdd034ba6024dd61f48927f5c37c3292b8a7a2e8e6a5e9d288a77933,9bf6fb23c6e0f7b5a047df13f6ec44119fa34ab161710b576ece4f28878e566f,5.516921520233154,0.4664883613586426,5.047776699066162,0.0026564598083496094,5.047776699066162,0.0026564598083496094
45148,gdb_46287,18,0.1,20260913,53eedff10454e73200b5dc3105b636aef5d255cc642e16f49675ff759bb930c1,5.828679084777832,8a620b359b78c286f00c200ca43d56a0a3bde34aa09bf3d8e9c95083ca3c7076,a76bfd96b7e2b91d7b583d88e125a22814a35c7177f652eb87f335e192edf809,314085e449af36bceef88847b5330777d436a5754d15d248db230cc1e8cd0a94,25f6606d0ee1bb8eb3bff279735800c5da39a7f5f4c96f29a5f5899eb5bc8a21,7256028f51688414c934cc6cb74adab8365cabb169029e39141957c9ae247b76,5.3972272872924805,0.43145179748535156,5.369810581207275,0.45886850357055664,5.369810581207275,0.45886850357055664
23761,gdb_24278,15,0.1,20260913,0bbde7594c84210339a4b284dbcc3ac6884c354c5f6fdb0d6eb269d9962dd300,6.481751918792725,c5e7e92ea91aa184876e800b2918d3993f564a4b8cccb7e1f59b0fa0218845ab,e8824d52809fdd9ec79b6f564cbe0f95d69a50830a44885c039ab1ad2f225e3d,001db6349be1f3d4eeb02a603bc4ac9db2237e5c55b1f8c249a22a9950aa05bc,29ae2eacdce19e571504f45a6cad3f1091502ac6a9667551854b3dc023bbc75a,ca7d326de929a3172754d1a48291c214e473e6771271a70a39354cc849e1f646,5.905236721038818,0.5765151977539062,6.566875457763672,0.08512353897094727,6.566875457763672,0.08512353897094727
31375,gdb_32365,15,0.1,20260913,e9e73f440c3dde90eeba09b64eabb74bcd8ada489c54b9040be2f08d00a34088,4.781040191650391,1d840f1e150be6421ff57b34f32dca89aa579fb6a2e65b7459db086b416f3fd5,9040e8f0250c7aa9f769f26515f8e2083a16e861baa2c6378c0cd4d7d26de468,21dcf69ea5cfb829c72236052bbae852a591b87846d2c7e9144570fdfabe5655,75330dffb69fe76c075ef7b5b7d229ee7cb70064261b6b0e16d6a29e6094eb24,a1d0b6eca79497a9932632cee75ccf21900b4d687a311a629fdc0ab5db358c65,5.062455654144287,0.2814154624938965,4.808506488800049,0.027466297149658203,4.808506488800049,0.027466297149658203
130452,gdb_133466,11,0.1,20260913,b48d069d4aed9d349aeee70ed22f4ba462ff96c0c5a2f693c605793dd0d03f9a,6.89264440536499,d8ec41c878c4a577d91c9fa84401a1c2a618ec3ffdcd8b0f57670844b9f53e86,4feb3e661ed021e6b6e9a95aea99c7df72515cebf16f5186a4699f956e4712fc,62bd9423d413391fff73699c12bc776c4c3e05d1c59baeedba9c5b4dc547c5e5,7a67101c896e98cea583890e2e0121c531c72dd9df186ddfa72a4cd20e6b27d8,419a6d5f1332e3294c2553a461fbe8eecfeefe85b8e08d8f42d68bce0b14e5b2,6.561207294464111,0.3314371109008789,6.696864128112793,0.19578027725219727,6.696864128112793,0.19578027725219727
48812,gdb_49973,17,0.1,20260913,fbcd68bf2a2d47535a2b8736fe14e5af3b4d0d34a33f35b57fa863274bf9c757,6.12800407409668,cf0a6b5b9b19f7d1d5d6ebcd12e48380b3eb80fd7ecca0ee631b9da63c92fac7,22c8508c7c3451d58fbec171411ad60f8a330f3ada306e7d18be8f8c5331e454,431b41ef7f29fa4cd32c087f106383035d98f9b824bd5bbf963bd73ddfd40630,c1db778495cb2c82dec4d0aab8f298134f48c16e8315eff9e4d17e8d712cbb96,74eb4ed4aace14b397f8d22141dfa660af2d69fe8a2668055a401a2ec0c25176,5.766041278839111,0.36196279525756836,5.840266227722168,0.2877378463745117,5.840266227722168,0.2877378463745117
107016,gdb_109083,21,0.1,20260913,b1b48f2f06a7defa6fc771e99fa21ce946f0b4b0f43b1972ea7cee8841e5dde5,6.80828857421875,99172a898829bad2da70d4042aed75b73d9d9015bc6be9fdd7b6a3718418551c,6c6d1eb0b3fe606186047ddad1ecbe7e9602e02da247ba73c6f02880230c9a4d,216eb368e5cfc9bca5b99f4c2c06188f1f36b45b0663f49314ee7c35a6c5753c,54f501b5fd1164449bb324e17f0abe06256151129a45070210250986a46c8cb4,1a4b5115ff7088f10b4a7964c9b8ec693546f2d2d0561b040e146385697c347a,6.557713031768799,0.25057554244995117,6.8557209968566895,0.04743242263793945,6.8557209968566895,0.04743242263793945
129595,gdb_132505,16,0.1,20260913,d11964e2b62f53b8e8c9309c13b80cf7272b7fcc6eba3a4b8705fd32f2bb6da4,5.257239818572998,7496c81459037da8ba94968758c95ca9f66a4ae634f24a87b7d1ff1206b11f06,6e041c4ca5d3feda4b55f21ea616be8315d99aff2b87b6de64c0a43ad2e26169,8e970d727d7d983ce03e6d4d2b062e4047af72cdf1c75af83e0da62f3c15d6e6,63ae6f890cff4e0f08a0a37b84215301834e589fc296846cf346427aa0ae5e6c,76ea0972840d2051c7c232b8d26f47d31971dfad1f27aa2895332c26fee2458f,5.609234809875488,0.35199499130249023,5.836317539215088,0.5790777206420898,5.836317539215088,0.5790777206420898
66962,gdb_68643,17,0.1,20260913,b36d534d34137ef203d879ec3e69e21d961d7271cbe1df51a4c82341f9ea5631,6.06813907623291,60c137f36633882fa5785620d543cb3a30cd24b462339362f46611ff705e4ed3,595646d2bce6fc479bdc5ba11538950074f62d260c1db1bd1793b072c39ddcc5,3e558c0cb29b44b9dc8ced329f5cdeb209b5792515f2f2d729c35a9099305ed2,56a658fbd92546c270821d6f5a986904d0ab0449cde3bce14efea18bf6589f10,146e913be120450a76a8953326be3c46bdbb511a10a3837f147be7d91f55a889,6.199673652648926,0.13153457641601562,6.3130316734313965,0.24489259719848633,6.3130316734313965,0.24489259719848633
97478,gdb_99393,18,0.1,20260913,95a1f32d7adacc30234ba7f46e180eed76b988c2302c9203cea26e6a2829a8b0,6.318483829498291,7521b408e3ebeb17f95f1316d63dce5571463395f5a8cbcd1c4eb833e7d60a78,be8e8645184241ac6dc213d5729e5673db42343c33a6697c4a622e4864d2201e,b9326f5d9766d97df71b281166c1973cc3351de4eafeeadd354479eb6bf01fbf,15e9bfb46ce1d182bf3d7872fdd26ebfa6ce982b71f15730c73c66109642501a,d3ddbae3a2084f0ee8ce8cebe0c5afa1a76b796d8cbf59c4afd0f0730dbd3dd9,5.797954082489014,0.5205297470092773,6.284749984741211,0.03373384475708008,6.284749984741211,0.03373384475708008
57735,gdb_59309,20,0.1,20260913,9c78d1c9c961a8b70793c9be95b45943cfe361ee0bd649cf6f870537958954c0,7.670889377593994,f1e5e7db4ece372fbaa3faa372d7a5ee455c5b43ea55ed02350ee8219a32b89c,86de6d9104ae17a81334a45f667f46e9ce09be8a9959fdc2676c817c9c7eac75,65153a3fa9d88ba4bbffb23b7edac1f59bb630b0b144ca372a17de1f21f19f91,3a465418569bc5eaa62df7c623fafc228707158ed30708538dcb2fd2e2901a05,cba85c7ca5650a0e93246b4be6fedd356803d431a0947d73c78a3af60b960746,7.376983165740967,0.29390621185302734,6.155385971069336,1.5155034065246582,6.155385971069336,1.5155034065246582
33262,gdb_34304,20,0.1,20260913,69dda0b5c050d74c4e59da82669766d0a4724cdf093bbe907b72c67c2432decf,9.202890396118164,c37c9ecacf7fcdbd396a9e3d610524bc533ace7180a1fdc2c19f60da2ca4bd3a,72fbfa4c267e8037889ee1964cdcc747a105fa6ee21a6a9071fcf6420382a29f,bae22c0058d74123cc385e18a025e949b698ea1732735191b499744426dc0a68,24fdc8d667df65aeb03d1558ece5a7b80e56cdd0ad5cfc99c04dda850e02a1cc,adfbf8c2bb2f200a2328e12f7dfab146c562b26cad61bcfb5a3a9b8b4585751b,7.552050590515137,1.6508398056030273,8.792559623718262,0.41033077239990234,8.792559623718262,0.41033077239990234
116096,gdb_118248,24,0.1,20260913,0bd210544e6cd6be03191657e5f1c917a0ad6fa40aee5032adb8d39a569ab4b1,8.628729820251465,2a576f1c6e1d4aac396563bf05ff28d4440e5f888405d2aec59078981ee9a709,8a9efcf5bd6672a533ca0a39a1ae440e92320945593d5d052a13c77f6479c383,697ebf075410e00c3b9a44605fefd3e1c7ef0d9d4723655100a8676977c1a35e,0eaf0b39347aabb58f113ec7c75444ed23707627dfb29056da5d156ba310eb32,47d893c3235e54d1c53b68a669217012854494b23dc7652b72e1f47cf7961beb,8.624197959899902,0.0045318603515625,8.585785865783691,0.04294395446777344,8.585785865783691,0.04294395446777344
81354,gdb_83082,18,0.1,20260913,25a39aa96ff49727f49150bb8e440c37538044c926e91af8715a1c98ebbb69d9,5.986505031585693,907d852da17a16894793e89340df4ff8e331f971fc24aa87208dcf7e318c4c29,dbc87ad8d3dbb0f36cdb1a7e95faf114442061ccf6dd02dc55502523d4a2af9f,552374675dc5200d05b98a28ee199bc2756f97ad54674627ffd24ae826ea61a9,08bb401c44a867348eaef645e99c604b5d712414a2ec05c34bb48ffc6c52ce73,4e5ec111429d268c19f93478033d559d9f815888b240107b7ad8f7bd0c2123e2,5.5491509437561035,0.43735408782958984,5.7632575035095215,0.22324752807617188,5.7632575035095215,0.22324752807617188
14403,gdb_14725,20,0.1,20260913,5a920ebccf7e050fe9e6f47bc14a6b5909e30dc06878c98e207be4f2676bfbe3,8.223280906677246,b4bbddc4fa3b8ac445ef5d15580173a0452984eefbd94b02c0afaf4c90e3ba43,aefe15680f6e1d36659de09b1e6d7293803f1eee4db23e84bb08a8d874f295e0,47693d275af80ecb372c1d7eaffdb29991404c2bd5196e74fff0730e9b29f5bd,f7400b3593d6f56da405c2a8b4f8ff2e40cbe997fcb1f8710c05e21c4a4b76fe,05df0a840f8114deabd9eeec0d8ce017fe3a2ea655ec777bb16d71340e0dc410,8.068367958068848,0.15491294860839844,8.173576354980469,0.049704551696777344,8.173576354980469,0.049704551696777344
41232,gdb_42361,18,0.1,20260913,52825373993e381e5a15a1080f412e5a4a43213d1935cc67a580f87bcbfcbfc2,6.179705619812012,8e125a906c2cfb353f210e66af9a2ca6d12c9c40b1a57280a4cdb7b10eb971c2,8e5ff12b4b0e15682514d838c4e0c20ce6348ee7237e144faae876faf58cd454,8256cffbf549e652b1951e3cfad253c6bf7040dfca45c1627ea0375b69e615b5,6e9aa7755074e1c6f890a7e8d1a205152f5ea95b0e86f9cdb28ffcd94090438d,71c58d1e91e2cac4a1ee4fb33fda5803c4a1ae1d9cd03f49d1d66d16ba3bd33f,6.1921467781066895,0.012441158294677734,6.2719597816467285,0.0922541618347168,6.2719597816467285,0.0922541618347168
127876,gdb_130646,14,0.1,20260913,91cba7737ca31a61169a3ed2067fc2511aadbd98a3a9743c8d4e58b3a5440486,5.695343017578125,179738f4d9d73d94ac18deaddceae7b57c41e41ec186d3cfd8de5162289723c4,c95265dd842032a6a4b27e97db715884f284de823342197fcd06475765841434,d64ba3145446aa80eeb1bbdc193665c00768ed6c2efb366d31be4ee0242bcd53,fffec5bc24a5a3f80c80439a6d6107068ee54122dc7d7cd2ebd76ed32c0d2478,d1a304e5722f52986d6b21ad439f4aac2a870cfa199df4b3554feffe843c05d1,5.566521644592285,0.12882137298583984,5.909748077392578,0.21440505981445312,5.909748077392578,0.21440505981445312
37952,gdb_39039,19,0.1,20260913,b0648e6f7cf336a135d889a0d39471687cfa19d3d008da9830d6f02969815f83,6.7484235763549805,076e77be5b0ee4c8bfa4ba97de25ab9cb47d07029d9f8480b886b0e6fd7a792e,bf3b4a0596f1da4ed98a8aef083b583b8affdfa40fe045912b6eb80171e5a2b1,684ebc6581b50346743413a946a4845e1f28099e874b0c2aed3f5459c5e8517c,0e113a3e96381af9f8dfe4b448ad8ddc74bc35f7ea17be6de8988c996c61540e,6604277a28d9135b1736bd115630da054f0cc4594bdfb2f9eef3ffa4b56040e3,6.6576361656188965,0.09078741073608398,6.8219075202941895,0.07348394393920898,6.8219075202941895,0.07348394393920898
91415,gdb_93228,22,0.1,20260913,ddc1c9367d59c08e0cab20aaed719f9796e4dc8e3f20f45774096c9dfbe556e7,5.34159517288208,72be83e63d164947b05a142c14efa41bbbae91d924c61e5824525f22551c032c,45728a1c28a922c289722768fdd9f92641bfc09e565c832b06dd409f3b9b1035,40794a6d08741aa34eb04b23170ca387b95a87a04c3c4f7c61832b950ea10a8e,dec6f9c014857c37acbfcafeba2ce1ea43b7cc2debe80e1ab487105f412fdd9d,68f283589e21ee88528045e40cbb9d2ec4b10f11f1f5c2fca9937534b49ba7ef,5.769289016723633,0.42769384384155273,5.87966251373291,0.5380673408508301,5.87966251373291,0.5380673408508301
1418,gdb_1456,13,0.1,20260913,6fd99c30392db71f5654c2a28f369232a7af185fc85d39b2d3d7dcb0f2c8c7a8,5.809630870819092,988ceb0c37068a628e3d41b90d800eae810824f8889bc7cfe78389879e54cdf2,090639ccdaa282e1f125792578868c86647207c7184df52e0848f450ef43a9c1,cfc711f096237245b69ebf921012a222652212e6e7d047c35f31fc174d556b2b,4796827c90f0ebd2b474431497c204f978597141bc66b8e152aa0103f3315813,a28f5bdce05d94150014c65ac03cfec556ccd568facad0f1502c16d76b958bcf,5.9683918952941895,0.15876102447509766,6.031301975250244,0.22167110443115234,6.031301975250244,0.22167110443115234
109668,gdb_111747,23,0.1,20260913,31526c2eab6947c785be7c2fbfb1eb18da9c44e8dffa52e425bb1b77557625cb,8.80832576751709,1d2fc8031cc423f6b79c271e305ad05a944e70af0dc42c76ee5cffc59b1c2d42,4a51709a2c1ff18853be29e4c6241a9b312e307587232a93f8f9f6e8a374fa5f,62bbf7a6af4dbde74ccf7d0c3920d59652a171143e5859b70a627a8c2db17a15,d5b7b1e25700c70dd2cde19a93b1ddd00e8705358377c264ffe8265a0cd74d48,b7a86cf6ea87d6159113106a57139e9a737fa2ab3dd5dc332296da408e2f8c87,6.492745399475098,2.315580368041992,8.256756782531738,0.5515689849853516,8.256756782531738,0.5515689849853516
2315,gdb_2371,18,0.1,20260913,7df1cce7cbcacb566f139819d1a17578e518c626060477349252072107dc8227,8.100829124450684,df72f30993ccf0d4a088f146d61c397183424b1c4ecf3d4320efb1c19a5136ea,d321b01e89bcf3695dfde00ee6f2b897d18fc61a0486fa0da290b181ab062946,ccf4beb8ec6586bd8f0db70f5a73b233f51efbfbb671f055a4248acec71a1a18,92e5598612a3b16c8abb01feb1fead530bb7035f4add9f3edecc47425344ac28,125c7b7658c70614c5f619f3626465ad484fd6874f08f23ba55a90e06260380d,8.17254638671875,0.0717172622680664,8.081464767456055,0.019364356994628906,8.081464767456055,0.019364356994628906
97100,gdb_99007,17,0.1,20260913,a1f7f742cb33dc2c4865504b9146901b0521440f2d85c69f08b65d3d3fa8308e,7.638236045837402,f38534198649cc5a8cfeae0f780dcf165764414fc4479dac632f5a456f20d43e,eaf853633a573f033ea2d7586dece13c95f3447f4b514c3426adb9ace6d339a5,4a4b6bbd2d5478ab35adc9a2f91cd0667d742830edfbaf41582fb1295ee8b997,7cb4aeca93627fc699f8cc3916fe581a048885a8dc204119eb0048b3a28fc997,e13fc715ec965ac6f28b6718ba6ffa673e6228efd8d73f34716d8239b0274d06,6.4929728507995605,1.1452631950378418,6.998266696929932,0.6399693489074707,6.998266696929932,0.6399693489074707
93433,gdb_95274,18,0.1,20260913,5798026af23bd55cbde5270067f56a25e5e7c510a313415378d60531ae1065f1,7.4042181968688965,4666c9b9ffcc31abe124b8eb1185fddc7876ea6e13ff641cbeb938b7ad606c7d,f9d9ac4128d4275a59c96dbb1b25861458f816a4d56c4198b128e2a09469ad6e,b2f1c20088120d7bcafec1bd744bef5e10798b0e71654323dd42ac004a1abaaa,0c777063670ed9f0f036aa970c64b497f1e880b33e0d543e157fa9d9f8b0dda5,cbeed2b83c563dad37aed59075764b501a6d33f17ccadbc572fd05f9e4b4c9e3,6.712370872497559,0.6918473243713379,7.204998970031738,0.1992192268371582,7.204998970031738,0.1992192268371582
35161,gdb_36203,17,0.1,20260913,45a2f83775bd24cc1932ea8a7b95ff96b7a52fa3b02f7169df14a7f24be43e81,7.102171897888184,404bbcd96385c6a9901a24f189f0de5a163e12720db618e0cab8053f9718a2d8,8f668351c0a22580cccd9d58a328996be95ff183288a8d431e6621e99ba1c074,75abbe912371c8aa8baaea488563c436f2192fc8a5f207973879284728e699d8,6ce50088643319bb6b90a33ba5ac4a5998665fd298add35956aceb40998cb914,8075cf707d949e789e6d07b4ec33071f83e4dfdc364ad7adc8b240c6e5c18456,7.507076740264893,0.404904842376709,7.660130500793457,0.5579586029052734,7.660130500793457,0.5579586029052734
72955,gdb_74645,18,0.1,20260913,3653e38760f485031602698f957c3acf627e5523b75f39465dcfa4be91527036,6.098071575164795,66ed1c5e48752166c2bd789c9d2d570b27967f1d97882d2fea005a12a65e0c1a,77a6400ddcd40f4d1eb1536c9d277eb1139d438a1dc89e947248502dfbde1710,c1672ec8f58bb318f33c09ae2c589c5a98513396dc6b802a8f26b0a15a1b9da5,617d9ada510348c7f1bcb7864f6d789e0ec4b0ecc7a9e46f215c5742d79aed73,c1797b820cef1d077b6d314001e606f4eb4508d71945fd585b9f98ef07346074,6.199549198150635,0.10147762298583984,5.803277492523193,0.29479408264160156,5.803277492523193,0.29479408264160156
97296,gdb_99204,18,0.1,20260913,57610de8efac1a6ecd1e9227e9d2d711c33114370341464fa945b1bb410e36c4,7.8123884201049805,3c3bf40266417ea7db475ec4918184aaa46022e5bea830cc0af30e0890019504,175ac6a636d53ef40213ab74a8f06b54845bb325975147d070fe833b69b6c0c3,4810d6abad522ef40b6c1947c72f293f87e59e0bac7b930f22c9bdcf77d9c9b5,206cde8848374b910b678d73e1b514d993bc2fc15d312727ec4e42a2a9598472,1cb126e92d148629a2ec8ea1bd3bc9642ff495f071e541b0a5f3bb5542fc0cfd,7.550339221954346,0.26204919815063477,7.738779544830322,0.0736088752746582,7.738779544830322,0.0736088752746582
42980,gdb_44115,13,0.1,20260913,dcc7418978f699a9d7a0420b75ba0ecdea82021aa39f105d8735fffcba3b6b9b,5.425950050354004,e499e8b689cbfdcdcb436d43ddf805cdc42fbbd2385bfd33fadb15afd727ff7c,e129415047dd121fe65a1a376c1f8d0d3acee8c8804d5db23d3bd8b907b05ba8,460055d71658e3c58f8bdb4b06ad57ad9e62fd7688a874f74fa877f89392d9ae,ff1f99935c31b6f1d7580b37156631b63e85f691370077ab301f437403483afa,e964829e073f3f97ab95cbf75651b9707810578314bbc4e21195ff81011212b3,6.217187404632568,0.7912373542785645,5.648182392120361,0.22223234176635742,5.648182392120361,0.22223234176635742
78911,gdb_80631,19,0.1,20260913,4d1524f836153298759f689eceb6d75903fd93e65e7b55e0c5bfa885122cde9c,7.9919843673706055,aa9826876edc0fc6d557506d046a97b37e842b2530b368d44e35380cf7f07abe,c55855494a6fe3132f739a8917d6d52cb312fcbd6c3da80659ee7744e740ee3f,0e5695eb2566b486431cf17c8bd4ab7b492e3c495d5648eb820d0c832696f98c,39df354491ee73fd9db89d3893daf5920b9c9e4df81806263d7659f4603c4e1e,52d5e310e76dddef38e7790552871f53a9cd91c7c35edf38057ee8ad5190c75f,7.616757392883301,0.3752269744873047,7.836551666259766,0.15543270111083984,7.836551666259766,0.15543270111083984
31582,gdb_32582,21,0.1,20260913,b424b0a8fc20b886cc4f38eef26370a1f2f638d6eee3f4e7dc2af7a29ad739ed,6.16065788269043,711fe76a11af48e8417a343e3123bdffb330a14470e2f18f48a5c52829039ec9,fd9bd9100a084fa5a88fd9afa32b7261d1fd8ee6d54ea29f021cb20bf2ff13aa,f19c7abf6525779a38cf8528a78ffe4c017f4dbb3e7e0c9924b588ebb41af334,d4b617bc1fbcb4ecb81ffa373fc2bdbe70449a5424efe1d3e7e8d112826ee59f,b4beba902ec34d78dfc1fb77c02541755eaa4c89fd317cb00c82388c0e6ec1e9,6.172366619110107,0.011708736419677734,6.369480133056641,0.20882225036621094,6.369480133056641,0.20882225036621094
28182,gdb_28970,14,0.1,20260913,d1ddc01a4989422341f0108d543f3a8f42645a651a58621e837170ccb385f759,5.1483941078186035,fb3ee70178d747c20adc972b509ac484363dc62a83042cffe6cfdc8a4631b117,4daa5197f220c51a3403ed09bc0cd8174e89421af5c5565f35958147db6c9b5e,cbc1261b26003fe2958b3125d2544faa046f3919938ef9f37b2093bd87b746d5,254be9cd363fa039890ccba1d146557277167c50d2412ed590ce38591d1b34ae,073e34be7f9e2a5ed229deb588545fb0e765875191df7ffd9739783e6bd50fa9,5.1566267013549805,0.008232593536376953,4.9182562828063965,0.23013782501220703,4.9182562828063965,0.23013782501220703
32340,gdb_33382,18,0.1,20260913,1807e2e3f978a6db5f4645521cd22240af10ad564bc0c2389f5cc4d374e4d500,6.625972270965576,0ef9961a422a12404cfe8bf5e77e54fc981c5c6c9c0cfe3a21021c9bba919345,3a781d468406b795a42bf0a96e2341c3b4ba9a0fbd4a899aa4b4a2ce9c98aec3,3a3e23ffd3d8ed72b8fe1e53146607e17cee1ae9ad7a2f8c2e6a022d24aaf01c,4abe660a7f61a4a2b01e2ce5e9d5a25039973ff18c0a51973fdbc5ac92e1cbcf,9364b0313b447e7fc554930fb250cb6f55b25af1628fd896a78d5d552cd857c8,7.126502990722656,0.5005307197570801,6.032479763031006,0.5934925079345703,6.032479763031006,0.5934925079345703
6372,gdb_6569,18,0.1,20260913,5b0ba15356939866904494cc7dcd44de02aee121eedf77e6237a59fd89350a0c,8.541653633117676,50f185cce3a88dbeed075b12fc0bb3db6984242a45bffd16d344a5d9a1c595ff,1586d328c6939cd8ec992578542eb27d350ec3f4488393b517b8d020aa6060cb,8c6ac753b48b2c2d2469ceaba3e82d2b2119eebd234fd76b43584bb86be52bc0,a31410bf8a9d928edba5057f672f19fd9fbeaa9173a4aca1208b1a8517b05efa,dc89af15784d855f225e1c52bbd3b1162c47c192d3448af22da6113c71cfdf3d,8.27111530303955,0.270538330078125,8.521676063537598,0.019977569580078125,8.521676063537598,0.019977569580078125
65636,gdb_67315,16,0.1,20260913,65f155a15463dd25db3c8eced6b1b77b22442e19fb84ca688b897788e1abcb1b,7.140267848968506,81b36c1db46aebd218226b1bce8328e638481a11716e093105045da6c6fa2f6f,24c65c8ca5510aff7fa1d3d9e93a6a006c4b3ea6ab53401e170063b745f6c180,a571fc873d461e65f3731ac7c514e0e233dcad7a2fc4d16a5d21718acf6ba317,fe4125b4048d7795e23c6b3725178bc7522260f6550666c40af70184303c13ce,7067aff4a1ba63127f624e96b320ef7628ae10cd5de9305e786187693b01ca03,7.047664165496826,0.09260368347167969,7.063479900360107,0.07678794860839844,7.063479900360107,0.07678794860839844
6440,gdb_6637,14,0.1,20260913,2080b18146d04d0700e5193955938b20335d1c5211da28dd965defe6b700fb7b,5.556564807891846,68ec26056e7bb561017a31a887d1d89d93c7eff52afe0bc863add5c157fa5314,b49ab2dd74887a34f74a9b1563c8c1409d3d60f187f74aa96ec29c4ef779fe36,d9ed9e04ef8545d97868171783f84459bd5a8c755f341d4ded7b21c6d64b8b27,828e268d6ad383cc2eb9363e3092727e8b6b8a0bd96846594ec1cf66a492203c,41706020ca9b8fd801bf58611a756f76a1676559657646c086d19dd9489be9ca,5.28109884262085,0.2754659652709961,5.2279953956604,0.3285694122314453,5.2279953956604,0.3285694122314453
31763,gdb_32773,18,0.1,20260913,f86f56c865b7482bb8588dd5eabf249c80c077c56cce672ccc77644d057aa9d8,5.951130390167236,67799e8d9ffec25ff485e9a7c93e109eef9043b2e25e5fdc0e53edde4a533890,7e0818fecc3e77b4dfef41e13d11c0e833a3e34058289fc9c3688db5424a1966,632d62dca414802dad7aa00a85a8ce410f1fd0c3ba7ab04c96f8bf69ade6c1a8,bf0b07eafd482abe4a5b243f5d5c7341125ff09e07e4dc0378ba92ed49834060,98059a63ffa174c3da5e9402d4eec3e92089fcaf9b39bda7b2afea9dfc979981,6.200714588165283,0.24958419799804688,6.361362457275391,0.4102320671081543,6.361362457275391,0.4102320671081543
71523,gdb_73213,18,0.1,20260913,9c43a7e7c875d0e598b2c40fb78ef92709b7eab64847b92c83d3bee09e4b89b0,7.300814628601074,a88e45e0daa84f51a1cf0fde713c337fa1c8b9962b10109793f9db87a9e19bb0,6eab19ae784f367566eaa34e5ea499d826caf6e8b340524909e49732d481684a,9fe40f571bf0a6ea554c3a417402c71133aeb82ab2d606c4b61f9f6941ee3443,08278cfb56dc5ab084048260341807161ce4c828dd9f45e455347c66b0c1c07b,ed1c6fc365e38bd40a4bf8f8a697c9ba78ddab2a7db6cf73e29f65f9f4889cb6,7.0710320472717285,0.2297825813293457,7.191478252410889,0.10933637619018555,7.191478252410889,0.10933637619018555
63884,gdb_65549,17,0.1,20260913,d5e1e3746402e6b8dc7b27b37b5a9c3a9e956cfe50b555b6a78ae7c54a21d519,6.88720178604126,d726ec3f9fc9d470c8bf39138f58d95ee69f763f61bfddc37460b19ec4a14cbb,63d1501b7776c82b2b1e858b0bf9b20fe47d329bb3c15de5726e8fa07cf5119f,f0d6e077dbed250a248b32772d9d000ec008ed62a735290bc7574578fb4238a8,d4c3e99b15995a94a533b9495b83e6c168c834146d3ce961a9a9304fe0e33e6f,afbdad96131b2987236b9e9ffa97e4731ef001a774bbe172a45ef75c5f964a79,6.447963237762451,0.4392385482788086,6.450563430786133,0.43663835525512695,6.450563430786133,0.43663835525512695
1614,gdb_1661,16,0.1,20260913,4e746ee2bd73d1ba8ec62cc91fe3791866a7fdc80f4b77e4419ea0c0c9bf5f66,7.341631889343262,6097149e9e9505e721151af56a80c48f385e246e9f7cc548d9fea2be7ff3df46,7c29e4c15f02ba89114bc235d6fdc987c473b890f128b131605fd7c558dba52e,f48b4c2c83c4bec3558a039c90df85d201762b09d26b54e3152174149747952b,69431b948749d4a3393c4480b12730598474dbbd01295da8fcfd36fb27619f8c,aade80c8ed77d39e4a451ffac55579de210a4bef69f16c1a3c939f80f863b1ef,6.924957275390625,0.4166746139526367,7.303637981414795,0.0379939079284668,7.303637981414795,0.0379939079284668
16791,gdb_17113,18,0.1,20260913,6527cceedc57d65572e8ce5df2d8f01da2df509795059308bc08ed03e4e4d751,9.417860984802246,c0b97a46a72626796b3ea32af69c98fac890c0a0a095c32266388283dbb0191e,cc94708990391115d184178ea2d59d8435b6feece8dc7eefca4a3a99aa3e856d,39399712129c435acc48dc7c8ab15d2d40028d0186d2c1a18ec7bdb4831908c8,c4a87cfc907f9abc247e9e811b2b02f7feac7954a405f4c7d6b05ce49c37ea4e,59b800a67c9eedaa2b98a1d938d7c780f52e2abaf5e959e0ff4b73e279f29817,9.031912803649902,0.38594818115234375,8.926742553710938,0.4911184310913086,8.926742553710938,0.4911184310913086
80563,gdb_82291,23,0.1,20260913,e1691df6251c76bbca1864f691933310345fb8b940ff3060dae4474dadc610d2,8.726691246032715,5802944c2d3484692ba67841d8085ed544006011e99f1cea479e36761247eb41,c615bb3195622638cd530d2e99aaded322d6e3341c2d2c2ac653c27ef53a1fe8,c41a3dd756f9cede49fd66219a93fd5a1eb8848273937c9845dad334e45ae604,09ed080d73537c18089aa635d36b24c982f4fba47eaf95beb62d0a39a3df5517,929e91c8185ee708d69135d6934020d6196b1bafc8da86023cf971635355f1ec,8.103717803955078,0.6229734420776367,8.519020080566406,0.2076711654663086,8.519020080566406,0.2076711654663086
72949,gdb_74639,20,0.1,20260913,c159c20ab52c560f1c8fded816e5b8db0306d995a443ed17d565726186748f76,6.070860385894775,6e14ce53201f3f39136fa3560ba5b4c726e5d40fcd6f264e3dac1d99813bcff5,035823c94c6364acdd12e89d35dd3ada13e943792ac027be669596b6a1675e67,69664adb18402b8b39efe943f7cb18d0a7f206583cb55804202d233a1f77cadb,6579fddc923462f1c4245a8cdbcfa426a70d45526e9b1530450661f6995521dd,3812d766c40da2c13464f4728a26556da2516d14bb659490a48e78b27cb916e6,6.2965168952941895,0.22565650939941406,6.328821659088135,0.2579612731933594,6.328821659088135,0.2579612731933594
86358,gdb_88133,17,0.1,20260913,35391cdd5ff46fe958738581e6b73083cb8815d73eb3a93c5541523d08609fc5,6.802846431732178,dafb83761536bcaccd23f29abd669a76161f5afb961a7dbcca372e17ea65cbd0,c0255ea1c9f0dc36bed5a2d74c8c786a41cf69ce59804e4c96f58bc8dcc89987,df69eac4d1c3a1a2cf3ed3006236aed64e665f5b4af349a77581859d9cf62981,9e621c01bfaffff5641c07ba6a47b10f4ea62c9f44f028bb45ad8d49e98d14ea,e4c66fc57a7e68baf79a1725e85828f6d2353e95b72934e00a6d0c490945ec7b,6.691716194152832,0.1111302375793457,6.8842902183532715,0.08144378662109375,6.8842902183532715,0.08144378662109375
121972,gdb_124227,14,0.1,20260913,4bf53bc0947be7780bcc8d384a1a04e399a78f8a30bcdc6e0e2e4579b7a57cb3,7.219180583953857,f4634df9406485c62b2fb78fc77c7ebecf242cd4efe9d4d5322edf5108021143,b4e89124558ac30dfa0aff5835b76115009e4623837e91b1e18ec3a5284da049,6b0d3961a402dace7fac0c6e0d8e238a741dc3837c6206f009a7951fcb523404,54d6eb14ae34cccbf597c9b2e5c37076af7d1abd2c75897fdbac1aea94731fc7,2760e16b2671e0f5b048d982c5ce43bf128da8cd7df8c41941bfb0cef32baf3a,6.251263618469238,0.9679169654846191,5.9987969398498535,1.220383644104004,5.998796463012695,1.220384120941162
55966,gdb_57517,19,0.1,20260913,6cb64d722bfb488994010a7a3d8b7c76a6037077ba0e23e76081710baad8ce3b,4.171505451202393,9a8c7e7f1bdbc48049f68aef52b6412c8a996d5236e8389aca629d91504fd1a2,84da39edd3f244168914e8c91548307731e2b91ab9c64f12dbc4b43500c26b7b,35c866f315603b1f0061f062a822dab179c173dc3f93ebe75e828bf42b75f97c,c56653930ffbec0499df713b766fbe75e5a7026691a28fc3360e7ce64d4017bf,b2d2e517c46c75ba28cf794b19bab3e7cef88dd66646d40004df9ad9c178989d,5.2653374671936035,1.093832015991211,5.750176906585693,1.5786714553833008,5.750176906585693,1.5786714553833008
4074,gdb_4147,16,0.1,20260913,520b0f192d0a7e0551b7fd6b39377c3538b3fcea1a8ed4daa6884a2f479092ec,6.666789531707764,c84a6ac586bb80b153b8676b424d2085457b7f422f574ad2fa3e6671d72eaa72,c4b7056e645aab67b9041e967120245601c3fba4969fb2e240b8bb05bd225226,afdbd566e2d2fecaff0c7399469e4436f203ea95a8771a2f31b3205c2644972f,773c163bc257f54bb202cf1843cb8709cc52d68b2ae2fa4d0b9983f38ddad246,af1e562ce7c41e073aa82307a39735bc5b0d203fe6468c7fdd7701583d1c5333,6.18635892868042,0.48043060302734375,6.3920769691467285,0.27471256256103516,6.3920769691467285,0.27471256256103516
122781,gdb_125074,15,0.1,20260913,b9dac25ff3066e19ddfd5088daf711efacc44d0d77b5e0f031f43af5b6efb70c,5.828679084777832,2886af7de5e964a1e6e77f04e296641c11761873624a6a792781708002cfa07d,ddc8ff59d30726cda95f608363bfb9ee5eb7092ced5f9d8a78989094ca9a53e6,e17a6331c9bda6adb70ab487bd4d4258a9c70d941f90642440fcc9fef138f811,63f50d359474747cfe77059bf0b3bd46ccb5231c96307b45f563e0a86e5b0e20,fadbee4b5facc8da9f3b23d5a445000de327a627c1733b1652de8f4b250e59ab,5.844964981079102,0.01628589630126953,5.544657230377197,0.28402185440063477,5.544657230377197,0.28402185440063477
18060,gdb_18392,15,0.1,20260913,5c2c74518497d7240a3cfbfb35b64aa1d0b6af78ed787f8478e4f65f62f9c731,6.8409423828125,90ca5126bd42fcbe02cd36227e90476bf782cd6112e21e7e428bf8b7d70e9b5f,f6cda5accc7af8580ef5a7d85d24afde8814c97f5dd3fa86cde8ce13bb37ac56,b21ae70afd0f562c1545a81692140b6c128a005484900f2df10836761b796955,77a200ea1cb4ee05b426681a7c3cd0787e3bf1dfc3b513f1a0cf49ff78a7a0dc,ab82d89804eb8fa50102263c28eef50ae069dc9366f809cdf32a0fd499059cab,6.57628870010376,0.26465368270874023,6.97223424911499,0.13129186630249023,6.97223424911499,0.13129186630249023
97953,gdb_99894,20,0.1,20260913,d211feb73f796466cd05606aa6e630a38aea5c2904750f5303c6d8c0b0b2e8c0,8.522605895996094,3ca537d85a36ed62e8d44b82b4c7b62ab763d38a0288738776ca604d8e4af931,aa9a971743d198d78611d660f59fa776caa5d1565eef734d75095966cb228d89,17d8fde05cc8479da4950816c6382cbb5a6cad82740d9b9d6aadfc02812aa0da,e98af20de8a5ad7c18934c3f09e562a95ac35ab7510cb82b5d7d53d3ead73d91,03965a9ac09933c84c315938b858870091ffc20c6c88c54bc17f9ddd6e865a54,8.6172456741333,0.09463977813720703,8.504630088806152,0.017975807189941406,8.504630088806152,0.017975807189941406
124145,gdb_126508,20,0.1,20260913,e013262eabb8a8f089ba151271948e3674387c2a150d95f6051ab25a2f8df736,6.468146324157715,a0a709a2033f38730efc23fccdd43a4664545c21cc8e7082a3c765fce0d36a5d,a1beb939754339d4ff2fd555732c9f9cbf32a091239bbe3919aeae70a165b7e1,f6c37146413871c94f9bd16e508afd8844ff091b588193e2a85acb04515fe22a,320e15d996fcdfb6f8fa74eabe676f5966ba431d2d67a428782fd1cf661b039c,86d68c26c970ac371c465ea304947e702b4710cb60c5d2f87e3a3bb5b3013eb7,6.226381778717041,0.24176454544067383,6.8167924880981445,0.3486461639404297,6.8167924880981445,0.3486461639404297
61779,gdb_63441,19,0.1,20260913,dc31ae02e6d522d4ff3518dc5c32b5f33c01360ff562498467e0b948220d60b5,7.611024856567383,d9b85a82fd78d404652ee42a3f4bbf39ec70db2d0afb4793bb410d33d6a12aec,aa81b4de2126f67c3f73191bf16aa2a4aa638cc7d73a5647f8e358594bdc0442,b9cc8923d84743c743b069df47a55a213272b8a748b7f8aaf9b6a98229d11265,efdba9bdbebb28954443935429ca7a83497bc4e1d6f888cd7bae8154f26b0f5c,0aa171db32a5f4bba8bf3774da2f8736bb8267e417828f94a2a76b254da96a34,7.296802043914795,0.3142228126525879,7.669619560241699,0.058594703674316406,7.669619560241699,0.058594703674316406
46670,gdb_47809,18,0.1,20260913,425e43c693fbc2b3a1190f38362f2fdc6a67cfbf6eb01374067318ed6d51138b,5.40146017074585,ecdbf4b5873394040d3c8a3db264bd4448edcc436ffa0a1fdae60fc72a34e0b0,9bae7c7fa72fb129d3a221d8bd1866fa6844a914763d200611c36c1916e378e7,a5889696681e5bf30b0ce39e144d723f3ab833d59b4ef3ff784560cb16d166b0,dce728c98898d0958f94a45bcf1b320ee86d32ae5afcc14d1ce14923f9957f19,db006b60fc2ee70f2de4e7a708fc9735b5be0aa15ab283f9e51ea1751a324cbc,5.434962749481201,0.03350257873535156,5.650864124298096,0.2494039535522461,5.650864124298096,0.2494039535522461
85248,gdb_87014,16,0.1,20260913,6c7da2d909db0f81db2db2e8d084ef32bedb84c17f2975f0d1893d4ca0ed06bd,5.962014675140381,702da5c641f0ea202a7dfb27d557bdfc8b5de4f09f593f01680f895ed352d05e,0cf1a0e2d4ced11546bbfe2b399d6a2cfb921cc34820651d2258f2e1f786fc76,afea0b6008a29dfd8e13fcda67775f4791dfa336b92f0e1faf00a8293d53ac30,4ba2ea5dcb09608c5666db219468809af4df1091fa971261d8ba0b784ba7e865,ee9d6851f9fb3ec879ada89434052f590055074874330de03f1a8581b0c01a7d,6.3586249351501465,0.3966102600097656,7.133149147033691,1.1711344718933105,7.133149147033691,1.1711344718933105
47404,gdb_48546,17,0.1,20260913,d69c3f9876ec1bcafb038e26710b4ced6f7acc43c89c3a93bcdd658b9c0b8f89,5.945687770843506,c00cb1eb510b105d004a05b42e39502739fa17918fe54a8d07b2d164e5aa6b19,faae60b2b959cf7b9753ef535f9b7c89f77985c829cb5c3cc00195759e2bf25d,b86c46db25589874753ea211e2c5488f1ee13f6a8d96a84a7741adc950100aa8,4faae6f360a95bf68e6f56638c6039846eec6352d0241b1f1f68f5be8bae4255,86cbf61008d01ca2a1b35ce1d13d0065fa203a84226972371173afc3d4efb2e4,5.361403465270996,0.5842843055725098,6.0981879234313965,0.15250015258789062,6.0981879234313965,0.15250015258789062
102369,gdb_104406,23,0.1,20260913,8e97c3e704fa350261da8ae34bfdf9b32d4a914307be366e7029cd3025d26437,8.805603981018066,f35fc098909d85263d5c5455f8b2e39cbf7f49df9e11478f1be0c7421b56a8ae,1ad3d54406d24c74805e3fec7deb22fdd2d5f448b7a8db59bdac3ab68a27320d,145d426fcc3ea6f8a53ae38a7321b9670b1e5128a28649ee1dc3eb5f72fa84be,7d97350dd5c079db51824c28e6e062822f45510717d62884877f079bc71e68d6,c456242ec001d24dd42c7bec15552b3231160ca3d7ad68f761b814c15dba85fb,8.885785102844238,0.08018112182617188,8.991105079650879,0.1855010986328125,8.991105079650879,0.1855010986328125
6369,gdb_6566,22,0.1,20260913,34930147e67576982cef66eb7f737cee9d73dbfcf815dcdf47cf770f3171b0c2,10.008347511291504,6ce33e05adc78ea10b928d53a136f559c0dcc49b682265e8c44c097eeb50f8f6,b8178684dd0010ff9c926b32a6af85ff1efd7e1a59f407945fbedff6c716608b,f84b35b229619bfdc6137e369ae3db65893edabb44fe001c0c39fdbb8bee56ed,cf20182350734e58db5ca242e7b587ddb2a4425b45302952bd704b809005ee84,96887f43b6bb2a0f26da277f84a4b143624b416f9ae2349cc9804c3c5fff4962,8.51032543182373,1.4980220794677734,8.926887512207031,1.0814599990844727,8.926887512207031,1.0814599990844727
55323,gdb_56857,18,0.1,20260913,e1c448d0cbc2f2cebc894adf5fd43dd6da2a68757b52d5b1f4feb027c431079b,7.733476161956787,4ee8c0e2df6d636cc65ae9cd48eb215f79475598a62397cebe3c0fa783378864,1b42b8bf11c16e7b3cfea6027bf66c850c394b4841fd1b71ffee7c71ddb57f32,314085e449af36bceef88847b5330777d436a5754d15d248db230cc1e8cd0a94,3f7adb7cbdb857fc7cff43a92aa8a64329c3a22669b7f3d1676c01ea506b19a2,cf3b334a61bf5130686d7f43d2bc5d9238b9823bde3f02e9f99f4ceac184b435,7.511631488800049,0.22184467315673828,7.500655174255371,0.23282098770141602,7.500655174255371,0.23282098770141602
67214,gdb_68897,19,0.1,20260913,21c89b836ba0f1ba54c0b326bcc7cc8305b5a4b31c1b91eb6656b4084d7af09a,6.533453464508057,5662dd3ad23488546d6023ba4e500bfebe94060c1052ea27edb7c1b7de889686,f13e92ddfc6f8c0087d5e8905bf786f1b440593096d35997a586eefbd79bfe41,06724d610c0286168314799ef2edb4f2e5a82e7f8e11c0d9f8b26c6cccb52e97,ff85d04b08b61d083b5b9e90c89af016196e114253c8ed3d222a10c5d7afe09b,d76449c55c605ee4320eaf7a2ce248dd4ef186bd5d299183f19fd0c0195c268b,5.952317714691162,0.5811357498168945,6.146130084991455,0.38732337951660156,6.146130084991455,0.38732337951660156
112430,gdb_114535,21,0.1,20260913,7ee4448397f64bab0a5c78ba5c978a40213aa48952d4d90c774be6625962b162,8.62328815460205,0309045a04c80306153ee29647f0957e31da7f7a66df7666bc5fa4a45d99818b,9336fa3e85d584b61e61e4d2e246a96f1e3113a2bb05050e31ea7bc5d0ef0748,36a3f0ec5cd5bc2ef94672c9653ae545f85f7957c676a931422854c915081457,8b0f7effa9909bbef59304d74e18b94e07b30fb7a24198216d8a1749ef8df086,79e87f65f29b31c6997ee066d8d472ddceb56c98d190f970950b4b8e78a23b20,8.442022323608398,0.18126583099365234,8.443718910217285,0.17956924438476562,8.443718910217285,0.17956924438476562
73981,gdb_75674,14,0.1,20260913,46adc7c95f6719865c8bfb73ace3aea5c5333928599eb6e43ae9d9512b589234,5.659968376159668,4297752818eab3de6c807b961293de35e297eb9f7d2abe7cb52d1456156fcad8,465db829d727c457f42b80f3c8b943c3fc00320d9001240bdab75f1d0b4abf17,5ca1caaf14a6e4c4d7ac196cd58cc6a579cb478634824ec2964f8b197b9b3392,37014d7d37d2f38205700d506e2f8400ae635d594345c624d01a17f88e339737,28059db0421486cce543fe99ebf1456959db89087fbb146e80ab7cd5c2f86f7d,5.702586650848389,0.0426182746887207,5.917017936706543,0.257049560546875,5.917017459869385,0.2570490837097168
103028,gdb_105071,21,0.1,20260913,de0d64f5e4736421e6537bd9afe6a41d204c5fb835f0848aded02200c2597c6d,8.217838287353516,6484000843b1ce97d3e791f602c5181b0badd448ee2ac1339e36fd469d17975f,3fd3b8bd10d2ea4e7a57a61889315749e14885d9741cb16fd9a1a83b5ac69900,c3d51a13e5bae13f730140629a49187ebae5a8c86d9c907ae62993d75830863d,79e56c415dc891834fb22884c6f55ced74355d3253381fcddb282664a968f239,21644ecee85da4f9f04aa45ec3811a182233357066812f96e464ce6cab0decc8,6.845247268676758,1.3725910186767578,7.697725772857666,0.5201125144958496,7.697725772857666,0.5201125144958496
29209,gdb_30050,17,0.1,20260913,d2c4471eccd11f7d8fcd2287e7988661c69363d4079106b4a86d40d7f53fad42,5.562007427215576,a69fb309f52f264ae34fbefcd32dd3ab05957d6a5515b4b042624e7bc43512f6,dd6b226955dd455137296d3658504f4d5a605e968488755eaef66d41bd70e22e,65af8077de18413e38f7366166c77798a9cdc1823482870388e56a764a729673,4e12ab1a4ca8cef0a5185c6b53e2b55a44265edf3ba7939879fca65dfd344081,432322c83f1acf9f0fa610931ca1cf584a38a702f0e19080ba66196e52edaa9b,5.188290119171143,0.3737173080444336,5.417827129364014,0.1441802978515625,5.417827129364014,0.1441802978515625
23592,gdb_24109,17,0.1,20260913,c0e4cd838fc1c8cc1f31cb2420a5dea0071ab047f6040769d85c6dc0ec6c4f7b,6.3075995445251465,032bd1ec40fe5a0535fb7ddaecef2762277f5044ada20d4d88fc4b8c06f00c05,aba1fe8a2137b09ee4e02bc9b8f081f07fcc21490c3b0d5403e1bcaf916175cb,7e1ee1633d6bc4fb2c407bb074d18cc581a9b7ae137adb082e7744151ea5b9f3,92557fda00f9ff956a96a15034971fcca83b29f882e198a2591f7ead858ec0bd,441cc8242e7c1b1769a9da9f028a3e450b6ddbfb8c3fa2d8be90042b31a96de6,6.498033046722412,0.19043350219726562,6.789781093597412,0.4821815490722656,6.789781093597412,0.4821815490722656
64494,gdb_66159,21,0.1,20260913,7a65a7f7978270a7f14d0fe9ed63a417de449b86e12ab0f075461c3376bc26a8,6.217801570892334,9e0d0b7ee52aab4a79eaafb36e2c5b7292e7989b2a8c13d4327061b0c10471d5,3361524dadba5c70e115ca56ab5d4b22b49934a9850e47533766ee8c6f8da5e4,36e59826d54e95bf8132314ab52d570498fdc87dbfcd6fa21c4d85b0851d5bc3,caae10faf09b206d7f60a20c43aacadafda2b949dc3aab031d35fcaa0acaad3f,1783be2114e74675533dfdd3b9586edc2fd50e580d3adb53919b942132abe70f,6.260797023773193,0.042995452880859375,5.961228847503662,0.2565727233886719,5.961228847503662,0.2565727233886719
31854,gdb_32869,17,0.1,20260913,2d1e5c895d08de6e7de1e96c2b7caf54f8f3b0cd209268da1a9c351a96664bf5,6.00283145904541,00b0c84b60c70bb6921b43e1ed14ff637d4a40561f65a7055ab302d671f47267,6c91f6b4c32de5235c668c18327e9997ac1245980042c037e460326a53b07e80,72753b478cae64a437c642ecff61e07d446e911b7f0d10acd86eafbcb57a051e,2ea26159a50e1363d8170c724fe3b891291d3dcf269a493002e227a07ccef2ac,d8c66c30303da381a26ff30eda9a7e052186c61e29c10e790306ee4521a3c175,5.975769519805908,0.027061939239501953,5.847449779510498,0.1553816795349121,5.847449779510498,0.1553816795349121
28813,gdb_29627,15,0.1,20260913,48cb48c778fe456ecc1800177e85ae84e859ba5342597006dac165bfd8079fd0,5.26268196105957,2f6940cb11adf0c70aa3a816e4a45b30a3faa077723d013214636e0c02838f4e,ab81669aa35be318eabad2ff5b0b7ad5ba8a738ad41e2a45963ec70b7ca8cad2,68e9d0eb83828169b4a7dd0fd83b68d4452a1d2d7cb5eb8f68a5bbc9ea42310a,0895ab73ee2d3bac12cc899c6c0b8c56e38c3f1c4882562386fbdc52c344221d,e3e6d4c99af0cc557fcef10e261e7c62b832a88f5f4fad5d6026cfda66d0c9b6,5.2814106941223145,0.01872873306274414,5.398295879364014,0.13561391830444336,5.398295879364014,0.13561391830444336
53760,gdb_55126,19,0.1,20260913,ecc47f048484d990d2da1c3057c6ace6c21d7d3bd805a1f5dbb6f2edaaf00fc9,7.104892730712891,aa450346c39d288e362880076f89e5368388d33c483b151d990a7ce17c3fdc19,d82ac92e2e7fcd182ec439b1b919945dee94dd37cae3938cf9cb069e06bc47f5,f750c7d566d707a9a30c3dff1126fd09cef27ddb25f89012cb11913102e6fd1d,497113ba31aa9f0a245b07c262a3b6714c438176e1b2341a0456ab372b1ec737,9ec3a4febdbcb97e8838cf1545b6abfe1d1b75de74c1e2f5c8e72a43e5cc28f8,6.88311767578125,0.22177505493164062,6.912834167480469,0.19205856323242188,6.912834167480469,0.19205856323242188
84397,gdb_86142,21,0.1,20260913,3713ed3a696a294ec364010ba23c281dc5f484de9f83485e13b19e78638e5552,5.869495868682861,0383e9e5580dd59b07e7001b6992f87f7d45e0616f6af826af665b93d838de99,d757b8112b7b1b01b86f3942ac32613a2b44eea70b074e4b2932b13d6e77d400,6cc039d0f42aa31e355effd47f4cd2732735facc9ff4c1996c265a0c6e487862,95b7aa506b38036fcca9610507a38c3ce75bc13d754225ff5c5cb9f798c495d7,53dc082f227ce2e18f175bfd3bc213b1580e54476fbb0d295bc70c3608bef487,6.82783842086792,0.9583425521850586,6.473548889160156,0.6040530204772949,6.473548889160156,0.6040530204772949
23688,gdb_24205,15,0.1,20260913,36b7520e9300a015d436e3a7a4dea80b268486ac77d54d424bdacd10b783ac37,6.141610145568848,9dd24d9e5a4d242292499a78ad86e41d6217f69030c621eb34a3978df2910127,100cc642fdceb716fac00945c8b546a7711b905de77b6426316c0748241ae58c,edc9ea085a48380cdf571f5ee1beb59ccc274105a347169c3958024fa5ae4249,a726fae741a74feb36b70e11f7ba075e2a8338064bbc0bf68beb035470345a72,6fb0e2bc3b570b74daf5f8a929b2f55570cc235a30f2ca945adca94b87a47743,5.794907093048096,0.34670305252075195,6.171755313873291,0.03014516830444336,6.171755313873291,0.03014516830444336
124070,gdb_126431,19,0.1,20260913,0ec450cf9ae668c2210250d260e2e3245da2c66224922e8464b4f84b76a81e16,6.919855117797852,b5d4ddb7cc7eac5bd70880d8589e691dc21fa52889b9a5868f9e471e9f030f2f,edd891aacec019dd29fc8192d95476e5e19ad65c6c20513a8ef05b5c6a211dc6,e75b65f4a5e7e94ecbb26a65a4b04403f58bea5cdaca8b16b12abf4ac4e9fd54,44eca0b09549e9855366962a886c04753a413d3faad5c7f31284f33f655d1829,51450ff6b14c76abe14744d3b513af1f81fb0fd624d6de0fdca5a744c4910443,6.181237697601318,0.7386174201965332,6.23567533493042,0.6841797828674316,6.23567533493042,0.6841797828674316
14192,gdb_14514,20,0.1,20260913,7de228da972f0e0ce85fa13f7aad7a969156c3749c32716653ce7773814c8c11,8.680432319641113,7d5b17d470d6d85073348c874ffdf295c0cd241dbe9a3b4e8900402d0b1aeae3,64fb6a610b8efe833a0475c8c5505b49ec339420bac359345bb4cc4fba6d8b74,47693d275af80ecb372c1d7eaffdb29991404c2bd5196e74fff0730e9b29f5bd,e391b1642f220581aa9c493e53f60b8b55bdeb13f1480ebaf84e8ffb6ac522d7,3a78dde75ebf3f098b72e92cfa05ec3fc912f8b66ee6b0eaaf932ae27768c040,8.378839492797852,0.3015928268432617,8.611372947692871,0.06905937194824219,8.611372947692871,0.06905937194824219
2543,gdb_2600,17,0.1,20260913,77ad71c927d3e74a0ced09ce6d7103b3b0c03ba1758f5c09c7061895f93f47aa,6.337531566619873,7fee9353af9f65e92db4f97a79e63778f54de2185a1e98fd47b95cd1fcb19dd5,61fe29fbe59c83ceb277cfe8dd12f10e8b26592875a7483d149fddb7946c528b,7f05f34a72633b6d6fff6243006e5dab5898ca20e78a04ba3c0cadc7b00e2b27,0c231d0a52c004717778c407edcab5cb97aa66ae54664f7bb533d4c7ba02337c,40d780e710d74f1f67bc6d97e1b2ccd3e5585a2dadfbc861a4856ea987fc524d,5.911580562591553,0.4259510040283203,6.170947551727295,0.16658401489257812,6.170947551727295,0.16658401489257812
16630,gdb_16952,18,0.1,20260913,8e0ae940e6710a3c9958aef607524d30c5b81d64bf26e81056d2d6b82fe0c478,6.944345474243164,ed57b101ec084f215babf19bd0bed32eae2b028199fc6ce4738cac7aa9d1981c,8ebbcafc3ba90c533e13da34c8a9df978f28d7d5d055c7a5551d790f01d78481,d73a79d1d6a7dc390d4c26dc1a5f66fc252b8088d60a0f73e1aa6fab1873eb98,dc3a9224841579077bbfe983533c1d7b9f0522b4bd1e7d9bd6894b999a58f732,464c3489d53420b55eccb57f9e90a754316bb2e4599fffeee8cc20f114df8984,6.398101329803467,0.5462441444396973,6.6230573654174805,0.3212881088256836,6.6230573654174805,0.3212881088256836
12923,gdb_13219,20,0.1,20260913,41a9b103292fff111f51a8d76b0ccd295c78990f390efe576086a0e3a0c41dad,8.560701370239258,1c1da9a5693261e15b4ef923bc21e9d1004f635e10921a6d3a4da5ce81b9b501,2a1b67154cad962e93e72df765c46d89d46db1a8af542f37599cd267bb418487,354e931a12deb630941c7958c905e1250c067b28d2fb712cc143f68604abecf7,75b8c3f0d84ab397528c754afa2ee75a5d102bbc58fce16f49b6ca76c6a78983,f3de11951de233742d4e265f21252b6ae74ee1a54c6e7b426034a25d41f1b218,8.722073554992676,0.16137218475341797,8.71731948852539,0.1566181182861328,8.71731948852539,0.1566181182861328
110294,gdb_112377,17,0.1,20260913,8def3b87e4a6577e04a2216b3701f813410fb3a2c62edc96f86a5834be41b159,6.710327625274658,45347f0b3a3b496617e2848f66aeb4a5ed673640ca7100ab2c210affff3df617,8fc4c8ba946813bf27d91af012fc86d521863a5782352f74ecfd132db78f7b74,df004acae4cb11b717e2abcad7ed6103733fe3e34399efd675718c4060f1ab72,e0458f8d8156e4a74ccf22fb1c239b9b5b9f1f468e36e7e5cc80ad6caebf8b1e,4ded34783c26b41647bf7c686a2e5697ada4c96c8a66352a43ad17e36e55b169,6.7074151039123535,0.0029125213623046875,7.005765914916992,0.295438289642334,7.005765914916992,0.295438289642334
56537,gdb_58102,25,0.1,20260913,26c65a31797c08f1bfe93f184e1e46118a605fb7a7f68f9c54e889d10629b176,8.5906343460083,a05983a58ad3c8c8c3a98abc32a88799bf218e429ca5b447fdf932ccc3298700,fd0c09fe136e2a4ebc8f067573cc6fea942d0655b3423230a156cae79de73ad3,ea381b14cbd60c5bc5698d6f8dd18704df5adc1a680c6a613457acffde9bb565,df3d183932e3e5cb12cd6860d6f10e3c6c735ebd9ae9fc7a2dce5cb23ae5c3fd,7f0eb0c5af4f1191af14b57ec9f463a241ea567b848f7a031d341aebc4f51413,8.25178337097168,0.3388509750366211,8.79532527923584,0.20469093322753906,8.79532527923584,0.20469093322753906
12831,gdb_13127,17,0.1,20260913,253e26a2642d19aef8279b5e98dab4c9723112918ede5ce4e617fa2b11610a9c,7.785177230834961,aaca52fd6c6634dcf2b55f0588f7d8ea755e800d7e84334faab576998ab89671,e3f90f52c6c916c064b9540b39a8ab30502edfbcdc06737bd956e2fc0c4bef07,dad2aa1a554a0f31882c205530b4dc95024f29fd1f38fbc2170d99a2dc53fe37,71dd67f086561b8a3673ef614dd6ca471d176728aff6817694404bcefb0437d0,98855458211ea31d6ff63a319242d8dbcccfd20f32730f61a3b8418a28c3cd7b,7.5617499351501465,0.22342729568481445,7.718372821807861,0.06680440902709961,7.718372821807861,0.06680440902709961
56296,gdb_57848,20,0.1,20260913,69e458ba097354444ab601392d494d34ff7d32ff52896a5fb47132e738bed9fb,7.066796779632568,a89420483014517ee7bb4ed8ad1beb20f8139a5c67ab87ef130bed606caf6862,df89fef8ef26c9f1dbc45db7e9778140ec7529c13bc2d764fd76582515b9ef49,2373814550e75c904fe89574bcf20445ca7caf8ecf362a2a689e4018399d8425,cc780f39c0e4a335abc437957802c7e3af73ab1b2440fc97891eaa6c02b95d5f,16132a2dbb0068d656cdf6c728c52781ba042db005157e9df1a8a1ea65e75812,5.427823543548584,1.6389732360839844,6.8962225914001465,0.17057418823242188,6.8962225914001465,0.17057418823242188
9094,gdb_9368,17,0.1,20260913,9569a9e8c15160c5e26f1787ef6547bb3c6d5f67db9801cc5d565e207d65a8ed,7.529390335083008,bb9ce1c20ddc31c52aaa11490d9e0b2b126f950a9e1c766e74b9ea592e30dae8,eabe65d88471b04e873cccca9dd8253fe05be8af3f435969bafdde3044735f69,b46e413d1e976cb173dd6a635c7d9ea72fbf04dd6273bc5842f711979db6120e,c2a277e1597701866d77f0d27fe96ebe068c024562729ff7adbd5b6786e7ebef,6ed3091aad274f424c90a63ff16f1a66f2189fd5e62f8ef8b8c198a6f6fc020b,7.287815570831299,0.24157476425170898,7.758108139038086,0.22871780395507812,7.758108139038086,0.22871780395507812
73161,gdb_74851,19,0.1,20260913,ef3fff9d4ed12ef2dfbc73361ee81c2d1a64f9785bc217ed30ff99c4905ea5ca,6.454540729522705,b31cfd03d4e805faa62ee1f9a78e93e2f0922177942fc9b47b0fa635986d31ba,0de6cb452e5c019877a41bf50e12aced8e694903cf96c212e2510af8951dc0f5,aa2f3799e2314088d7112ba202cb7a720b219e5cc6abd4ccc2ae3101ff940cb7,bc8ae01d17b22ca60fdc32ad4fdfbd17c86c68321c0badac9b1897676db71ed4,b34854a4ac767797f7b123c83a1995e81aaf72020ad611b1631b81883cddf814,6.057504653930664,0.397036075592041,5.145575046539307,1.3089656829833984,5.145575046539307,1.3089656829833984
58032,gdb_59610,20,0.1,20260913,9726029bf8819c4f90523a3960176a233a53fbb1f5c4b20577afe12589379c96,8.353896141052246,5873b47d7217261614e954f085a915ff88e36e93ea59a932874f9695f6b9d3b0,6bc92a73e3f122254e6bdbd39517dc02f2c7849e3498e30d666753cfd4b1e41b,690ec60e72af3641f709143a350eaa0f58bc60d1023a815ef0e087e65bbd02d2,a55d80d430f9ff822516e507b2a242f748a232c0e5104a7b118843b85b4451e7,4f8e4f570c4d06de0994b00e42ebf407e4678441c6ae79b6397eda4f7b66896a,8.105679512023926,0.2482166290283203,8.308212280273438,0.045683860778808594,8.308212280273438,0.045683860778808594
119495,gdb_121700,18,0.1,20260913,d8be289a6d17548e0564f51843cca8359aee4fd25f4be2a580d0e66e7dc6e92b,6.683116436004639,61041a21c01ccb3b7a878f5cae30630247b92f58fee18b76f4911262daa92b4d,6953d8aab380072b3700fc598b418643613875e66ef4aeb2bdd39a2119770e91,6ac602fab0fe2fab6ae1e258e1da750cf5b22f9cf1bf2adde38e76ce375e311d,ca4c00aba80d05357e972b1ce660e0b0276ef68b55dfb855950400a37927a687,30107fb5793bdd85d9769ab168d94873eae6ce5b5ccbe1e3b33a94569c46ec32,6.748599529266357,0.06548309326171875,6.979525089263916,0.29640865325927734,6.979525089263916,0.29640865325927734
27016,gdb_27776,15,0.1,20260913,76b473bbd6c071c1cd3557ab91595645d30dec52496c5ee836ea81ce29926925,5.551122665405273,97b8433d8a32db9b1eb858d07e90328086705b5e8edf7d21149dabb7a7c4a6b7,d621523209bdd4be001dabd790d4aad7298575c69d77ad0c354477d3a90681c0,0ed49ee26f13d0ec0cc3710eab0d11f9b2ff036451c7c7cdd56e6c75b064c219,458b11c46e1245ec4ac2570e24989f09f595a5dd4c7880c89efab48613ed4f94,550f10bad126fb05c57d62c08884d0320f22ed241724f68ad0dcc6d7293c01d6,5.291855335235596,0.25926733016967773,5.610265254974365,0.0591425895690918,5.610265254974365,0.0591425895690918
23894,gdb_24411,14,0.1,20260913,626c52b86e820cd3c5d211539fcd5e7fdb6c6038caf68359dc767d13f98e1842,5.251797676086426,196e94182039b209fc97020dd105eb6e49e1aeaded4eec382eada01c65511b8a,3f6e18b77cf00cdaee5804a0f3d258772a13b3330e74e8b5a091c20f061e9b81,80622ee88dc3c5fcd3ed732d6212326ae98a07953774c6edf26fed986f6ce708,c8920e6975e49d776b176782c16bed07b60fe33f7570e5411ee23f2b0f95f37b,b5dca4b9fa61966fccfc7447b98508a4b2aef7a06a006a0d633dbfc850b6de89,5.176421642303467,0.07537603378295898,5.596818447113037,0.34502077102661133,5.596818447113037,0.34502077102661133
117754,gdb_119933,20,0.1,20260913,b7afbd9f4e2697541f07b2bfadec2eafed096ceb645d3557c7245fdce95cc3d1,7.825994968414307,8e6019a356f809edda1ac927f00d2f33caab9d8d3594aa6cb089fca494057d8d,02ff46638eb5c7a73d635b15dd54cffdc1f9123ea2712ea4dd2993b1f8f10fdc,8826fa1ff146b707bdac9e9a5b91c5a6d733040a2913431abd5593b8811ff575,95867c9b3cd4f0ef29ced8329416a02980ccdea688813ff3d642cf131d979f1c,fa1756a157f42b9768b7dc6419ee1d200b100ced26295380d240c77b9657cfb3,7.186924457550049,0.6390705108642578,7.266904354095459,0.5590906143188477,7.266904354095459,0.5590906143188477
24968,gdb_25607,14,0.1,20260913,28380c974ffd3eda9c8363ab7238c09d788b5aee59c947cfe0edfdc5149b28b1,5.303499221801758,7a5b1d15fa50d4b8b5e61cab4b39d267c826c20ccdac9801c9f1e7760e326be3,c0134e95d67dc06ee9bc54a8e391b25c49ece174368864015475ece1ff4f199f,d95fe847e3c71b7fcf39c0c40c6b3706887d39abf42a707959ddfb3c0e8c6428,2674e0dd81451f8fdda0ef0d35adc8f066a287c54a22f095fcb221cd97ced7f4,26de4a255fd7232f45ecedbbdafe82337cef85ad829441b36495b76d56fd2989,5.471689701080322,0.16819047927856445,5.483768939971924,0.18026971817016602,5.483768939971924,0.18026971817016602
83557,gdb_85293,17,0.1,20260913,725658ad345d6c1f3839fd25b27f032b9cb5794ba8a109f963631712fc8d8ec5,6.786519527435303,0842a13043eba476b302e2dc1033d261f3b731cd710a8bd1cfa3acc0abc16abd,65d7a93d2413216b8b50c3bd03a861d9f3811b5250b411513c9a4a10434c90b2,1843084b561793e585623f2bdbd371cd9f88f1fa6908cda5dd5ec3aed2c0ff0d,31c95e52e19af18cbb3123c793a370b563d9f1e8c1218c07d25138d4fb2af361,6c76ab50f979f3f8e21cdb7572986695acce11aa77c6a9321b5fde0673b0fed9,6.85365629196167,0.06713676452636719,6.971158981323242,0.18463945388793945,6.971158981323242,0.18463945388793945
118278,gdb_120459,21,0.1,20260913,290925814bd560fde7924863b4d38eb861ce0ca358b00868b6a481b42e28225d,6.000110626220703,bccf0cdb5f554e14412c3bf1cf6365053d0a5b7e0f7123f5c48d8bb826da2f84,c5715f6eb1ad22adb7e44022512cb61e4e702ee1c1be006f3a961e68e77c6da2,6cc039d0f42aa31e355effd47f4cd2732735facc9ff4c1996c265a0c6e487862,4896cd5667d614a92db84f17dadf9d5a89a314523c4c3a27a71d9bf0e22b3a62,3755c7161b14dc9e755f553bffc6e2b797ae30ec358fd28c16836a1f84a724ee,5.725790977478027,0.2743196487426758,6.09859037399292,0.0984797477722168,6.09859037399292,0.0984797477722168
58437,gdb_60029,18,0.1,20260913,a64ffd7e6af7eecb6f78348e0c725d3981a5afbae5a25f4ffd54611ea7b6cee7,6.030043125152588,1f4e7413de913927337db05d498f87fb69bb34f97be180978b45019907fdb7af,dbe2c7566042baf048359a39f19ea6bb7b93cd32f4a6ba0895352c8ccc1e6c20,2cf2bc69b7f97644f41ff0907ca1d4aed53b485d86213f5680c929bb3e54c2f2,ee66dbf792ffe945d3503b0fb8b6fa0b7c97af4a3093405507f90176509c8210,d2c3784adc47198d8ffa8b44e8d8365eeb544bdfb20cacb77dffc6a956253388,5.558833122253418,0.4712100028991699,6.0103936195373535,0.019649505615234375,6.0103936195373535,0.019649505615234375
34774,gdb_35816,17,0.1,20260913,5f020194ca45869d86b9f79e58b3a74b671d32aa0976a264590be71fb795ba71,7.703543663024902,9d1f6816333c202de0aea666c8eca25b0a4ea569012e543e42ac04c68997cf80,8ca1fde368127ce6f3b5abf037cab58196c4505315d0c208090f66896fcda433,9e506224a33e35bf5192a9f91a63270261d7ff7b827c501783528c5a1ab4cb5d,fe01448c0e1ec294fc1515494f09530a3a8e9b1f6618a403a974c641063f18a0,7aa8447d928dfd93f49999338f24b9061d7f1af32847fde5f3cab5a1109b83fa,7.093103408813477,0.6104402542114258,7.230814456939697,0.4727292060852051,7.230814456939697,0.4727292060852051
110247,gdb_112328,17,0.1,20260913,c691e2037fcefe8b59a986bf25dde6226c81984cb6f8f72a5f6feb58e8a09be2,7.031421661376953,ba6253f6b47b30d03281aa22fb126bd8f57adaaaafb54de3e0e188b9731ebd5f,059a826b245bd135945fae34209310a9bb54b682083663ac38c12110a2a6b782,cfa02d5487c2e6a411748050186c079d11e664790984e07b2a4d15c492dc5007,28b3e3b9cdcd21a61672b83575dd9b9ad78181f12713eb5c6133e4237dd31690,09632a51adff84d97e51703a449ba895ea57c2a56fe0ad9cf82db3b18ddd1162,7.07442045211792,0.0429987907409668,7.170584201812744,0.13916254043579102,7.170584201812744,0.13916254043579102
96215,gdb_98109,17,0.1,20260913,93d7e0bf7a3978463062659afbc909303d27c8d3ea956500bfaef2461e2aa935,4.236812591552734,fc7f9de1f7ce0d05135357235ec9d85f878a557dcbd169bb3c1f1989241bc7ad,cb65b707d7a25be6eda0f1ccf0b85d5ed6649cde92142c50ddaa603da9587c8c,fc30a4069f1d9d71ade599248b78f8a18481c37f7adbd6f207c3751cc96837c5,f02ccbb31f65224d6a8dc9947adf01905f2f1df7c06aee27b2e86153d8875764,275ef4d45862817dc5ace5a0088f8d139541cc311ceb91de94ed300e540695dc,4.407460689544678,0.17064809799194336,4.6791510581970215,0.4423384666442871,4.6791510581970215,0.4423384666442871
66436,gdb_68117,17,0.1,20260913,a39b5ae0bb1b6061f23363c9cb479dcd9bfcbbe409c8d1414d477f8d6e4468b2,5.681737422943115,b76615063a9ba9a20424b56de711a825c31b80f49446d8478ca8f5983682db90,8eb8bb8d8b37488eeec7de86eecc4744d57a60faca28f3cd195e757ed80b2c58,9f02c41db85759d4ee70e74ba84a0917554a7643c64c4ab69b82b3397e3b95a7,ac44ec7bb7ce24f877de9dc71971e6c794821a368e23f18dd18a05e23c0c87b4,6325b41463569cdd880e5ce5d6c8513723aa70d8ec36bf332396a81987978079,5.341925144195557,0.3398122787475586,5.733300685882568,0.051563262939453125,5.733300685882568,0.051563262939453125
47353,gdb_48495,15,0.1,20260913,03442998f52481b62c84427a89089ac7831973fe6b7d4077e9e407a3c2785397,5.102134704589844,c42b15e7ffbd421a4de9a2634e6919811bc2f693359195ea82ce9dd4151583d5,7c51f402372aab1c146fc6fa8f3bde89697933fd995e71b3f3ba58905950e9cc,73c983dcb6e910eccdd0e3e48390e4a0dc2fd102fdb4cc1c22f23f6657346937,8a173fa3461a18a97e504b6284ed5dd3ba2c7ffcb06056b6afee13662f8e1792,d600b11f43d332783b3de2c0a7a9d83211da3abab8b7b9867179a0d4c07d7b07,4.139714241027832,0.9624204635620117,4.727452754974365,0.3746819496154785,4.727452754974365,0.3746819496154785
106375,gdb_108440,17,0.1,20260913,5002d6421cf2d60664c51f5c5ce55e3587975e41809dee8d70919099c0e7aca5,6.7974042892456055,281ff75deb75bb1c74bfe5cfd42a85e146ff0b77f0643816753f4b1c775278af,03b4fbeaa24b738c1e4b12e555b8187af174d2c014d14f8f4f4f694ac2db7c86,c396a4cc5748dcaf9bacc0694491561171c125daaf71d2712cb6741a5422e915,73cd5d2b7e072a3f10d0a3dd17235cd5c668d25eae4ded69d68cb594d444bea8,e7eab301199a7808860c30f599ccf71e7716a5eb2f1ff0b7409619031d087c26,6.976397514343262,0.17899322509765625,6.963948726654053,0.16654443740844727,6.963948726654053,0.16654443740844727
73484,gdb_75175,17,0.1,20260913,8307430d4f44e1bbacebc9ebc3d51a941dc438b106bebd4a0f2c16f93be21f39,7.45591926574707,b7aa131cfd37a4406ea1c8138b1e66d1abb8562dda1237001a59946da1bf3b49,b662752697ab127f512b1c1b80b279ad34856c2350337b210830d6e2fb322f1c,9609001f335a26e2b50dddad479a6192b9373217ddcfb9fdd72e8509b4652a15,7de53b8b33d8483d20ddf0475dd6a090d7b85b6750f1aef0b9b5c0e5fb59124a,d09dbbf1e6f59a91a96efb44ff96b28bdd028a10eb200612dd4c39f3a01441e1,7.361522674560547,0.09439659118652344,7.421066761016846,0.03485250473022461,7.421066761016846,0.03485250473022461
82213,gdb_83945,25,0.1,20260913,c767b1667a2db2a9ba0a897766e38608a3a28c55d0eb8f2c13c83570f52570ef,9.387928009033203,d85271dac4c15de32a7963dc8976d2c13e5541c52b5604c6d8b8fabd2ee88de6,d2fde0bbc78015a20fb8b48c18fce5518414b146942d279b3739c66e2c068a70,49e0306d53aaf90887e87a6083dc6b665e6a7f357fecc2ee0e2a30e6bd635d17,980585fec70a0b4cac5c31f1a35f895de8c5748b600365b6c88090fb0b0f9d74,9d54fb88120f82205c3c4d8b900136ef788c9abd02d1d4a1d83cf2f4bbce60cd,9.133572578430176,0.25435543060302734,9.249597549438477,0.13833045959472656,9.249597549438477,0.13833045959472656
85899,gdb_87674,21,0.1,20260913,8710f6dff20526e272ec269e271404b18c9ae583a148a6f2901eb97e925b3075,7.997426509857178,15bdecf3e314eb5403ac7b533f6271750eaf5d8548ab561b6fc4d2535784d4ef,beee4af6e098e5f6f013de3775ca7e77ff0cc008bbfcea7020cc8e075242f9f9,617a8fc6847ba8de65b5d05fb7a8ce8c3785bafaf2a255a5f9ea231bf8c0c5c9,4baa296ef6ca8940ee9f4be795d950202d21c62a3ee4d2a5a7394c75926a360d,f76576556efde84bcd94fc92160373fa2cc8e3efc69b06773b56789b8937f8df,8.045069694519043,0.047643184661865234,8.4716215133667,0.4741950035095215,8.4716215133667,0.4741950035095215
81158,gdb_82886,20,0.1,20260913,e67c32751a6658897ca34d9a11c1d3096b30361f35ff5e545eaa98ddb5337df1,8.555259704589844,be128be13483466b1480b071d28425bca86be680b04afad9bb8888038fe8e8ab,d4af05e1f243da63f0089e8dbe0be51aac02f21f19526f8bdc1d459246869703,6c5b4127c171caf5ca1dbc244ec2f5909dc561736070dd8aa93732883cd2b1e4,3b7134c93850730f5acabb785d6590a6392afbd1d162ff36747fb3762cb65612,32b53b360237afff98f2eea8cb06e78625356d39a26ad10d3ae3cffa6a661bf7,7.967143535614014,0.5881161689758301,8.178372383117676,0.37688732147216797,8.178372383117676,0.37688732147216797
33805,gdb_34847,15,0.1,20260913,0c42854289349a175e443d70ecdd5c95dbe4b0886b5d5fb473ec3e6546e1fd3b,6.998768329620361,65ac47409594016aaeca9568514c438e8202f4cae77626a7951a2bd1b64f3429,6441608b1df97fa6a327bd6b56ae4201bebd2a38aef4a31d77975898351b41bd,5781e585ea924de96f19ada08be3e334827432f59b23c53b0d4ec9bf3293f81a,206c25aa38ce5396217c1926b82f9cc6f7736ceaa4db3e752dfae6461801755b,e594891aa4b10097c89d97b06f5bd501744fc5d50fe0c4989066b52e33598cc8,7.2733612060546875,0.27459287643432617,6.494687557220459,0.5040807723999023,6.494687557220459,0.5040807723999023
92106,gdb_93922,23,0.1,20260913,77c60b85321fcd99394b7f578ee477e2cd2adab493c92d129892209c107dd785,6.353858470916748,77f9e2e0610b4d10da94b13b2b7692fd9106742fe5d994ca457f2d3828facfae,ef43b6a4918e617fb724894ab1ba74596314527db846318936ddaa41f935414f,c41a3dd756f9cede49fd66219a93fd5a1eb8848273937c9845dad334e45ae604,e85fed05620b9a2e57d5995c66a0218af5b18c03c8da30e70eb1bd6aceb4361d,7f9ec0017eadf6d1d923257a6866e4d899fd94bd1f3bcaf8253d5fdaa664cf1c,6.230899333953857,0.12295913696289062,6.366734981536865,0.012876510620117188,6.366734981536865,0.012876510620117188
68661,gdb_70344,21,0.1,20260913,541079bf782f59eb6f18fe71849411936432aac03e76ccfa2bc28d4dc7242721,8.615124702453613,3467023c9be8fa93b2f67cc3aea23a654b64cdff45cad857b2d6db50f498bc0a,e708a0986cb48cb4db0ed87c916b35542d5544df1646c56db55120c07aba0895,cf8c2cb4f98809a7e03f9710f66fc4fc64216ec1293a8a5b93e25a33ad0f6949,395db3b9569dbb9b9b1d87b646348ad4e840914dcc65777a30eaff8e23f54f63,74cd8575627387ae4947a8c1531ef00b570865fe6f58c0bf528d70bf4383db79,6.68679666519165,1.928328037261963,6.2747273445129395,2.340397357940674,6.2747273445129395,2.340397357940674
105062,gdb_107126,21,0.1,20260913,2673c3cc630cf81a6de4586ea50053066b87f4000b7864850f1fe8aede56dea1,7.771572113037109,14ec60487135be2ffdeb97015ca976eb0425ae5d10742561a8a973753966cd1f,2f8729132090368c90533e27c31e18bee4d1892a846a78053685ba166c52c630,b5d2c8830a96f36aaeff6561d1af4909a06e18cfc569a4d022760519b824b941,13cb18ebee0e88e53d018248838a9880f486d0faf1decb06b37263d3e572c614,80e3c3870ea3f8ce9067dc93387a545dc340124d88d7945996d4d32b0011176a,8.082198143005371,0.3106260299682617,8.313478469848633,0.5419063568115234,8.313478469848633,0.5419063568115234
90114,gdb_91923,20,0.1,20260913,e86414c667ee181fef4ca67895a5049d0b6ea75d11005ea4136bfae94107fed2,7.733476161956787,3f4348eeadaeab53276e78c9959540f51161a0d96b6e095f8b43d6fed05f9e81,dd2322fef6bc5cd9d7edeb6690ccbc78cc5cce48e654f95ae70501f66061682f,720f8eef6f3d3dc1cfeef0d6be0e3e2373d47b65d4c0e6eff460202c71079086,2d72bd04db10a95c4ac9691f0ecc8e608f9d53daf11d293598779f0f827cca08,aa7694b6d49017a46ec3cfb0e94947eeb5b8af08ba98d318a92cfc36df519d17,7.621852874755859,0.11162328720092773,7.920449733734131,0.18697357177734375,7.920449733734131,0.18697357177734375
37113,gdb_38195,17,0.1,20260913,c43dff3a55ed977be6aa7524cc42cde04b24f1dbf5f3c2741804099ad1642e31,8.057291030883789,b0553caba3106eecc16443727296f95dbece90771398b9a6753216ffcfa6a86e,172b45ce9a73c0eb1c97c6c01948f52e9884dd638366ae1bc66292f055415a35,9f02c41db85759d4ee70e74ba84a0917554a7643c64c4ab69b82b3397e3b95a7,887823769e3f3da94d42f3c3be6aa96a5241232603b05519f15a3385e61f5cd7,e1b76faaf116a5d3d47039460dd285c55931c2599820358bd42fa8b39c09ea34,8.044838905334473,0.012452125549316406,8.133383750915527,0.07609272003173828,8.133383750915527,0.07609272003173828
55265,gdb_56799,19,0.1,20260913,b3ef38ff727ef34767a39192b7052e05c601246d36205168c5a0afeeb0274535,6.811009407043457,8e291e5aa58cfc779ef784a3e526f505d39a0b39ec59b44cb1fa291f814c0daa,04759a7041ed6847aac363f076665e2977f1a75d908081c7b8c973c7cc089e18,cccbc153b5b1af09149bca01e9acfaebae5e8511f2c2c6db218b3f6dcb2bf363,5bce6a7d6b33b19c5de2d84463902e472949ba70d91523897f5786484a775261,247ffb61ecf942759e48c93fefa4424507f86e3ff1a3688dcb8b08f59aae4910,6.6050286293029785,0.20598077774047852,6.957244396209717,0.14623498916625977,6.957244396209717,0.14623498916625977
47564,gdb_48706,16,0.1,20260913,7910376f0192d19e198e992d712d90682d413e16d5ba6247c0e75ab231e88177,5.749765872955322,041fc6a1efcd1c208446c334db001493eaec11a0d2afff4c9c967fbcd5ebb25b,6ea97b3a656ac50210b465a7c0913b43e2ba4821cb802962e9c7f463fa52edff,b9f341009049df9da54c5697638ea9bfa9fa6ba79f4ee3cfe6d3ee0653005cb4,c89024ddc2f23eab57d6bb5746a4acf37132cdf9de90127622f5322f13b8f12b,aaebb7c62e247cb1c151638df0a2c10703eff519eb5f66c2ba8786bddae4cda3,5.263339996337891,0.48642587661743164,6.348273277282715,0.5985074043273926,6.348273277282715,0.5985074043273926
120252,gdb_122471,20,0.1,20260913,6474b69e0ee558a3baaa6aa5f49b28c2b3263b41d0847ff3abe27bd3e26e70f6,7.695379734039307,07bfc07a3fd40533d653e160ceeb0850c4ecb7b6cb46830775cdc9c8792ca2d0,ee2b44bef41df90323a356bbd8deee90d754fdd20dba07a6e6fff681b5b7e78b,16d65cf673366eaa5de7f4f932636aae6ec175fc7b61544fadca2d12b9010109,a088dc830f8433b03b7e549a55d9ac78aa8b75f79a72af7f000fae53cdc41d69,0efc0280019f3cfc71d237b32890ec5ee11c8dc80e5d8fa44da8b928cdd50b2d,6.565870761871338,1.1295089721679688,7.515192031860352,0.18018770217895508,7.515192031860352,0.18018770217895508
75440,gdb_77150,16,0.1,20260913,225f6c974243b84ae95f09bc12f70338d61c0da2b96a0b07d60226f3dd3e9bbd,6.721211910247803,dc80218a388a0f2c5b601fa0d163c02a0a64557a5fe247edd00c1fd4c3fd1000,b1d7d333fefaf4cf5138e611ab907238969df0719c5e5fef83a75b432514bef9,d13a5950c507c33f5ab9125281699f97dad5dc38b4523652834e681ac5888ab6,03a8f87b364b3b072e60c75db03bcfe1da95cfb9b09ab43b35626c5529d9ffc0,3b645a6b1ad6515ff7eaed9f8c3c694a38a2217b620f57920a2027a0a55db0fb,6.528018474578857,0.1931934356689453,6.8911356925964355,0.1699237823486328,6.8911356925964355,0.1699237823486328
58383,gdb_59974,22,0.1,20260913,1fcd62cf1f2ef2eaa40c8a9558277768dd279a13ffe0e2208c52c92d29e6565a,7.2491135597229,e94ff8e49b2ac95a2edfb065869472cff212ae5db49779af02624e4dcf9e3664,a609c272724a6bec15a3459132a178c6612ef4eb0d886038dfef7fead6aedc45,d98bc48283ed811883c8ad7a6690970151e734101b0af90808843fc8c0fc4140,3cc503c161e2e7bf6c6a5faabef5951ebc6391ca4fe250cb6ab0edf53081ebaa,fc1789e281f4a59904edb6266e98a3d62f5f578041948f82cfa729a4bc1807a7,6.225491046905518,1.0236225128173828,7.266600131988525,0.017486572265625,7.266600131988525,0.017486572265625
106216,gdb_108280,19,0.1,20260913,76ae0e84b41937aee682daa5c0dfbb50bcb3bf09c2f971620c5d80e449ee890b,6.895365238189697,5f5fced872877dae60e2f446aa2971948bca6fb222974360b3515ec0dcd0a535,193b9b4c8f799642576bc80e683c8370854a9e1601e4fef06ead1320d32f1df4,c0d964984a3d14adac0f96fe8c90836d5bd2dad3305d3726a67f20d4f8327de9,76d8b28dbf8042895295a90eb62a1a206b755147485e51ca0ef5b373cd353f55,c21bb14b85842306a06a375373b0c7dbcd5492881a3c0a6fefad69ff5ae43e98,6.5689263343811035,0.32643890380859375,6.901723861694336,0.006358623504638672,6.901723861694336,0.006358623504638672
129725,gdb_132635,14,0.1,20260913,849ebe84b8aa351d8bdf51150ffc8aaf3021ce29bb98c400d1165dc0fbe0b6bd,5.091249942779541,7ccaab35f0663588b80107d6ff150383147446166a0a5808bc09325152d05c28,2bb3c146fb6c3c774cdb706ff0429c3fa35b7e125819bc25b4084c3b645dae7b,9cc0b48b6b1bc62640e9fbf70be291e69e9f59c8b204c614536826ea9199d41b,f735c39b01a28f6e781a9458a589a310a0924c61cc162a1a975a68baafd0609f,90e5a69efdbd11c93086488ee255f897d4c45ec24ac85f74bc87cc431b059809,5.739134311676025,0.6478843688964844,5.664501667022705,0.5732517242431641,5.664502143859863,0.5732522010803223
81223,gdb_82951,18,0.1,20260913,d2bf3bfeb24aa6d699a9e35681d431963846348bcf78bbc2a3304413be1dd97c,7.602860927581787,3dece918d1e8ffcf6e7c9dc0b73f4551b14b1f5e11e9b7b9fc62f8421487d3a2,d6438b66f503366a3af54471c751f0b45b9d11b0a621eab654d69d096a1a0de5,f4d256fb84eea08331fea3e8f533c035a3da4b91b05248cd12df7049ec03c04b,0520072b862da9452119939dfeea87ab80674ce7b8a58d9e105139e43a052dbf,e3cbb5f8fc89949a3b01259acaf62add9585eedb13c826a7aa67d87d4aacadc3,6.9582839012146,0.6445770263671875,6.7557053565979,0.8471555709838867,6.7557053565979,0.8471555709838867
31003,gdb_31968,19,0.1,20260913,bec3b6697b7a55c6e007688a36de4e66214986231a99f963eadd1ba94ab57238,5.953851222991943,022cb9e66eac5891a6d1ce40d121447cf849e6ae6d5dddd138b470f88db9787f,f26886e00872a9b9ade0dc9d52597b97c17693f94bc2bcf3ac0df9aa122ca0c4,eba38ce1357400f7927acd68afa51189b19778ca8bb6eca0233078643e1d1600,0a9198a2b7d6c9044f9b79b70cd77e78a2170c4ccb4c89c112434c7f57ac9e96,81092a32bbecce532c5fc89b5bc9a5b14216eff78bac30ad6f7c6f0423e734ff,5.873197078704834,0.08065414428710938,6.270593643188477,0.3167424201965332,6.270593643188477,0.3167424201965332
123590,gdb_125930,16,0.1,20260913,ca9e97264d61ae23e2d636441ee02865f8ec386fa784d6713fb9c4cbc1ccf301,6.473588943481445,445ee2a9064494a7c1c004a737ab983a32377957ebc89487606253f687ca1e26,2dc4ad62e4b0dc5cb5f277d8e069b85f586962d8edea778e8ef84de11c7702ae,b15e7219f22ec00aa3f7aa485706c4c55416e371244faae40c8288a0d9b1ea11,0ceb032c73c868616eaf61675fc487ce33a90937887a242faac096f8b1cd8c51,7d76407aaf35cdece5cc0f73ce5e44e3da4e438a1c4c970071eef4c898393336,6.0435099601745605,0.43007898330688477,6.062715530395508,0.4108734130859375,6.062715530395508,0.4108734130859375
39598,gdb_40704,19,0.1,20260913,ff25a387d10ace9ea90a58dbc9dc13e4b2809eec95156d37b2850ba89c86b4c5,9.183842658996582,9be10a944d75488de391f01329ddb943ed7e8c50f6ddcec0782c8d404e656cd2,ec456377ab4425244f661b064fc61d60e3d393b3553ce0fdeee806ab233b6718,2218cee346a47ffb62a7eaefbd043f54560c6762761db99fd3da2f0cee1a1a0f,76891b314e692e8a853595834803fdbdbcead913183aabe2b4b5149b1411fd53,1f8a3d9ba769acb030b0686732d449edf93f040e04bd469a26eff85718a954c0,7.923642158508301,1.2602005004882812,8.989462852478027,0.1943798065185547,8.989462852478027,0.1943798065185547
78932,gdb_80652,21,0.1,20260913,256aa486f68c2750f9b1011df1736c08d98d0638c658a1fdd80b726e6a7d8e9e,6.47086763381958,c6398f94e44f0b994d28b7f3c862a74c8bc7cdac3ec36e469a7937952f9669ee,4ba41355c6f1376e42cb8398e44e51c9a5918910be4856aae35f2e4880fdb420,216eb368e5cfc9bca5b99f4c2c06188f1f36b45b0663f49314ee7c35a6c5753c,051c183de92452d9badd4904fd0dff3741194442243a16daef3362e872a4a053,945ec290b14c994df36b9b1390547b1806710285012b5a46598cdb56ab499b18,6.561368942260742,0.09050130844116211,6.907111644744873,0.43624401092529297,6.907111644744873,0.43624401092529297
126182,gdb_128703,13,0.1,20260913,5fde253cf0757e14f12c57342be766f637e9bb1ebdbdc72a18eaaa6ee37d89a8,5.6191511154174805,16020230bd16ae606ba16e2fc10377c366f909683fd6b2ade58c956f8f2980a4,6c7b2fc373fb7838466392471808c1db8226b76db9726eb44a5b1e6970580188,6f7d6958df818b2222079f52229d9c1a5add64a2325eabd2a7c14348f22aa072,ebac396ae7bfb0944ed9fee441a425b54ffa712b0ade34a87abdaac569ee68d4,d1cee43d228467d57e76fcd417c80893f9ac8b7351d0f4c9dcf0fc7e255762fb,5.579845428466797,0.039305686950683594,5.253055095672607,0.36609601974487305,5.253055095672607,0.36609601974487305
92032,gdb_93847,27,0.1,20260913,a7ade272a881d05512fbfafbb57bb631bf486361da444a5ef04eb317f4456e16,9.692695617675781,ebb696eb076d29fc3667cb31ccc63db27b740449145cf03328b91d26952e9208,7f9d94fbb2aa91480f25beaf8ac7886038e9d61e7318589452ff2b579579f59b,433c1787024674e7278e748d48ae558ff7c05bcb087bd7c3a35deeb057a97343,bfa365222507756648983de90274d0225895594a414e036ea5544b509695b35b,76f4fe5158a28df26bc4b4109acb8378fc46f126ab276d05fad74e36def4780e,9.501708984375,0.19098663330078125,9.628826141357422,0.06386947631835938,9.628826141357422,0.06386947631835938
34241,gdb_35283,18,0.1,20260913,7b05b758448508277e2cfafcd038148aaf096bb4ab817a8fe0508da057f8220c,7.855927467346191,2e728fb9dd22813aa4e39847295ef33be118addd2ed8b901e4773199dccab267,8b876235a564b03dc6a4b0aec6acdcac569c4de48d789acbdafaf8fb2c446210,e290b101278c17ad246090bf8c8fbcb2054296165bb4a63b3ce1a33def3c4463,1cdecd78403114da3b85774076bf22c8829a5db28f3a6a05dced357431daa0e2,5e89b3d62f3e9724a8479415f80c4913ef11ee76bf716281521a5fde3e1e515f,7.8138275146484375,0.042099952697753906,7.75738000869751,0.09854745864868164,7.75738000869751,0.09854745864868164
127947,gdb_130728,11,0.1,20260913,b167e6c6253605e024662b50ffde68f706cb12f33e796bbd2edad232c41971aa,4.1524577140808105,12377e7c4c4494197e48ab77b2dde637044fee5248fcae355fc4e5cbf31afeea,2dc3d0c2213c9b0a9a648ab875ef396df7a47c49e10a16c62473de8d36c7864e,7962cb5bbcd97214231595ebe03bad58cf05810679cecf74045475f0fd287b76,6b3e2e64ffcf0c8c4b84f568f9949175ff58ce3b410a7bc079252ea653bf9767,286a0c39dac4f5c8edbadde7c2dd36bf59bbcc5cdf7274069814400de864ad10,4.543959617614746,0.39150190353393555,4.4796600341796875,0.32720232009887695,4.479659557342529,0.32720184326171875
24383,gdb_24943,15,0.1,20260913,808d7b3cf687945e0f5535d169c31d17d0a22a88050107bcab0327d228094162,5.360642910003662,8f9ccf3758480b74a6b989bf73f570b4bdd5a9e3f2f4237342dbe6f216ecbf95,75f22dc17b568c2413d49a4f73914f4f2b914a27eaccc908d2a62db3f06f9056,8ce06ab284db861353d0ce087936309d31053acba6f05d11149be0c22291d62c,28e714f76238ef27068d78358c740a29d191aee9c1b509666bf5705e5e365f6d,89bbdb69be59fec4a7e2f7faaab7293d4982b8407e8bdf8d1f022f012b0d9cf7,5.592056751251221,0.2314138412475586,5.829379558563232,0.4687366485595703,5.829379558563232,0.4687366485595703
75393,gdb_77102,17,0.1,20260913,6a893e819cfd13fa16d41e42f0a9e4264a1cf3e63b1b1dc02504780c39188d7c,7.575649738311768,0b3a9b64ab559e5741734e1ebeec8be9de8ad328e5dd5926c22ab0565463e111,3c1eecf696dd59399ee63f32c6eff16d44d7b12fc9705933fcd527ae364ee174,3e05d7cdb9c8f41a5fa305cabad614635216501852b7b05ed150b52feee2fffa,8b1ac299e80fc202579d5d5db7e8e78ea0d59c1910c0ed3ccd5192f66d9696cd,4c971ebcd4b2c47f06c078c23d9cb678c55f26184982b1f53a77528afb844a70,7.559723377227783,0.015926361083984375,7.562088489532471,0.013561248779296875,7.562088489532471,0.013561248779296875
112658,gdb_114763,21,0.1,20260913,2233e6ecd0fddf83f04300d8ece7723703b1ebda40925f4fd98e7a6511a9cabf,6.819173336029053,5335aa096fa043e55303d25618357549df21ecfbc7dbeff5a10f3612bce69ebb,330b3ffbd391353c02492e90106de1e746213327febb47ee1554bb47d2e878df,683f9f81642b3f55b4e7ca278476d8330a55686ea5a5d8cb219c024800cf7159,9c3bbbb7762f469daed3e91502aa8f048d1efe67a2412528b21ace6d7bcede9a,46df35ea6237dea24b0ec844f0cb864d2116c3b3878960ed9b28a9211c6bf3f4,6.8093132972717285,0.009860038757324219,6.814835071563721,0.004338264465332031,6.814835071563721,0.004338264465332031
29101,gdb_29937,16,0.1,20260913,d019dcbe2a3f77faf2a3ddb7919bf89db70188d494c3a478318b226a4bf220aa,4.51708984375,61b04d4a25879f81d962da37de14511f68c956492a6ad0917065b3347c0f62ad,649ba611d155dbe74727d859154cd91e0e8abf4f3b6d48ee1f778e614e5c89b8,8e562ed22164fddeeed4029c25b22c91985eb2ef867fe14aafb8abc435b53956,7642dfb471b43cea30c226cfad8ad4989a2d310ae20c898ebfe983a3e6c05272,e80315df7832c627f7e7fcdbaeda920a68a98bc96c5bb13b977b8d79bf8b0f6f,4.457267761230469,0.05982208251953125,4.3253607749938965,0.19172906875610352,4.3253607749938965,0.19172906875610352
29577,gdb_30436,16,0.1,20260913,4de1aa875ed3997c027f2236ee88dd53c36db7f0ddcd54c11591bc854b90785a,4.122525215148926,b2d23903d40106376be1be9a4a7169c36eb55f2b8b40f3dd1972b832bba7e112,9c078811255531b33630d705362f84200b785667d71cecfe6d579fab5967bbf7,405bcd2a61b6c9cd32147d95e8bc364d60592864c46e04b943e17b08c07c7b54,733176b93a32123f37a0881460b13b407d6bacc4b7f08928906b2e9867bbd78e,d086caff9dd4dea899676af6ab8f361f3b6bf3485b4b33407b3c52ae7a2dba0e,4.308380126953125,0.18585491180419922,4.994746208190918,0.8722209930419922,4.994746208190918,0.8722209930419922
53778,gdb_55149,19,0.1,20260913,7c265fe10518dbd15f3993dac226eecfcd9c1e1928bf63e9a4858cd5c046356b,5.815073013305664,caaa1c76c8beae06bf54467aa80d40bd49954496e83505cdb2fe2dbcbd2e9dae,50b620fcca094ad6dae942b4bdb6f972e0a11d98aa8c38c885ab2b6bb0b857a2,60f72c06cff9f09d62517bde2f7d49a6a3ab4e67f4185ee97ac8dcaabb8fc044,2b1b24ad05acb764e5f1c9c68a47dd82163f5e48c5c80a84bf10c915e06cfdf3,59c3facc0633a9a71f95488b473406f00fa80dc47fb33b9b76e98895e236cfea,5.895964622497559,0.08089160919189453,6.003154277801514,0.1880812644958496,6.003154277801514,0.1880812644958496
14993,gdb_15315,15,0.1,20260913,f6e393ed3ec2c44eadc0df616dfc17a3ba7c549d9d6939a0df47a1e93a8f1801,6.095350742340088,14bf741dab8d343abdcb8f969f180a43ecbd4ddd7b30f669fa4de2d7bfff2b97,03c5616d223e150affe00248e50e7c7a804c9af19d4c46b8704e2f1802a23536,47341066b8c490dcccb6ba622dc4b7cf9b9fa874fd96255d052e2b8f8801d0e9,9f1b3c77633936130201a19c61f95e0feb937d4b0b47d45360e4f1230624a8cb,69badab7c165d7b76eaf05e8f669d5366d46da8832c253a1efe77e0c4612e1d8,6.134795665740967,0.039444923400878906,6.1279072761535645,0.03255653381347656,6.1279072761535645,0.03255653381347656
55493,gdb_57027,16,0.1,20260913,ec55ef70193dc843e3d1dbb036388036b2c9f4bd3daff58db10d9857d1b9689f,6.098071575164795,e29f72d247780f62e189b7279fed3e2b38ab8768e6388c2085d2f79fd92ea3e6,d0641008b8d63385a655996667a0c050778bb18c65f698f640cbd46351f8e44c,64b1019933fcf174d8c31ce8f3d9a7825d0d36bcb8aa69f2d83b249d892190b3,cc7421ac84156f5a0aa717f013e2e40c119f0eb79d67de816c8b562114b38794,9f343618c227cfc99968d93abc0d57d12879a488c7c7b47f1f5af5d786d06c08,5.7107834815979,0.38728809356689453,6.057270526885986,0.040801048278808594,6.057270526885986,0.040801048278808594
82782,gdb_84515,17,0.1,20260913,9eefcbf81120d6f98599841975b5bba22cfd170da0e4ecb8a8c0f2b46d931279,5.962014675140381,55f74dafd094c3678e3417ee8d91aa07b710eb396b4a8d93602751bfab595bcf,1a489ccfc2b0587d998ad7f453f12398081e6a9c3661aa59f6722618b6fd2305,431b41ef7f29fa4cd32c087f106383035d98f9b824bd5bbf963bd73ddfd40630,8659c44368055619f0dfea288debbab4a02f4050fbccbcfa4159376551ebd3e3,e932c17c9c3fd1a6d01f691004d573587c7c2db211a22d6c96002dcff7aa235f,5.975268363952637,0.01325368881225586,5.372312545776367,0.5897021293640137,5.372312068939209,0.5897026062011719
36654,gdb_37709,16,0.1,20260913,880cdb6f4417b5ad4117eb60c20e464bf7850775195d4e6c634ea048ef09930f,8.122598648071289,d87e2259a2059874d0d3784d37e2eb6fd40798d1018544194fb748935f00303e,0f40da6eeb0eebdd12ec89c266146a9c587d9dd8d1b61d9d45a9ab7e02b57de4,fcaa697d409e01c6bf73ca5007cc34830e99cd388ef0fca1a04c04f9442c2107,d702af207fc16358f7206b29e6cd4763e3d0ccb3f4cda7c58b6e4d2b213b75b7,b4b1839e9f318794127237c181ceea48e13099be60ae8d9a5a4fb5d1b1dd40a1,8.129374504089355,0.006775856018066406,7.993287563323975,0.12931108474731445,7.993287563323975,0.12931108474731445
35195,gdb_36237,19,0.1,20260913,2711990656c1496d5d73b2dcaab5c4134ff4681159825cc107bac8be0177e68d,8.239607810974121,8130fa3fe2017fc85cb162474fc49e830453bf5a942e28631e1877fabf254068,6303929a2998bdef052f8f2db5d0e121b39afab2862a4810c626abf83d9a443c,216cc306651b9deccf621e488476b9125ae1e34291e2fc833f3a85caf786f34a,8623a680962e97dde1367bf75233e44d0bef57f11e2106dbd9f01aa2bb568e9c,0d74c6900a991b597b0e4135e95784b6c03082d3a3b659bf1ac6d473f394c71e,7.799258708953857,0.44034910202026367,7.566690921783447,0.6729168891906738,7.566690921783447,0.6729168891906738
39795,gdb_40901,19,0.1,20260913,ae500838000246ed184701550dda5a633a7ae7afcb90675af0fbbaae3f2b8c73,8.348453521728516,964c96892d4f4a1379fa0e7645e7ecbb3eda7e95816b0f88fc67e27ce7524e1d,d772e9a4fcc7ecf0d42c5a7f32684e20358b92577a988e494559a7a8c246b99e,c05567f9b1be00eb1cdb9f105a243a75c91c66a173071d22d9351260c73fee04,b3dafaddf56103cdde7c0fc0c68b9bbdc25e750479fd99fc58fcb10f4c838605,3d8722962c06fa811e9496ef6012367502863657e58669983227b371b2fc1a74,7.755979061126709,0.5924744606018066,8.529997825622559,0.18154430389404297,8.529997825622559,0.18154430389404297
102190,gdb_104227,19,0.1,20260913,6987a5400d4a4ee3f5bbac1fcefef9c0a979aff0fa472923c1aabd14d9d53557,8.334847450256348,4a6c8f1f15a5a8dba1d977587b52ddd8d19d94177084be9c01289d84a28a1d0d,495650f4b1aca5737a0dad44199d45dbd0c10b3ed6a3922560981b45041454dd,dbfd8a92e17177e9115b63d136c16243dc8d26e7425b1db7b4ac7a4694f5c05b,98bf45807c18b49284e16a602e9523f99ec0cccb928eb490f1c5b2a2a294770e,1bed6abc8ac69e4da555061c21c7f6feda018ef9b347157ffb2c0e194d846ac2,7.920361518859863,0.4144859313964844,8.270803451538086,0.06404399871826172,8.270803451538086,0.06404399871826172
97558,gdb_99473,19,0.1,20260913,39b81bbf088328226e6e9f48f0e5a96becf250647b2b0098398a2b7a878668b3,6.1252827644348145,0e5ff31fda3a9a72ff883410b6ecebac6f875b36821e3a2cf85e914a5465eaf8,217d1a78ea6e089ddf5b981b67481c4700b051146f0f302de5f16b2a7b8e2bda,d27b31d60f5dd2d4a9ff94ee133e11c1289ad59c1c9510ceb9424e583e5ce36f,9b2943f571702fdff9c69c2d041e414c0fe2f6f5636f8e89f9306446a150f477,9effd4fa070ab09066a49f6b0dd8b5ef28c4aedf8961fc662f83ca144c1d14ea,5.863706111907959,0.26157665252685547,6.401917934417725,0.27663516998291016,6.401917934417725,0.27663516998291016
83539,gdb_85275,21,0.1,20260913,6af8d6ffeefed3c35ec84dbe3aedfaa03081cacf0de09d725c5159e44dc8b988,6.1443305015563965,4566ce6b0b2b7917e9f122248b30eaff0d38a0e18b648e666020f36e1dba7fcf,1cae2a9ca852926f3dfb22288f5cc40a5498e7e63952a2fc8b633d73ea4fb9f2,cf8c2cb4f98809a7e03f9710f66fc4fc64216ec1293a8a5b93e25a33ad0f6949,776d248fcfe097a7b208b7cab77c531307e024f1b7ce2e4d1ba2b05c8b0fe3f5,76b55b333aac31faee7688644d514e9f6ddc6f29087ecee0b1b81c607dafa6b8,5.844603061676025,0.2997274398803711,6.108092308044434,0.03623819351196289,6.108092308044434,0.03623819351196289
84657,gdb_86407,21,0.1,20260913,a6dfe3d60e7a55d711e85f61b6b3c77e6619702891ad993dc7f5f345afde101a,8.734854698181152,d6110e9148bef382668e6bd436075ab55a314ff5b680843b8ee7c48553820f65,b99f662007552bbbb5e154b9ec060f3ee949694858f26bc926e6d71175442dbc,36e59826d54e95bf8132314ab52d570498fdc87dbfcd6fa21c4d85b0851d5bc3,22bd8c4d807c259dd3e7e048930e90425bcf220840d02a58c0e9f288385270f9,226cb2d642767003f094a645f53eba58433335c3d510b3ce9adc9b2a530bdc71,8.268104553222656,0.4667501449584961,8.83327579498291,0.09842109680175781,8.83327579498291,0.09842109680175781
3707,gdb_3767,11,0.1,20260913,75796eb362b9761efefc0c93503c6c36504113276a838004b745a06fafc399cb,6.400117874145508,fe49f5686ce362ec66bbdeb608b52d13e5f7cacaf8ca2da1376f9c128d911150,bf9791d80e53dfcdf7d7ba265f12aa35d76ffd0d85982668cfb4500b83c839cc,d5880a611243acf63da21bb89db8ea96bd7bc517351e91e4f35cbd83f9b27ff3,fbbcb1e45be75224113eab24a5f4c46684fdb9ddbf4fe82e1f5676c6ed15f51b,08e8052fbcca40cdd3a90418416a4bc208b94e5494b7e891a94b03aa82db3592,6.558699131011963,0.15858125686645508,6.243325710296631,0.15679216384887695,6.2433247566223145,0.15679311752319336
123585,gdb_125925,17,0.1,20260913,6717600006ca426f61a087d260c486e1f876f2270fdd1f28a8e7426f11e9a501,6.098071575164795,2d687e7711f512dcd949b67f23be99c6404e5ab627e828f3e303864588d32460,2aacc244d09dbaed00057b1d9bae96d634740973795a045ebac3793dab944eb8,902a07e7159692c1796eca5c5d665defad43db00f5acb9089c9adfd6334266e2,1e73a1ce717e0baa6b447700622fc2a2c392ef6744b102ba67729ec758c9bfa5,592c5558c872e2cec9135d71e3782e3abfdb784bf86ed4dcff1e0f6124c782f0,6.1278300285339355,0.029758453369140625,5.7349934577941895,0.36307811737060547,5.7349934577941895,0.36307811737060547
100119,gdb_102132,19,0.1,20260913,7feefcac26ca0e5b9edf48b5b78f9db4cc6310ccdcd23680070630ac16b2b284,7.532111644744873,82b2dd49b8cfcdc692b6ad67fe8aff5073275b96a803d04c518d69be3338fde2,a42e746bd462ab00669930a7a26769d2704a3a0b715ed6b61eddc892897c45bf,0e5695eb2566b486431cf17c8bd4ab7b492e3c495d5648eb820d0c832696f98c,a03f4c55a30bc4571447db09333e8f9194d9c8ac8507ef8b19882bb89a3f4285,71b49e81c760c5264d2ba8eead6f4465382340fce7d03f75ca6eb6f31ee272d2,7.651183605194092,0.11907196044921875,7.703726768493652,0.1716151237487793,7.703726768493652,0.1716151237487793
95531,gdb_97410,19,0.1,20260913,e674b80d9cf1b93d456b12b9f873698e11ab10c783f189344deb3cc611d8ed40,7.194690704345703,8fe98cbd77fa138c3e6d1515798c72c3231354de393e6dd085ba76adf545c6e6,5f9b633d13bd0d1b937c9ab525e035f4ac48225e83bd31d3ffbdae799e1adc48,e756a0a9b0cb0e873f3adca677f592cad9e0f5fa62300d1a7fd459b0ab93240d,08833183cbdb54ceb02274629aff8e67624aa07d6f230992e96e5803cd5cdf1c,640b24f31a8418c03bfd4f6fb65cae35c25aaa47d49496383bddd7e44d6e5cb3,7.192479610443115,0.0022110939025878906,7.1231279373168945,0.0715627670288086,7.1231279373168945,0.0715627670288086
84507,gdb_86252,19,0.1,20260913,038ae3b7040d930c33838c7a54faa8ba67184813cd8a6a8e2272fd9f784d162a,5.132067680358887,f7d9bdc57d0915fadbd13200949cbf782c0d751dfa4c73d4bd238fb170e7534e,01b5a81ebc0dbd188d38e30fd5d8430dd5c2c2fb42c0005c61379908efbdfd17,0b59a76c066875d6707a4b0b84afa778aea5e26e6a15ad02173a2f243bcdc0e5,c1d7b295614ec288df6323c1ae8ff0a14d19d9e6c159074f44dbef05ecc6c2a4,1cc8ae486de0b26f6d8dc70995bfa59f64ad22c3a2b35cd67efa16435000bc7f,5.18865442276001,0.05658674240112305,5.36020565032959,0.22813796997070312,5.36020565032959,0.22813796997070312
130128,gdb_133091,16,0.1,20260913,71db85e96e538e3992aeb3c146849239c2ae315abdda3a5974d8810856c8b68c,6.2422919273376465,7e9347ee3b12f2b2db17d0960e390b14286dbf3c817bd686676fa4c7f3ec4c13,e74971ff435293dbb7ff737e6397386f95726fbce48d9577c33eea5e6f7271c4,57d7e95567fabb866eee0d2024a99aa9ec6f88a706f829ba4fd218fcddb6e4f5,40d09ea56a7f2cc37e2e94d434fd5ab551b3f11212ead55358cdae1d4e2638fa,7b91848dea7896f7851de79b5fbc119d3f768ace768c8dcfe6e32122a9c50fc3,5.5105204582214355,0.7317714691162109,6.014045715332031,0.22824621200561523,6.014045715332031,0.22824621200561523
76070,gdb_77783,14,0.1,20260913,31f467dc6c704c6a25d89e5c0e938f19f45372132ca7347988f3fc8a6f18e006,7.036864280700684,6d14d37a2b8c587492d773a21c502b130941ed4ac7084e9d64e94719471dfd7a,8fa1b6d84675929721d4b7a02b43d0e363df9c4dd0463a43e1bc1ebbabcee35e,da1df219e204a68b71700698da862a597f48efd8e2ede50b6b3049a390e63708,776fec820bf5fcc53cda8606ae3e67ee85004554bd73345792b09c5c8a6b1bf0,6159b871c49e79566c13e2c3321905d5d26785b4bb8947cd0af4e075cadf3377,6.317906856536865,0.7189574241638184,6.178473949432373,0.8583903312683105,6.178473949432373,0.8583903312683105
69734,gdb_71418,17,0.1,20260913,f77587fa70e1e68547d521c0255052794a3150fabf8440b6cbe4531e84615126,7.5566020011901855,29214c4416484b8fc35379559430c77588594363396e861ccae21a7dd452806b,3a6401f96a69500f955bb77a5c55ce7f61d3374532a13efbc2cd7f35fe3bd6e6,9dd3d1ca3f5035b11cd9e0a989773610b3e3270026a55dfa472a0efacfa3736a,d9405b2372e71ea1787bb1720f01c16d73138c44cdf9b536886c4aafea081cc2,a0733f51919bc2a1d5c507e1b9cd2ed7848640de432f588256301dbff521ea48,7.265967845916748,0.2906341552734375,7.256485462188721,0.30011653900146484,7.256485462188721,0.30011653900146484
125938,gdb_128437,14,0.1,20260913,4e1d4259950493e1b77bbc5a4c71841ecbb3f4292d140704229fe103da23609b,6.141610145568848,50c386b9a00e962fbf587e69b7fb05b79166d3845f9ce7a09634110a4fceedf6,9ffb40b70b9f9acd15f1c850e7cc5f6191b1806a16b49e9d7025cd379af520bc,2c9ac0403132eed5f8d6b91c008436a68a4e2eec787591a4b77d631198a229c8,c44d25d036094776e3c74554aa04d9f09c563c000da7bc6381f326f063e4d9b1,77849b8f433ca57698778e7222d287d991f504b28e0eea18bad3250da58340a7,4.887645721435547,1.2539644241333008,5.454198837280273,0.6874113082885742,5.454198837280273,0.6874113082885742
57391,gdb_58964,21,0.1,20260913,1ba73fe2961b6d40ab0d5fc5c43b8b3eef05f082c1d6602128ba67a6f4e5e48d,8.223280906677246,d25e5dffadf5988cdd642ce21ad7100f93a78db2eec032530433a484ee660eee,252b8d962fdf856fa5b6c6c82bb8551eab73c7cf4e71d16165074d85b4780500,aee5ab58cef7ccb27a2ba4bba040170db994a4d0c7a43ff173158c8faf2df53f,69ba3b53bb9f2c3156b02cdebd9e2605c01774086f40b2dfc39e74bbc372b05c,2998674d5c16ec62b38b784fc5a1af51185309b161403c2250afb7b69d715220,8.091485023498535,0.13179588317871094,8.328968048095703,0.10568714141845703,8.328968048095703,0.10568714141845703
90099,gdb_91908,22,0.1,20260913,5c4a0183ac3395e7d1c33ff710aa74e94f7de0dac299dcacd7aa37e63e238174,7.774292945861816,063ebdfc3deb58c39518284c96153d5335f7e94123aa06f75163f3f363284d8c,7ab23d50d23533de97868a330fc9b446004b3cea22cb24cc2ccc7b731a41ea5d,57b4aeab50109cc14cf9777f6d318f1b0c6eff22db5a6eafde8fa5c0cbe21979,82f24c0ef4d6d2b56bb0393c9142ed5fd5257af24a8c7650e5154ca2cfb2e277,899b7561f263f9bc3fa361a18da4e435cf5e7792db27c69d0f1d9cc24e18bf1e,7.811999320983887,0.03770637512207031,7.934584617614746,0.1602916717529297,7.934584617614746,0.1602916717529297
21225,gdb_21648,13,0.1,20260913,53ce83ec48c144430199e250b8dd8e85a805d87aa9af01281b7bbbb9d21276a4,4.242255210876465,36ac0f3d24b617af4e5ce9cfb5243be32e1233bbf3d6dc497cf4a0d8cd4b1204,2230e8372ba06f044dadac3d6857595008500580debd84f88fbfb5d214ea319d,adbd856dee5252d6c9f93e1a7b6eb3fca37b6be72b189aca2862b12f300b9865,309c11df022a62217d80beef4adaad161fe03b7d3c6314a3f32db3a042b71e98,6faf527d4553a8340b84d94efebc44dd7716d185bad55fba9bfa66bb6f33b86e,4.1587958335876465,0.08345937728881836,4.804680824279785,0.5624256134033203,4.804680824279785,0.5624256134033203
57257,gdb_58830,20,0.1,20260913,608fd389929db7f0d2363da4e64260f790b09ca7a52117810716ca001ca7c868,7.575649738311768,8642501ade898b66e726b0f8efdf6f5888667ff461a898bec33bedb5779a2d3c,5ed9101bc2d1a8801f39d059e5427a3665b82cfba9b91e6bda8177a46979c799,d10fc23911aa2dd080187777f4861557a42edb29811415661f5ae85670f10e86,e332a562666243cccfbd12f6ec9af0ccf90e19427ae65fbc4ecc1766e286cb0c,51b6ba14e8e7cfae515d5a299d1c5c85e35393ae401cead8b4b39a6ad4219779,7.302926540374756,0.2727231979370117,7.840960502624512,0.26531076431274414,7.840960502624512,0.26531076431274414
48132,gdb_49274,16,0.1,20260913,80a1a562381a6ab56f621602e1bcaec6a3d37181cc87011339ff0db17aa4bd82,4.922539710998535,cfe87a4e8274db9391ce2c75869652f4c9942ac80c3a7d56b6fff8c4876befb6,96508a5fec0bb7a73cc83aa356222439cfae9fb82ee12e0277781da62baf0068,59cee06a86805b464952600a8ff62bf667217fdaea9ddd165b3cce558f1a63e7,068daabd730a6effdbaccca1e98c895e65de76b894f1c687325235716f1a6032,1b168f323a5cce1a51e2c86c9cd850289ef2231b243af92333a307f9e44ab2a0,4.870853900909424,0.05168581008911133,5.012115001678467,0.08957529067993164,5.012115001678467,0.08957529067993164
49095,gdb_50260,19,0.1,20260913,0fde652a73840b259a917968ff67c75b3674dc43c33591ae39e989c8d41ee43d,5.934803009033203,0bfe2a0e62caa69a85b14952175005ab9f0cd32f26527cec13b600df73cc7d49,781073717fac69ad2a781a61e0c203b4f0ec833c1020ddfdc0a3e479446b9b8a,1cfaaefc2753c7dbf1709273f42f7711be477342f43f02a96b6f0917ad04fd4e,ad43ad13cec70cbaedf4f99514b1aa1c41ead2a46524bfc9d01bd8c37921f381,3ec8e5deb07eda49eccaf6b77683383a8547d150c582e37e21c56391f29ee06e,5.803342342376709,0.13146066665649414,6.0626702308654785,0.1278672218322754,6.0626702308654785,0.1278672218322754
58751,gdb_60344,25,0.1,20260913,c42fb62bc2bc7953037736cd9076ff71eb43672742d9cc732a85ad17c44c9cea,8.870911598205566,24d4d72f70a2ad50ae4d3aa58a0798ad792b81fdc54cbe6ab35fdfb6f4f50e75,485b3421b78c48b36684eb5912e2da40bc3f62362961ed0a68ff3300b615e764,3c795b0df174b9a631dc450bb08d83a618576e365908088da1a2d48697deaf5a,f9674e4894ff37b09763adc6db8e6ada9d9426c40ddb8bdd3a65f89546859400,12751b110446e3c150a120ea98d1e7b748774195ce0c833c79e32b872df5bb0e,8.716032981872559,0.1548786163330078,8.942728996276855,0.07181739807128906,8.942728996276855,0.07181739807128906
99951,gdb_101962,16,0.1,20260913,ca54b479c4d2d1240da211a600f754bcd2d8b250bbd9bc9cd1660d75f7ee35f6,5.69806432723999,5ba9e216b2fafb8688f271e3b9aed063375f3518b2a4a7eff82fe9446240a661,59f8f9bb4bc4647c5e910e32dfb3640f0fcb5581f20bbade8f0f4aadc61bbbae,7787644d19c71167f077a352dec985c8e8d441375d4ef77971c53837607c33e9,15438c736eaa95c17a80197a10d9632a009037b8ad7aea77fc9096380f955adc,9c0b2aff1c1cb542fbab98fc45983abb08520948b9dd82aaac8fbb88560fbf61,5.303162574768066,0.39490175247192383,5.696902275085449,0.0011620521545410156,5.696902275085449,0.0011620521545410156
12193,gdb_12488,16,0.1,20260913,7a6edc3eb185f0b616884d860a01714966fbb4df43287834b8281d697d00d228,7.254555702209473,abcb2113ca049b566b9463632c8ce60a07e179d4fbfb95e0a696bad572f1fe1b,b0ba3e03511935fb85259fefda9c5cd6fded243f514e0ac843d44b28f52ce37f,44e67b5c39d5ae0613f8bf0994af431497f264bcc726a5fb060abb63f4c6fa53,8135a22ee7386a7ba6fb4d19a2e3c0123b34ce0521d93d75d00bbcb5026f6384,71226289fc13f025e984448f7a1fd26558396eed9383dc8b4c2abacb47faf0e1,6.757262706756592,0.49729299545288086,7.39937162399292,0.14481592178344727,7.39937162399292,0.14481592178344727
41699,gdb_42829,18,0.1,20260913,358645571b78237b3d7cea666cb4b0131521fef48033639192efc92e047c2825,5.382411956787109,3c79f81bcc976d2f4f87f87828ee5a2862d0317a6bcfbe77d99ce12235091837,f1661e4677b875b4159675550da6cbc1ddebd0768ab2516c9269e555aaea2881,1dc98fd47246985fd04ad576149f3aecb5e0d60815cefd28cb3e801b9a118c2a,4b14b9dbacb3803848bf15c0bdd2d7aa7348aa1b78979d48ac5e363d161d9f34,fd6e8fe0a1db61a988d1ca686cf1e26b902b456e843951abe179c7e59019da3c,5.581937313079834,0.1995253562927246,5.827075958251953,0.44466400146484375,5.827075958251953,0.44466400146484375
77653,gdb_79366,19,0.1,20260913,7834f17c0b5aa457470e94ef853d1450df71e673b97db9d34c5882e6358667c3,7.953887462615967,b80d70321d3ae224b7ea5f51b153d5ff103137d499eb90f26cd7c67cc50c2308,53a563217f95c85146a0542c8d97e7fc758aea48640bb8c09c8acbd09013caa7,216cc306651b9deccf621e488476b9125ae1e34291e2fc833f3a85caf786f34a,9daab7b0577d6f1649e6ccbed10a79c7b84073d11483f9ec52d7677da1113490,a452eb88c05deeb194932fd8531054b15ddcfdcae28c32cb7cfb466fb6c7d0cd,6.203836917877197,1.7500505447387695,7.690189361572266,0.26369810104370117,7.690189361572266,0.26369810104370117
75223,gdb_76931,17,0.1,20260913,62cb9b9194834d994888f88bf6a92c1ca6c3f147a4b01902dc8c307199634979,5.809630870819092,154f172e0511d923baf0e5e65f4baa50aa833477efbeb019b12c00c9ea19c7ac,83d5c839d70d8587963cf6d24bde2f59da97d939641218af8951038d51d420bb,b671e0aa0f7b895dee66dff29c650be6da4c1cafc04d1e75e291f7e076579ddd,732d65f7a1b7857d26de46c71bf4464316de9e37135b9c89a4e811c97f94ed8e,9d5f7ce3eb22c713eee574a94267b89d5175527227df67d9ba780353258a2dfb,6.00698709487915,0.1973562240600586,6.231616497039795,0.4219856262207031,6.231616497039795,0.4219856262207031
116166,gdb_118318,19,0.1,20260913,23cb4a6ae3210d4cb55b5d0331ae19ebf47ed755f34f8d5cc6b99bbb169aea9e,6.119840621948242,2e62dfb835612358942a9c699c5283e333cefafcb7b4a6fe569e097d7e3f8970,2a09a3cf839f2642ff32cfdb65db153df238fbc215bbcefded0705e30bc6da97,e6f93e082fdd3980aad740a414adc38d483fe3da99b21f994be512380b036a2a,7eb90a654f16294f55247810c25711814b96abc975f3bbacf278a5ac68e0edb9,ca413ac72b2280c969b57743cc0a8327a81a7a6827928ff7fde771f720717ef5,5.9810285568237305,0.13881206512451172,6.565783977508545,0.44594335556030273,6.565783977508545,0.44594335556030273
46761,gdb_47900,19,0.1,20260913,0389a49707b9b6b601072228eb5d6cdb00be8e61dd430beda402a0b5c64fbadb,5.578333854675293,2e5aed665b5871f0c4a52c1cf6e9bf92eba94773b02d979a985ea9c8e0ad7f69,f559b22f1c70be3f9766dc5735f8c88836e6dc1cf911e2adc3d88074f61b12a3,060bbd2fb0c666489229c7e700c7344a8c3862ff3152c911c7908c57412bfe4e,edc0d1c5395e5ccbb9485afe1f2b9a64f93323c2120761796b61d9e844ce4383,b4f5abc661df641e844498a347bb7d88c1f920434f297ac0f4a3e393d7091c5c,5.841533184051514,0.2631993293762207,5.750211715698242,0.17187786102294922,5.750211715698242,0.17187786102294922
13261,gdb_13566,16,0.1,20260913,3665b463d84c5acffe7e26b64ee5c4dfe003b21be3d368c5ce14fd91dabd60de,6.234128475189209,73f4ccb203f88df38797a775582e84ff48de7045b70543490cf972e6a5c54399,f346b8a6fade5d1c55e96801f1e9831e0b16ed1057484513a8345ff5cd9fd9ba,73add768fe7944c18bab6fc21d78faaaa3a7ced4ce5e4d12e63dce8d61a72409,5588d1f3a61b21217b705596057d6ec7d705e496ca9303c587caf0e4a3e33430,501593b5e7d8c1aba924133ebda7fbe064f594182205224c0d811e9f58df10f8,6.068558216094971,0.16557025909423828,6.1965131759643555,0.037615299224853516,6.1965131759643555,0.037615299224853516
91786,gdb_93601,19,0.1,20260913,079cf61c535ebb3d1455999064ea7ecc5fb6ddd0dd20caf6bdc269272b0782bd,5.60010290145874,398a1c65a0cc4f208a41476e1cc9358273c832377a68e96b00575cba7c60cb73,895f65ddbd65f139639677bbe2cb900e4953180536190a01cee847818651661c,fa359ec266e59027b97b80e948dc6bf6b1c18af46e6efebc0548f22c1c6aa0b5,86467c11f7fe13353527a0497080fd7c1b8966b766f7d38c2d9106683378f9a2,d6e0b6fea0d61399346ccb6b9997308511d4bf964b08e054e2c41937b82a069e,5.923542499542236,0.3234395980834961,6.6036810874938965,1.0035781860351562,6.6036810874938965,1.0035781860351562
55612,gdb_57147,16,0.1,20260913,cc79f99f9f30a49db4c29e73660e7e604ebd89e7266081f11e07ebd8fdc8ff8d,4.990568161010742,59095620350c009be9bd5a8fa7ad8ed6dea2420add2ed29f18bd77084a3e9869,3581941d3bb42a756820ac32b496ba3bcf5245f80b072b1ffd4a222d59dde695,4c31270802db2220da7c1045e82257c9f0f71d43691d534a945da5fe753fd0b2,7f860470b54cef72f082234287767ce9ca483b4d493c76a5245bbdde90d97be2,c620859200315944eaeab5ef7c1069227281d743775faa5f87e01448b751ec07,5.107551097869873,0.11698293685913086,5.570055961608887,0.5794878005981445,5.570055961608887,0.5794878005981445
57403,gdb_58977,19,0.1,20260913,3a65a8d53f239662db378f5b9215139cdf4d8041b33d83a308ea9c2bea401ff4,5.235470294952393,7a7a081c7f2fabc5591517dd33f5274c6428caa5704dd213c9f70b10923ac73a,52e6d47f63382e0f2e3f9b31da3d58f717e9114ece336a9f39a13a63f5d29d89,c9c470758fbfd5378c5d5165d23cdbb7e500c37f9e6076da4111f85e975a9509,f84d97d7a883a7ad67437db0a4e595ee170f961062199749924c670a0e2e4191,657610bb72a4be7c9e951583ac14c1919059e2758f6aeb86670b81260224f411,5.205002307891846,0.030467987060546875,5.391290187835693,0.15581989288330078,5.391290187835693,0.15581989288330078
112581,gdb_114686,23,0.1,20260913,acb2d63b51d1331fb97941fe947c778ca7991a7978ace0d13b7c543d6da1a47d,8.993363380432129,4a272ba56e985d38966a95cf970dc3febdd0bac674c6c34bc01783a49bdf8f77,484f601a00d76053166d06d741530f27a88c85b0181261f39faa99b6dda4f555,62bbf7a6af4dbde74ccf7d0c3920d59652a171143e5859b70a627a8c2db17a15,0780014448d32fe01483db9c30d30d058302af0cfeeed88353b62f609c2d1328,4fd54f30a19481832067b590471ca749e0957c7868a2761ea1b6ec628f881059,8.007497787475586,0.985865592956543,7.748197078704834,1.245166301727295,7.748197078704834,1.245166301727295
4947,gdb_5092,14,0.1,20260913,30df6962c5f933bb583979711070c13e3c63eda996c40043d11902d8a9c0b9e9,5.798746109008789,918e5f53a101a61165168a8a02125d0c2ed4c5b7d26a6e2ab3a3af8569c5ec48,81166759a369fad800b233baf12a0f33f08c80c335633ab0f3fe3168123ce1cd,019c7c89e4416881ce42c3aca47f50d3a37662899427a0110cbec6c6943d06f0,e21a24ad5000cf97ea48b20bb365e79359356d3ee4031c72e782aad757972d0e,863a8b5c8f8d15d972c3337cf4d2ca94491fff2831e380024860967de904e2db,6.304561614990234,0.5058155059814453,6.038343906402588,0.23959779739379883,6.038343906402588,0.23959779739379883
5549,gdb_5711,14,0.1,20260913,cbd4aeb290d50c370e9102d7015f6ee70428ef0f0459bf0dcd2cda83283fbb0f,6.280387878417969,2815ab13e67e8866a7c606416783462cef0c0feea45a99934ba38b625b029087,a5f40734012ccf82cd7ff099d59b2fe4dde494fd8fe4b7313eccb898c8b3ac00,daf298da8bdf1192d4c0f3b6cc6c01e3309534aa1eb7fda06cc0fee6a4b9fbc2,a04eeba34e3ef4973e0eb54c9350998b11237369a59c9ec2b2b0933f946ec22b,9a84aec364727cece3d6e3e67003e3f4339500f9bcd986bf2280e7cfcdd0bc91,5.878869533538818,0.4015183448791504,5.7242255210876465,0.5561623573303223,5.7242255210876465,0.5561623573303223
14388,gdb_14710,15,0.1,20260913,999dbff7d73cf0b37465c82e74ad1cc5bc8791b1391541e0782d2879d9c59080,6.48447322845459,165402ae43eea4c1e674281ccbaaa94671d11a47cc9bce20845db6c3d9c05b76,e257f82b8a8b717776cf25cfbc1ffb4e070f62df68ea883709ee948ebc7ac3b5,d74a16075c6eade750ab7c85c8ef812c4c15c287ce10ae3e32084ad349743757,2e8c6164b7f1db1d3c8784a79d258d6b2e1a9b639c6c385319734a16e3c92e32,b14c08729f0c2706e8662926c79f754e892474255abd09fd2010d6c5a9653291,6.083075523376465,0.401397705078125,6.5609331130981445,0.07645988464355469,6.5609331130981445,0.07645988464355469
15655,gdb_15977,15,0.1,20260913,119abd2a1ff0acbeb05c57c3d4a5b6a4b433d4773657e8f3e8773abdfddc2c9f,5.640920639038086,7e049bff948640bf7fe3544d4e36b1176723e025a6f4c55910138d1610517943,b02ff58935923fbaa3f7aaee41e24a4b2ee36414ae9624b7d04bdca3a8af1845,71a1d33507373fe85751a6e9391a0561c0b001e056582b16c249cddc5963a089,1f84493135316362d4ca1b2cde892a6df03d9f7d6458c208252d5546a3f7e99e,5d67aa32a464d1b6ce19c4caaff2cc37695777954b3d9cdd4d12181c04298097,5.494401454925537,0.14651918411254883,5.821646690368652,0.1807260513305664,5.821646690368652,0.1807260513305664
27442,gdb_28218,17,0.1,20260913,d6aa56761c5d88410631e00c641c47e827cec133cac5714d66eefc375c481e96,6.351137638092041,3d2f32527eded6f089438f485cb0f28e753bf79c12747e7e5e5d1b80d52e0874,be25a0f2678927769685fde61a913fe777c21cbc9c41630c0d12e6db542cd85d,4e04b4e8ed6b6d8b691141797902febd4fbb3e322553b35b82dda74afabf0223,89c8f155db8e74fe2d897dbcbfa747cfb2d2b03338b86762eb906a7368b93ee7,ce0c987079cde3f37b4524b927cf18675f28d655f85270260be633d36c8818ce,6.367655277252197,0.01651763916015625,6.462573528289795,0.1114358901977539,6.462573528289795,0.1114358901977539
66105,gdb_67786,16,0.1,20260913,671f2afea368c20dc007f47b95cbb3d860f44aa629d544ae51e51213c55ba822,6.070860385894775,867b0eb3d3bae4286d064d94c4f1908068b4659287433dc790d344271674466f,e74a6970591d18681f9a23e0aeafc892a43fec234fab4e13c95a117c437f29a2,17bb69a550d9e4052d996134cf539c4f9b43c707fcb9f6c0f64fff934b04cb8c,86345efc9b89bfdfdc711927369144cd57c97f9720bc039435759ca0ff415cf6,0d8bbbc3072e1a77483424606ee77706573c7b60a40750bed57ed73710fe9d5f,5.899782180786133,0.17107820510864258,6.016002655029297,0.054857730865478516,6.016002655029297,0.054857730865478516
80577,gdb_82305,22,0.1,20260913,f8bb62e2863d765aba29147675825e1a4c9050ecf34cb3364d40602eeace8814,8.519885063171387,9ab2d95e6cad2d866808afb4212b481ace41c0722a88dcb920c4d932aeb15818,522f18041a09fcc8544716d5844d76734488749727955e92a160574d6d14c9cf,066ec6c22f3d2134b73d261dc08be1b6007ee505665f5df63cd73e73f0cdb456,4d19fcb593e565321b2babde24070ad4ae0dd7b376c57cd1a86d1e6622e0551d,281ee4668a85900ecc9d996a0e6a9f53dcce156d1d764eae402ba060ee7b678f,7.9274821281433105,0.5924029350280762,7.33576774597168,1.184117317199707,7.33576774597168,1.184117317199707
64816,gdb_66482,19,0.1,20260913,af55acdd48ffa363ef18a0d916b051ca78b8d171c6e18bb17e90a55c985f5f6d,8.138925552368164,cf30c0976e57463d5f2d54f7a7bc3abd71d514d54f388030bfe0b551deb89179,65984c4280f100f62c7da6b860d13b41bf07df603b94245686169de74aaeb3a4,0e5695eb2566b486431cf17c8bd4ab7b492e3c495d5648eb820d0c832696f98c,e755ffc7ec82e6d5d95955da0c2fb353bea869c198bf0b972fdd2eccd17e6549,af8b8f62e66ee0fd8f3ddf65831af41628f1043ec4d4b20f9bfb69c0f519298d,8.174450874328613,0.03552532196044922,8.311195373535156,0.1722698211669922,8.311195373535156,0.1722698211669922
35105,gdb_36147,18,0.1,20260913,662a9c1330c3e3644fad55cb78080cb56a9892c8cbc3eabc36481502e27a1b90,7.4749674797058105,904e0d831556d39534b0e88f518499e4952c135deca68cc8f5cbca93cd33a430,9fb265d3ddbaa918c94a344157fdeeb2aa9277c0a5c42e2ea8f7a3d9367d8f20,0ee908554656becaa6ab30fa85e9efcfbc24daf629ef55ee1568e062edd12fe7,3ced1e4a66dc3a97420a1b0835df1ba1413c161162c04f1632caf230e1c63130,e5213cd0d42e7dd0b42a769023ec1e0843daa63f726c8b9eec941f7a3ef56d66,7.468181133270264,0.006786346435546875,7.910927772521973,0.4359602928161621,7.910927772521973,0.4359602928161621
110535,gdb_112620,23,0.1,20260913,35851c7e45349c7aa061a125c385998ad56267c845a73a9d5c50a9569dd45af9,8.626008987426758,3ed63f4b91336e39cdc325a0cbd72834ab3a08e396a5dda9a8ad6879c2f4377a,5a98c4da062246424e9425af8a1bf9b554f0ffb0994849705a2f424a2f3ee317,f6d691044ca44305f8d18a6228a1e0f28cfd4df1599b18a0b74a5e044da58d3a,22922b4f69442ceb11490d78e0683da93eb99d68ad2d9d61c0161bf54f1bb966,4a8eb569a023aa75ddf17dea7ca5823fb322762711b3e73e549a535d22bfdc7f,8.731097221374512,0.1050882339477539,8.900495529174805,0.2744865417480469,8.900495529174805,0.2744865417480469
83579,gdb_85315,18,0.1,20260913,81b7615c305a69d78b149a2e395c2e5e993ec9ef760a1e2856d2239f848b5664,7.23006534576416,e2b8cafc2a5406249b553a6940275630a86cce623f831ba97c5435351f8214d3,fff72f155e8ebe353fda3d95debb5a52ba53df0c38fe9dd32f27b96065371c60,bf0b5e4fcff94dc16224da9d515c6e0bf56440c322167dc79d7dcef14ed4a121,3f2576e44d3e2678f04f13685be6f66f4a0744a0b3b6706e80d1abb7c0f50325,368c03a9354295be108f3ffec93df084b7abdb6fb9c0cf05d312c6859bf4fb7e,7.0844502449035645,0.1456151008605957,7.248691082000732,0.018625736236572266,7.248691082000732,0.018625736236572266
106203,gdb_108267,21,0.1,20260913,294afa1e0768923af1b25ad4e7218449fe4ac4c67498530624bb2d36423177df,6.666789531707764,f24282fe116fdfab4b41a3c9df4c758e55a14cabb97ecc433c7892f18e491284,7f15677532fb3ee9ea925449fec339c16a345941ca9353e91da9f330a753ef10,683f9f81642b3f55b4e7ca278476d8330a55686ea5a5d8cb219c024800cf7159,b733f4ed5bc6aed7be4b6b5ccdda9b555bd4e11ca764285e2793021f43494adb,4ae98f728c8c4964d2da6650c92d659b1100ab8d7e54dee892d34eb0a71f6800,6.759474277496338,0.09268474578857422,6.3016438484191895,0.3651456832885742,6.3016438484191895,0.3651456832885742
22219,gdb_22690,16,0.1,20260913,122384db792597b1df420ed87cd5069d784b020948b6fb08336f6d2a78a84a6b,5.317104816436768,c2198d3022e364d996f3b5b6370419ac86d40deac5bb70e67205c8dc0d7f7904,84aed2fdeea12275944d92fe245ba0e64a326dd6f723572cff3f3782630c4e4e,af8b544de39e8b98f91503596248958fde50e2e6027415329dfb3509cacf2a16,a8519b17880195be588cfc93e6e1fbb8e3d896d977b22f5f5196bea0568397b2,941f4a438671889219925658f5143284135e79cca43c79eb89ae1b3b117df136,5.374321460723877,0.057216644287109375,5.3426289558410645,0.025524139404296875,5.3426289558410645,0.025524139404296875
70817,gdb_72506,17,0.1,20260913,0ff268b7e2b78419adfb9f39923a9dfd4277ecef3d830f81acf5959899e3cceb,5.877659320831299,02a2cd5759e22a0d742e5dad170c0ffc4ca057d1c9613f057aa14d673b37c34c,3d1a9c95f17cbbda168f443a5825b156101cc39f00ef10d0fbc4293655fffb65,42727d2eb9453bf2ba9bb3e399058416146b1047a1c1c27c1aa49c7db5fa8f73,74a2dbe7f8db64f797b13a2e496f6cb559041d15abf9166166be71f564fd866e,20485c1d4e5720fec43ae03d17f35dcfbaeeb6658a52ad38ada2fe2e52f6dab8,5.36394739151001,0.5137119293212891,5.6246161460876465,0.25304317474365234,5.6246161460876465,0.25304317474365234
73382,gdb_75073,17,0.1,20260913,cc5398a5efb72cab95c903d7b5deec7b4fbe8d59d4ccd7618e29a0ece8ca6a04,5.455882549285889,f84b87996702e728a32ab74910f4b856cd59c221f27ec17572b4585a6acd41f2,df177f9577ad642dac0c284bee5c0eab81758d192c6262f64f9a0eb76580ebe0,b671e0aa0f7b895dee66dff29c650be6da4c1cafc04d1e75e291f7e076579ddd,007191ea65f1115fc730bb74ec541e04ddb3dde1322a29e8f8a6800edba2e927,0e123ba5fbd3f96e28a053b148a8bc8ebece6f43238a955de3bb1bf91e772a66,5.445178508758545,0.01070404052734375,5.670732021331787,0.21484947204589844,5.670732021331787,0.21484947204589844
46231,gdb_47370,17,0.1,20260913,a2c3134cc202232da08be551dc4313a626a2d5902e5b27a425ed7f771319629d,6.046370029449463,11fc5b7b0a31e74b5d5111a5598b5e4b9fc51d6974e3e9205ad2becf46744d01,2aa66203cd22b0b8dab144473ac0d6b99da9513137c942e736bce803b076ceec,ff3a81498cd0ab2a07fddf9c8862347f02aa7d72a39d665b802c1d4cad563b90,caa6f91c8f7064af89da0dd5a0cee574c885a83e972878143f9598e6df0d0466,a4a239b846a112cf4a5258e0597cbbe5002b3414e79c7444de6b52eed65f8481,6.073517322540283,0.027147293090820312,6.02401876449585,0.02235126495361328,6.02401876449585,0.02235126495361328
