arm,stage,molecule_id,target,prediction,shuffled_prediction,constant_prediction
raw,initial,17587,8.93349838256836,0.18321412801742554,0.18684051930904388,0.19173938035964966
raw,initial,78740,7.181085109710693,0.22046202421188354,0.2286302000284195,0.2209750860929489
raw,initial,11640,6.42460823059082,0.24918359518051147,0.26551708579063416,0.24608547985553741
raw,initial,124462,5.638199329376221,0.21498452126979828,0.18829290568828583,0.19781683385372162
raw,initial,16528,4.462667465209961,0.24193254113197327,0.2672072649002075,0.24608556926250458
raw,initial,107465,7.4749674797058105,0.2615172863006592,0.2705928683280945,0.25462743639945984
raw,initial,47903,5.284451007843018,0.21465621888637543,0.21092675626277924,0.2044374793767929
raw,initial,35869,7.110334873199463,0.25383538007736206,0.2497422695159912,0.24047045409679413
raw,initial,120619,6.397397041320801,0.17820118367671967,0.16503652930259705,0.1596209704875946
raw,initial,77917,8.873632431030273,0.21646486222743988,0.25239354372024536,0.23238514363765717
raw,initial,64557,7.366122245788574,0.22144488990306854,0.21722133457660675,0.21954216063022614
raw,initial,113450,7.227344036102295,0.2071060687303543,0.20174171030521393,0.19657127559185028
raw,initial,82232,6.2586188316345215,0.2036200910806656,0.23624306917190552,0.22097532451152802
raw,initial,102742,8.389269828796387,0.1893734633922577,0.20965726673603058,0.20531471073627472
raw,initial,62076,6.166100025177002,0.22869817912578583,0.22943048179149628,0.23238462209701538
raw,initial,121313,6.79468297958374,0.28955334424972534,0.3068345785140991,0.27377748489379883
raw,initial,48900,4.400081157684326,0.24954378604888916,0.23695108294487,0.22785978019237518
raw,initial,127718,4.5388593673706055,0.3380501866340637,0.3121746778488159,0.29145148396492004
raw,initial,114802,7.077681541442871,0.24607165157794952,0.2051691859960556,0.22097374498844147
raw,initial,46939,4.0327277183532715,0.2265206128358841,0.21897312998771667,0.2193828821182251
raw,initial,105749,6.519847869873047,0.25033801794052124,0.2634303569793701,0.2530331015586853
raw,initial,110729,8.383827209472656,0.18000558018684387,0.19907769560813904,0.18271921575069427
raw,initial,98105,8.73757553100586,0.20062370598316193,0.19710420072078705,0.20299626886844635
raw,initial,93993,8.49267292022705,0.1621440052986145,0.15414690971374512,0.15962320566177368
raw,initial,64845,4.302119731903076,0.28463098406791687,0.280225932598114,0.2848217487335205
raw,initial,109408,6.040927886962891,0.183375746011734,0.17543023824691772,0.1884297877550125
raw,initial,849,6.304878234863281,0.2384156733751297,0.24081635475158691,0.2342860847711563
raw,initial,120778,9.230101585388184,0.18449142575263977,0.18063120543956757,0.1827176809310913
raw,initial,128629,6.5633864402771,0.2574883997440338,0.19243310391902924,0.23306922614574432
raw,initial,66791,6.772913932800293,0.21692593395709991,0.20722243189811707,0.2323850691318512
raw,initial,120541,6.473588943481445,0.22735171020030975,0.22213058173656464,0.21190448105335236
raw,initial,114365,6.968835830688477,0.21385879814624786,0.2154736965894699,0.21611715853214264
raw,initial,31193,5.074923515319824,0.2275109887123108,0.2381024956703186,0.21527056396007538
raw,initial,117766,7.638236045837402,0.2254992574453354,0.21437886357307434,0.21190546452999115
raw,initial,8217,7.60014009475708,0.20103490352630615,0.2068621963262558,0.20302653312683105
raw,initial,96492,5.891264915466309,0.17938275635242462,0.17413610219955444,0.17000672221183777
raw,initial,125495,4.854511260986328,0.19678856432437897,0.17806346714496613,0.15997380018234253
raw,initial,90073,6.805567264556885,0.19370436668395996,0.18480944633483887,0.18842975795269012
raw,initial,19948,8.26681900024414,0.26271748542785645,0.24558089673519135,0.2460855394601822
raw,initial,123246,5.896707534790039,0.268460214138031,0.22447502613067627,0.22720764577388763
raw,initial,60407,7.4014973640441895,0.2178848534822464,0.19629769027233124,0.2119050770998001
raw,initial,111938,8.160694122314453,0.1872580200433731,0.21530260145664215,0.19551758468151093
raw,initial,80332,8.226001739501953,0.21582567691802979,0.24202747642993927,0.2119058221578598
raw,initial,149,9.224658966064453,0.1769547015428543,0.19936321675777435,0.18699035048484802
raw,initial,32746,8.928055763244629,0.23513349890708923,0.25313401222229004,0.25996339321136475
raw,initial,15577,5.357921600341797,0.16055570542812347,0.1627722680568695,0.16401129961013794
raw,initial,129077,4.215043544769287,0.21363012492656708,0.18178318440914154,0.17412324249744415
raw,initial,87759,6.46542501449585,0.18292300403118134,0.1842786818742752,0.19851557910442352
raw,initial,85481,7.077681541442871,0.17247207462787628,0.19579367339611053,0.18296903371810913
raw,initial,92529,9.055949211120605,0.23706401884555817,0.25069910287857056,0.25025761127471924
raw,initial,58760,8.449134826660156,0.21770574152469635,0.2237808257341385,0.21611620485782623
raw,initial,27328,5.40146017074585,0.28467321395874023,0.2681489586830139,0.26774662733078003
raw,initial,88798,6.046370029449463,0.20463311672210693,0.21786127984523773,0.2089875191450119
raw,initial,58498,6.348416328430176,0.19107095897197723,0.19129882752895355,0.19551773369312286
raw,initial,51377,6.451819896697998,0.22078336775302887,0.23903019726276398,0.22097353637218475
raw,initial,64153,5.60010290145874,0.23900891840457916,0.23209843039512634,0.24108801782131195
raw,initial,20182,5.491257667541504,0.22246843576431274,0.19146089255809784,0.20357275009155273
raw,initial,60139,7.4232659339904785,0.17934729158878326,0.1642729640007019,0.18445979058742523
raw,initial,86359,4.993289470672607,0.21272508800029755,0.19625920057296753,0.19851559400558472
raw,initial,111449,9.374322891235352,0.22302870452404022,0.21476908028125763,0.23416410386562347
raw,initial,81123,8.593356132507324,0.20115335285663605,0.21545720100402832,0.21190594136714935
raw,initial,91567,6.122561454772949,0.202797532081604,0.2273530662059784,0.211905837059021
raw,initial,95333,5.610987663269043,0.21808399260044098,0.24382996559143066,0.22097434103488922
raw,initial,92998,8.919892311096191,0.1824205368757248,0.14674720168113708,0.1719304472208023
raw,initial,47785,5.30894136428833,0.2600044012069702,0.24997885525226593,0.25462740659713745
raw,initial,49302,5.551122665405273,0.18959440290927887,0.19293245673179626,0.18842974305152893
raw,initial,55712,8.114435195922852,0.23540759086608887,0.2347717434167862,0.23238499462604523
raw,initial,120600,7.801504611968994,0.19273656606674194,0.19046220183372498,0.18271689116954803
raw,initial,2694,8.996084213256836,0.22831763327121735,0.2545890808105469,0.24809883534908295
raw,initial,4890,5.347037315368652,0.23583310842514038,0.17150524258613586,0.20357270538806915
raw,initial,39938,7.25727653503418,0.2793503403663635,0.28714144229888916,0.2677469253540039
raw,initial,31477,5.880380630493164,0.19530998170375824,0.1959148794412613,0.18445946276187897
raw,initial,99038,8.48451042175293,0.15697138011455536,0.1891234964132309,0.18271967768669128
raw,initial,21694,6.789240837097168,0.167817160487175,0.18620823323726654,0.16987329721450806
raw,initial,55127,7.774292945861816,0.19718632102012634,0.18106457591056824,0.18445980548858643
raw,initial,27044,5.050433158874512,0.2111365646123886,0.21328257024288177,0.20443740487098694
raw,initial,45148,5.828679084777832,0.23498348891735077,0.21991115808486938,0.24108800292015076
raw,initial,23761,6.481751918792725,0.27271878719329834,0.25780725479125977,0.25462740659713745
raw,initial,31375,4.781040191650391,0.2260761559009552,0.19835872948169708,0.20443744957447052
raw,initial,130452,6.89264440536499,0.2379624992609024,0.23485331237316132,0.22969916462898254
raw,initial,48812,6.12800407409668,0.23231902718544006,0.24602340161800385,0.23352377116680145
raw,initial,107016,6.80828857421875,0.22456468641757965,0.23153667151927948,0.2323845624923706
raw,initial,129595,5.257239818572998,0.27275678515434265,0.2441667914390564,0.2548513412475586
raw,initial,66962,6.06813907623291,0.21847952902317047,0.2373512238264084,0.23352383077144623
raw,initial,97478,6.318483829498291,0.1582990288734436,0.14204290509223938,0.15728354454040527
raw,initial,57735,7.670889377593994,0.18553265929222107,0.19330742955207825,0.18296918272972107
raw,initial,33262,9.202890396118164,0.23732547461986542,0.26600009202957153,0.25996339321136475
raw,initial,116096,8.628729820251465,0.20794819295406342,0.19020169973373413,0.19280099868774414
raw,initial,81354,5.986505031585693,0.2385629266500473,0.24633577466011047,0.24108801782131195
raw,initial,14403,8.223280906677246,0.22960130870342255,0.2131715714931488,0.21553094685077667
raw,initial,41232,6.179705619812012,0.24085594713687897,0.24793830513954163,0.2410879135131836
raw,initial,127876,5.695343017578125,0.2677024006843567,0.2795204222202301,0.24091480672359467
raw,initial,37952,6.7484235763549805,0.2431480437517166,0.2570843994617462,0.25303319096565247
raw,initial,91415,5.34159517288208,0.19744794070720673,0.23560680449008942,0.20531463623046875
raw,initial,1418,5.809630870819092,0.15840068459510803,0.12647514045238495,0.14956960082054138
raw,initial,109668,8.80832576751709,0.22035831212997437,0.22434845566749573,0.21611706912517548
raw,initial,2315,8.100829124450684,0.18907536566257477,0.17129391431808472,0.18375857174396515
raw,initial,97100,7.638236045837402,0.15790927410125732,0.14881475269794464,0.14493229985237122
raw,initial,93433,7.4042181968688965,0.18997693061828613,0.20071013271808624,0.19851572811603546
raw,initial,35161,7.102171897888184,0.21749453246593475,0.22735610604286194,0.2284347116947174
raw,initial,72955,6.098071575164795,0.26252472400665283,0.23312273621559143,0.24108801782131195
raw,initial,97296,7.8123884201049805,0.20493683218955994,0.20599326491355896,0.19851462543010712
raw,initial,42980,5.425950050354004,0.26186278462409973,0.23410792648792267,0.2330692857503891
raw,initial,78911,7.9919843673706055,0.2534269094467163,0.2606074810028076,0.253032922744751
raw,initial,31582,6.16065788269043,0.23411299288272858,0.23982571065425873,0.2302018404006958
raw,initial,28182,5.1483941078186035,0.3069917559623718,0.29135575890541077,0.2947967052459717
raw,initial,32340,6.625972270965576,0.28333908319473267,0.312777042388916,0.28482115268707275
raw,initial,6372,8.541653633117676,0.1999606341123581,0.1877613365650177,0.1917393058538437
raw,initial,65636,7.140267848968506,0.25742578506469727,0.27405160665512085,0.26215389370918274
raw,initial,6440,5.556564807891846,0.24249669909477234,0.2418210357427597,0.23842324316501617
raw,initial,31763,5.951130390167236,0.21698234975337982,0.1987178474664688,0.19657103717327118
raw,initial,71523,7.300814628601074,0.1997411698102951,0.1901543289422989,0.19851581752300262
raw,initial,63884,6.88720178604126,0.22602611780166626,0.23033718764781952,0.228434756398201
raw,initial,1614,7.341631889343262,0.14378762245178223,0.14862053096294403,0.15343916416168213
raw,initial,16791,9.417860984802246,0.1762961596250534,0.1947198510169983,0.19173918664455414
raw,initial,80563,8.726691246032715,0.21468542516231537,0.24730290472507477,0.21611817181110382
raw,initial,72949,6.070860385894775,0.24867744743824005,0.26557478308677673,0.2599630355834961
raw,initial,86358,6.802846431732178,0.20261774957180023,0.1753522753715515,0.18842968344688416
raw,initial,121972,7.219180583953857,0.21543677151203156,0.18151111900806427,0.18908579647541046
raw,initial,55966,4.171505451202393,0.1680198311805725,0.18093253672122955,0.17193055152893066
raw,initial,4074,6.666789531707764,0.20503288507461548,0.19856707751750946,0.2073049694299698
raw,initial,122781,5.828679084777832,0.20835550129413605,0.19350431859493256,0.20443744957447052
raw,initial,18060,6.8409423828125,0.20448988676071167,0.20324747264385223,0.19521252810955048
raw,initial,97953,8.522605895996094,0.210207000374794,0.24226348102092743,0.2209751456975937
raw,initial,124145,6.468146324157715,0.2078281193971634,0.25167953968048096,0.2209746390581131
raw,initial,61779,7.611024856567383,0.17849823832511902,0.18776582181453705,0.1719304919242859
raw,initial,46670,5.40146017074585,0.20142589509487152,0.20768354833126068,0.19851574301719666
raw,initial,85248,5.962014675140381,0.21648277342319489,0.22639474272727966,0.21938292682170868
raw,initial,47404,5.945687770843506,0.23226110637187958,0.23180975019931793,0.23352384567260742
raw,initial,102369,8.805603981018066,0.17265260219573975,0.17585165798664093,0.18271978199481964
raw,initial,6369,10.008347511291504,0.24491967260837555,0.24482785165309906,0.23601092398166656
raw,initial,55323,7.733476161956787,0.23012486100196838,0.24800275266170502,0.24108804762363434
raw,initial,67214,6.533453464508057,0.21262268722057343,0.22218738496303558,0.21190573275089264
raw,initial,112430,8.62328815460205,0.1796097308397293,0.21217156946659088,0.19551797211170197
raw,initial,73981,5.659968376159668,0.2533029317855835,0.28273946046829224,0.2485513538122177
raw,initial,103028,8.217838287353516,0.20136401057243347,0.20519208908081055,0.1940378099679947
raw,initial,29209,5.562007427215576,0.24738366901874542,0.265704870223999,0.22843459248542786
raw,initial,23592,6.3075995445251465,0.2742958068847656,0.29017990827560425,0.27377739548683167
raw,initial,64494,6.217801570892334,0.17429405450820923,0.17609921097755432,0.19551773369312286
raw,initial,31854,6.00283145904541,0.1900288611650467,0.16715043783187866,0.18445941805839539
raw,initial,28813,5.26268196105957,0.22391186654567719,0.20383232831954956,0.2019909918308258
raw,initial,53760,7.104892730712891,0.20444917678833008,0.2135770320892334,0.2089875489473343
raw,initial,84397,5.869495868682861,0.18430905044078827,0.21096660196781158,0.19551800191402435
raw,initial,23688,6.141610145568848,0.28414052724838257,0.25699061155319214,0.25462737679481506
raw,initial,124070,6.919855117797852,0.20342440903186798,0.1954626739025116,0.20898699760437012
raw,initial,14192,8.680432319641113,0.23303855955600739,0.2013828456401825,0.21553294360637665
raw,initial,2543,6.337531566619873,0.19586393237113953,0.2258429080247879,0.21479184925556183
raw,initial,16630,6.944345474243164,0.23275454342365265,0.25436168909072876,0.23468391597270966
raw,initial,12923,8.560701370239258,0.17135360836982727,0.18140144646167755,0.17722925543785095
raw,initial,110294,6.710327625274658,0.19699688255786896,0.18052594363689423,0.18445982038974762
raw,initial,56537,8.5906343460083,0.15879514813423157,0.17169031500816345,0.17247650027275085
raw,initial,12831,7.785177230834961,0.17435762286186218,0.1646563708782196,0.17689819633960724
raw,initial,56296,7.066796779632568,0.2250203937292099,0.21664492785930634,0.22097469866275787
raw,initial,9094,7.529390335083008,0.1424545794725418,0.1266549527645111,0.13399603962898254
raw,initial,73161,6.454540729522705,0.2531268000602722,0.26252710819244385,0.25303298234939575
raw,initial,58032,8.353896141052246,0.1783892661333084,0.187419131398201,0.18296946585178375
raw,initial,119495,6.683116436004639,0.1697348654270172,0.15929928421974182,0.15728320181369781
raw,initial,27016,5.551122665405273,0.22357584536075592,0.19608433544635773,0.20443744957447052
raw,initial,23894,5.251797676086426,0.27290692925453186,0.2500203251838684,0.2485513687133789
raw,initial,117754,7.825994968414307,0.2243843972682953,0.21199427545070648,0.22097469866275787
raw,initial,24968,5.303499221801758,0.2002585530281067,0.20110253989696503,0.19468416273593903
raw,initial,83557,6.786519527435303,0.20730037987232208,0.21256722509860992,0.18842975795269012
raw,initial,118278,6.000110626220703,0.19352032244205475,0.19270430505275726,0.19551704823970795
raw,initial,58437,6.030043125152588,0.18585744500160217,0.21113304793834686,0.19851557910442352
raw,initial,34774,7.703543663024902,0.24082790315151215,0.23946908116340637,0.2284347414970398
raw,initial,110247,7.031421661376953,0.18628980219364166,0.18339866399765015,0.18445979058742523
raw,initial,96215,4.236812591552734,0.2431650310754776,0.23638133704662323,0.23352329432964325
raw,initial,66436,5.681737422943115,0.25495803356170654,0.24426227807998657,0.23352374136447906
raw,initial,47353,5.102134704589844,0.16713467240333557,0.1681535392999649,0.16169877350330353
raw,initial,106375,6.7974042892456055,0.17423227429389954,0.20278748869895935,0.18842972815036774
raw,initial,73484,7.45591926574707,0.22256778180599213,0.23015257716178894,0.2284345179796219
raw,initial,82213,9.387928009033203,0.21727927029132843,0.24023889005184174,0.23416538536548615
raw,initial,85899,7.997426509857178,0.19531314074993134,0.19643448293209076,0.19551759958267212
raw,initial,81158,8.555259704589844,0.22265557944774628,0.2177816778421402,0.22097542881965637
raw,initial,33805,6.998768329620361,0.27561450004577637,0.26486843824386597,0.25462740659713745
raw,initial,92106,6.353858470916748,0.21111084520816803,0.20015741884708405,0.21611715853214264
raw,initial,68661,8.615124702453613,0.21794743835926056,0.2280033677816391,0.2323853075504303
raw,initial,105062,7.771572113037109,0.24391476809978485,0.2340095341205597,0.23238475620746613
raw,initial,90114,7.733476161956787,0.17920611798763275,0.1868075430393219,0.18296952545642853
raw,initial,37113,8.057291030883789,0.2532234191894531,0.24123743176460266,0.23352380096912384
raw,initial,55265,6.811009407043457,0.25915834307670593,0.258549302816391,0.25303271412849426
raw,initial,47564,5.749765872955322,0.22868011891841888,0.22967225313186646,0.21938291192054749
raw,initial,120252,7.695379734039307,0.2393312007188797,0.21017837524414062,0.22097396850585938
raw,initial,75440,6.721211910247803,0.19409219920635223,0.17881812155246735,0.17000679671764374
raw,initial,58383,7.2491135597229,0.17245805263519287,0.17918556928634644,0.17099717259407043
raw,initial,106216,6.895365238189697,0.1953243911266327,0.20537126064300537,0.20898742973804474
raw,initial,129725,5.091249942779541,0.26440078020095825,0.23618385195732117,0.23253430426120758
raw,initial,81223,7.602860927581787,0.2095852941274643,0.2026369869709015,0.19851581752300262
raw,initial,31003,5.953851222991943,0.21744884550571442,0.23226028680801392,0.2089870125055313
raw,initial,123590,6.473588943481445,0.21754617989063263,0.24635650217533112,0.21527066826820374
raw,initial,39598,9.183842658996582,0.219395250082016,0.23970483243465424,0.21190541982650757
raw,initial,78932,6.47086763381958,0.2315710037946701,0.2378941774368286,0.23238496482372284
raw,initial,126182,5.6191511154174805,0.2711561620235443,0.23409272730350494,0.23306924104690552
raw,initial,92032,9.692695617675781,0.20601262152194977,0.22107090055942535,0.22087015211582184
raw,initial,34241,7.855927467346191,0.24304141104221344,0.22639544308185577,0.24108782410621643
raw,initial,127947,4.1524577140808105,0.3060939908027649,0.24994349479675293,0.26448994874954224
raw,initial,24383,5.360642910003662,0.26909080147743225,0.25690364837646484,0.25462740659713745
raw,initial,75393,7.575649738311768,0.2452748566865921,0.25102245807647705,0.2284346967935562
raw,initial,112658,6.819173336029053,0.21919690072536469,0.24820788204669952,0.23238450288772583
raw,initial,29101,4.51708984375,0.23579435050487518,0.2148609310388565,0.21527059376239777
raw,initial,29577,4.122525215148926,0.23275664448738098,0.21682851016521454,0.21527054905891418
raw,initial,53778,5.815073013305664,0.2184571474790573,0.20895612239837646,0.21190568804740906
raw,initial,14993,6.095350742340088,0.19807055592536926,0.18303021788597107,0.1952124685049057
raw,initial,55493,6.098071575164795,0.21464745700359344,0.223734512925148,0.2193828970193863
raw,initial,82782,5.962014675140381,0.24149087071418762,0.24197842180728912,0.23352380096912384
raw,initial,36654,8.122598648071289,0.23339304327964783,0.22585026919841766,0.219383105635643
raw,initial,35195,8.239607810974121,0.30802685022354126,0.29313981533050537,0.295152485370636
raw,initial,39795,8.348453521728516,0.20895616710186005,0.18507279455661774,0.21190567314624786
raw,initial,102190,8.334847450256348,0.18409661948680878,0.16835740208625793,0.1719307154417038
raw,initial,97558,6.1252827644348145,0.22881437838077545,0.21411964297294617,0.21190513670444489
raw,initial,83539,6.1443305015563965,0.2165812849998474,0.2320328801870346,0.23238509893417358
raw,initial,84657,8.734854698181152,0.2019772231578827,0.1990848183631897,0.195517897605896
raw,initial,3707,6.400117874145508,0.201679065823555,0.19594666361808777,0.17125311493873596
raw,initial,123585,6.098071575164795,0.23834800720214844,0.23487655818462372,0.22843468189239502
raw,initial,100119,7.532111644744873,0.25664836168289185,0.2397010624408722,0.2530320882797241
raw,initial,95531,7.194690704345703,0.2077050656080246,0.22822265326976776,0.20898668467998505
raw,initial,84507,5.132067680358887,0.21057209372520447,0.21939527988433838,0.21190540492534637
raw,initial,130128,6.2422919273376465,0.2683558464050293,0.2645512819290161,0.25827717781066895
raw,initial,76070,7.036864280700684,0.261752724647522,0.24167217314243317,0.2485514134168625
raw,initial,69734,7.5566020011901855,0.26674824953079224,0.27763307094573975,0.27377742528915405
raw,initial,125938,6.141610145568848,0.2134275883436203,0.21129223704338074,0.18930698931217194
raw,initial,57391,8.223280906677246,0.19328981637954712,0.19374896585941315,0.19551795721054077
raw,initial,90099,7.774292945861816,0.1948705017566681,0.20948874950408936,0.20531485974788666
raw,initial,21225,4.242255210876465,0.23556753993034363,0.2030334323644638,0.2156916856765747
raw,initial,57257,7.575649738311768,0.21444953978061676,0.23666487634181976,0.2209751009941101
raw,initial,48132,4.922539710998535,0.22731457650661469,0.2169560343027115,0.21938292682170868
raw,initial,49095,5.934803009033203,0.21772627532482147,0.2039569616317749,0.21190595626831055
raw,initial,58751,8.870911598205566,0.16147875785827637,0.19993211328983307,0.17247533798217773
raw,initial,99951,5.69806432723999,0.28164708614349365,0.27808064222335815,0.26774680614471436
raw,initial,12193,7.254555702209473,0.15300717949867249,0.172096386551857,0.16401135921478271
raw,initial,41699,5.382411956787109,0.2556615471839905,0.23243944346904755,0.2410881668329239
raw,initial,77653,7.953887462615967,0.3301851153373718,0.2964308261871338,0.2951524257659912
raw,initial,75223,5.809630870819092,0.24026928842067719,0.22032810747623444,0.23352371156215668
raw,initial,116166,6.119840621948242,0.17589472234249115,0.16030827164649963,0.16987371444702148
raw,initial,46761,5.578333854675293,0.21177424490451813,0.20271556079387665,0.20898757874965668
raw,initial,13261,6.234128475189209,0.18138383328914642,0.17689763009548187,0.16401126980781555
raw,initial,91786,5.60010290145874,0.25727641582489014,0.256679892539978,0.2530326843261719
raw,initial,55612,4.990568161010742,0.2243138551712036,0.21090927720069885,0.21938273310661316
raw,initial,57403,5.235470294952393,0.22114326059818268,0.2203776091337204,0.21190543472766876
raw,initial,112581,8.993363380432129,0.22041235864162445,0.2173355370759964,0.2161175161600113
raw,initial,4947,5.798746109008789,0.188817098736763,0.19618067145347595,0.17836374044418335
raw,initial,5549,6.280387878417969,0.24099160730838776,0.22420315444469452,0.2384233921766281
raw,initial,14388,6.48447322845459,0.15631023049354553,0.12627728283405304,0.14631956815719604
raw,initial,15655,5.640920639038086,0.2132033109664917,0.1894523948431015,0.1952124983072281
raw,initial,27442,6.351137638092041,0.23033683001995087,0.20996378362178802,0.22843444347381592
raw,initial,66105,6.070860385894775,0.28770869970321655,0.2944571375846863,0.2677469849586487
raw,initial,80577,8.519885063171387,0.21063439548015594,0.2235516756772995,0.20531511306762695
raw,initial,64816,8.138925552368164,0.2546094059944153,0.23955966532230377,0.25303298234939575
raw,initial,35105,7.4749674797058105,0.2312241643667221,0.2556614279747009,0.24108801782131195
raw,initial,110535,8.626008987426758,0.18004724383354187,0.18856535851955414,0.18271930515766144
raw,initial,83579,7.23006534576416,0.19531887769699097,0.2519753575325012,0.19851569831371307
raw,initial,106203,6.666789531707764,0.23658685386180878,0.2197224646806717,0.23238487541675568
raw,initial,22219,5.317104816436768,0.2468743473291397,0.2170841246843338,0.21938247978687286
raw,initial,70817,5.877659320831299,0.22415946424007416,0.2262304425239563,0.23352380096912384
raw,initial,73382,5.455882549285889,0.23326729238033295,0.2507842183113098,0.2335236817598343
raw,initial,46231,6.046370029449463,0.22382262349128723,0.23127444088459015,0.2284347414970398
raw,after_epoch,17587,8.93349838256836,7.756717205047607,7.755631446838379,7.754522323608398
raw,after_epoch,78740,7.181085109710693,7.740568161010742,7.742603302001953,7.741727828979492
raw,after_epoch,11640,6.42460823059082,6.993630409240723,6.995725154876709,6.997325420379639
raw,after_epoch,124462,5.638199329376221,6.832759857177734,6.8330183029174805,6.836897850036621
raw,after_epoch,16528,4.462667465209961,6.99097204208374,6.990450859069824,6.994357585906982
raw,after_epoch,107465,7.4749674797058105,6.401576995849609,6.410262107849121,6.413914680480957
raw,after_epoch,47903,5.284451007843018,6.3850579261779785,6.38780403137207,6.384827613830566
raw,after_epoch,35869,7.110334873199463,8.20177173614502,8.200840950012207,8.200642585754395
raw,after_epoch,120619,6.397397041320801,8.08149242401123,8.089567184448242,8.088088035583496
raw,after_epoch,77917,8.873632431030273,8.07524299621582,8.07299518585205,8.073204040527344
raw,after_epoch,64557,7.366122245788574,7.534985065460205,7.542244911193848,7.541595935821533
raw,after_epoch,113450,7.227344036102295,7.008736610412598,7.010387897491455,7.0102128982543945
raw,after_epoch,82232,6.2586188316345215,7.727388381958008,7.72519588470459,7.7246551513671875
raw,after_epoch,102742,8.389269828796387,8.14763069152832,8.141661643981934,8.144360542297363
raw,after_epoch,62076,6.166100025177002,8.100855827331543,8.101310729980469,8.099491119384766
raw,after_epoch,121313,6.79468297958374,6.945625305175781,6.942790508270264,6.945610046386719
raw,after_epoch,48900,4.400081157684326,5.517016887664795,5.5256781578063965,5.5258564949035645
raw,after_epoch,127718,4.5388593673706055,5.789973258972168,5.790170192718506,5.791355609893799
raw,after_epoch,114802,7.077681541442871,7.805049419403076,7.814887523651123,7.8115925788879395
raw,after_epoch,46939,4.0327277183532715,6.796093463897705,6.800890922546387,6.79889440536499
raw,after_epoch,105749,6.519847869873047,7.652423858642578,7.649448394775391,7.64995002746582
raw,after_epoch,110729,8.383827209472656,8.431182861328125,8.427847862243652,8.429179191589355
raw,after_epoch,98105,8.73757553100586,8.793974876403809,8.790913581848145,8.789517402648926
raw,after_epoch,93993,8.49267292022705,8.00833797454834,8.009016990661621,8.007380485534668
raw,after_epoch,64845,4.302119731903076,7.320521354675293,7.316618919372559,7.317330360412598
raw,after_epoch,109408,6.040927886962891,7.155116081237793,7.156866550445557,7.155083656311035
raw,after_epoch,849,6.304878234863281,7.292726039886475,7.300564289093018,7.2978620529174805
raw,after_epoch,120778,9.230101585388184,8.49000072479248,8.485708236694336,8.489174842834473
raw,after_epoch,128629,6.5633864402771,5.761203765869141,5.774961471557617,5.771642684936523
raw,after_epoch,66791,6.772913932800293,8.076828956604004,8.07654094696045,8.073437690734863
raw,after_epoch,120541,6.473588943481445,7.708062648773193,7.704463005065918,7.7186384201049805
raw,after_epoch,114365,6.968835830688477,8.46823787689209,8.46438217163086,8.466713905334473
raw,after_epoch,31193,5.074923515319824,6.5352888107299805,6.52807092666626,6.539451599121094
raw,after_epoch,117766,7.638236045837402,7.653275489807129,7.655493259429932,7.653811454772949
raw,after_epoch,8217,7.60014009475708,7.849063396453857,7.840503692626953,7.84981632232666
raw,after_epoch,96492,5.891264915466309,6.508518218994141,6.51265811920166,6.512107849121094
raw,after_epoch,125495,4.854511260986328,5.129908084869385,5.135454177856445,5.138069152832031
raw,after_epoch,90073,6.805567264556885,7.159713268280029,7.15887451171875,7.161919593811035
raw,after_epoch,19948,8.26681900024414,6.992491722106934,6.988803386688232,6.99195671081543
raw,after_epoch,123246,5.896707534790039,5.450008392333984,5.453757286071777,5.451773643493652
raw,after_epoch,60407,7.4014973640441895,7.685079097747803,7.680631637573242,7.685044765472412
raw,after_epoch,111938,8.160694122314453,8.064265251159668,8.061734199523926,8.063009262084961
raw,after_epoch,80332,8.226001739501953,7.623569488525391,7.608572483062744,7.620941162109375
raw,after_epoch,149,9.224658966064453,8.107444763183594,8.131888389587402,8.131147384643555
raw,after_epoch,32746,8.928055763244629,7.767679214477539,7.766438007354736,7.764628887176514
raw,after_epoch,15577,5.357921600341797,7.327508449554443,7.331334590911865,7.330810546875
raw,after_epoch,129077,4.215043544769287,5.4033613204956055,5.402164936065674,5.406774044036865
raw,after_epoch,87759,6.46542501449585,7.284078598022461,7.28465461730957,7.282094478607178
raw,after_epoch,85481,7.077681541442871,7.729770660400391,7.731856822967529,7.733139991760254
raw,after_epoch,92529,9.055949211120605,8.480929374694824,8.481247901916504,8.476773262023926
raw,after_epoch,58760,8.449134826660156,8.513102531433105,8.507226943969727,8.512155532836914
raw,after_epoch,27328,5.40146017074585,6.834332466125488,6.83609676361084,6.833443641662598
raw,after_epoch,88798,6.046370029449463,7.386373043060303,7.386979103088379,7.3843488693237305
raw,after_epoch,58498,6.348416328430176,8.060124397277832,8.05216121673584,8.059943199157715
raw,after_epoch,51377,6.451819896697998,7.829198360443115,7.822728633880615,7.830649375915527
raw,after_epoch,64153,5.60010290145874,7.296231269836426,7.3008928298950195,7.297228813171387
raw,after_epoch,20182,5.491257667541504,5.889641761779785,5.9005584716796875,5.9005961418151855
raw,after_epoch,60139,7.4232659339904785,6.8918256759643555,6.9023284912109375,6.9001078605651855
raw,after_epoch,86359,4.993289470672607,7.276950359344482,7.278599739074707,7.279582500457764
raw,after_epoch,111449,9.374322891235352,8.855474472045898,8.84951400756836,8.852179527282715
raw,after_epoch,81123,8.593356132507324,7.606012344360352,7.603414535522461,7.602431774139404
raw,after_epoch,91567,6.122561454772949,7.620147705078125,7.6083526611328125,7.6189985275268555
raw,after_epoch,95333,5.610987663269043,7.783233642578125,7.780385494232178,7.78420877456665
raw,after_epoch,92998,8.919892311096191,7.621940612792969,7.625781059265137,7.622495174407959
raw,after_epoch,47785,5.30894136428833,6.40841817855835,6.405584335327148,6.405641555786133
raw,after_epoch,49302,5.551122665405273,7.155910015106201,7.154705047607422,7.158206462860107
raw,after_epoch,55712,8.114435195922852,8.092166900634766,8.085165977478027,8.089276313781738
raw,after_epoch,120600,7.801504611968994,8.517401695251465,8.506404876708984,8.523343086242676
raw,after_epoch,2694,8.996084213256836,7.647397518157959,7.648002624511719,7.652341842651367
raw,after_epoch,4890,5.347037315368652,5.890505790710449,5.902120113372803,5.898683547973633
raw,after_epoch,39938,7.25727653503418,6.818021297454834,6.805833339691162,6.815715312957764
raw,after_epoch,31477,5.880380630493164,6.926935195922852,6.929077625274658,6.929089069366455
raw,after_epoch,99038,8.48451042175293,8.415550231933594,8.391173362731934,8.411720275878906
raw,after_epoch,21694,6.789240837097168,7.387745380401611,7.382364273071289,7.389073371887207
raw,after_epoch,55127,7.774292945861816,6.891842842102051,6.890556812286377,6.892921447753906
raw,after_epoch,27044,5.050433158874512,6.388373374938965,6.389704704284668,6.394789218902588
raw,after_epoch,45148,5.828679084777832,7.296703338623047,7.296492576599121,7.295072555541992
raw,after_epoch,23761,6.481751918792725,6.417223930358887,6.420701503753662,6.418198585510254
raw,after_epoch,31375,4.781040191650391,6.390489101409912,6.393616676330566,6.395635604858398
raw,after_epoch,130452,6.89264440536499,5.358498573303223,5.36729097366333,5.375772476196289
raw,after_epoch,48812,6.12800407409668,7.17962121963501,7.170548439025879,7.177641868591309
raw,after_epoch,107016,6.80828857421875,8.10054874420166,8.101181030273438,8.097678184509277
raw,after_epoch,129595,5.257239818572998,6.7616400718688965,6.76802921295166,6.765646934509277
raw,after_epoch,66962,6.06813907623291,7.175533294677734,7.169541358947754,7.1738481521606445
raw,after_epoch,97478,6.318483829498291,7.27329158782959,7.279079437255859,7.276012420654297
raw,after_epoch,57735,7.670889377593994,7.7272725105285645,7.725847244262695,7.727835178375244
raw,after_epoch,33262,9.202890396118164,7.762767791748047,7.757744789123535,7.75929594039917
raw,after_epoch,116096,8.628729820251465,8.562520027160645,8.562292098999023,8.5659761428833
raw,after_epoch,81354,5.986505031585693,7.291045665740967,7.287050724029541,7.289275169372559
raw,after_epoch,14403,8.223280906677246,8.2662353515625,8.274991989135742,8.273547172546387
raw,after_epoch,41232,6.179705619812012,7.308322906494141,7.307032108306885,7.311391353607178
raw,after_epoch,127876,5.695343017578125,5.961702823638916,5.949868679046631,5.962357044219971
raw,after_epoch,37952,6.7484235763549805,7.643904209136963,7.636550426483154,7.640857219696045
raw,after_epoch,91415,5.34159517288208,8.144970893859863,8.134665489196777,8.143988609313965
raw,after_epoch,1418,5.809630870819092,6.716876029968262,6.74456262588501,6.741337776184082
raw,after_epoch,109668,8.80832576751709,8.467039108276367,8.459879875183105,8.4657621383667
raw,after_epoch,2315,8.100829124450684,8.003323554992676,8.009902954101562,8.008513450622559
raw,after_epoch,97100,7.638236045837402,7.15786600112915,7.163902282714844,7.172133445739746
raw,after_epoch,93433,7.4042181968688965,7.270033836364746,7.251972198486328,7.268098831176758
raw,after_epoch,35161,7.102171897888184,6.922719478607178,6.916251182556152,6.920346260070801
raw,after_epoch,72955,6.098071575164795,7.294212341308594,7.2943115234375,7.291729927062988
raw,after_epoch,97296,7.8123884201049805,7.346902847290039,7.3511576652526855,7.355847358703613
raw,after_epoch,42980,5.425950050354004,5.757256507873535,5.759568214416504,5.758707046508789
raw,after_epoch,78911,7.9919843673706055,7.668362617492676,7.6645402908325195,7.666281700134277
raw,after_epoch,31582,6.16065788269043,7.890996932983398,7.884952545166016,7.892772674560547
raw,after_epoch,28182,5.1483941078186035,5.984216690063477,5.992193222045898,5.990846157073975
raw,after_epoch,32340,6.625972270965576,7.387423515319824,7.393168926239014,7.395540714263916
raw,after_epoch,6372,8.541653633117676,7.75676155090332,7.753514289855957,7.755993843078613
raw,after_epoch,65636,7.140267848968506,6.549422264099121,6.547454833984375,6.546564102172852
raw,after_epoch,6440,5.556564807891846,6.871952533721924,6.890353679656982,6.891571044921875
raw,after_epoch,31763,5.951130390167236,7.034634590148926,7.037069797515869,7.038401126861572
raw,after_epoch,71523,7.300814628601074,7.261667251586914,7.259296417236328,7.260217666625977
raw,after_epoch,63884,6.88720178604126,6.909720420837402,6.908914089202881,6.908185005187988
raw,after_epoch,1614,7.341631889343262,7.601021766662598,7.606252193450928,7.606269359588623
raw,after_epoch,16791,9.417860984802246,7.775408744812012,7.771692276000977,7.773421287536621
raw,after_epoch,80563,8.726691246032715,8.430743217468262,8.422701835632324,8.428396224975586
raw,after_epoch,72949,6.070860385894775,7.777332782745361,7.773681163787842,7.7738823890686035
raw,after_epoch,86358,6.802846431732178,7.161660194396973,7.163905143737793,7.165516376495361
raw,after_epoch,121972,7.219180583953857,5.9369025230407715,5.944504737854004,5.944624900817871
raw,after_epoch,55966,4.171505451202393,7.618335723876953,7.616870403289795,7.618878364562988
raw,after_epoch,4074,6.666789531707764,7.072150230407715,7.071593284606934,7.071044445037842
raw,after_epoch,122781,5.828679084777832,6.390588760375977,6.393927097320557,6.393342971801758
raw,after_epoch,18060,6.8409423828125,6.966180324554443,6.970303058624268,6.970801830291748
raw,after_epoch,97953,8.522605895996094,7.7576494216918945,7.753588676452637,7.757000923156738
raw,after_epoch,124145,6.468146324157715,7.786813735961914,7.784234046936035,7.787134170532227
raw,after_epoch,61779,7.611024856567383,7.618657112121582,7.613425254821777,7.619779109954834
raw,after_epoch,46670,5.40146017074585,7.259770393371582,7.254415035247803,7.2604827880859375
raw,after_epoch,85248,5.962014675140381,6.796980381011963,6.797877311706543,6.8000102043151855
raw,after_epoch,47404,5.945687770843506,7.173235893249512,7.1683855056762695,7.1717143058776855
raw,after_epoch,102369,8.805603981018066,8.410289764404297,8.405847549438477,8.407441139221191
raw,after_epoch,6369,10.008347511291504,8.573756217956543,8.567179679870605,8.570721626281738
raw,after_epoch,55323,7.733476161956787,7.300276756286621,7.300762176513672,7.299267768859863
raw,after_epoch,67214,6.533453464508057,7.6219682693481445,7.619471549987793,7.621866226196289
raw,after_epoch,112430,8.62328815460205,8.045822143554688,8.037919998168945,8.042588233947754
raw,after_epoch,73981,5.659968376159668,6.257588863372803,6.263361930847168,6.261512756347656
raw,after_epoch,103028,8.217838287353516,7.818538665771484,7.816608905792236,7.818126201629639
raw,after_epoch,29209,5.562007427215576,6.929365158081055,6.924764633178711,6.9309234619140625
raw,after_epoch,23592,6.3075995445251465,6.959804534912109,6.9617815017700195,6.963914394378662
raw,after_epoch,64494,6.217801570892334,8.065533638000488,8.06722640991211,8.063864707946777
raw,after_epoch,31854,6.00283145904541,6.926543235778809,6.932838439941406,6.928980350494385
raw,after_epoch,28813,5.26268196105957,6.1092915534973145,6.113984107971191,6.113908767700195
raw,after_epoch,53760,7.104892730712891,7.381626129150391,7.384066104888916,7.381605625152588
raw,after_epoch,84397,5.869495868682861,8.045154571533203,8.033329963684082,8.043455123901367
raw,after_epoch,23688,6.141610145568848,6.413893699645996,6.414430141448975,6.415095806121826
raw,after_epoch,124070,6.919855117797852,7.437132835388184,7.441587448120117,7.44057559967041
raw,after_epoch,14192,8.680432319641113,8.183151245117188,8.185934066772461,8.18265151977539
raw,after_epoch,2543,6.337531566619873,7.960900783538818,7.966554164886475,7.963801383972168
raw,after_epoch,16630,6.944345474243164,7.7808637619018555,7.776334762573242,7.77902889251709
raw,after_epoch,12923,8.560701370239258,8.161466598510742,8.15988826751709,8.160396575927734
raw,after_epoch,110294,6.710327625274658,6.900388240814209,6.904413223266602,6.906423568725586
raw,after_epoch,56537,8.5906343460083,8.745491981506348,8.740251541137695,8.741276741027832
raw,after_epoch,12831,7.785177230834961,7.42000675201416,7.424715042114258,7.422388076782227
raw,after_epoch,56296,7.066796779632568,7.7767720222473145,7.780031204223633,7.777259349822998
raw,after_epoch,9094,7.529390335083008,7.405088901519775,7.410742282867432,7.408544540405273
raw,after_epoch,73161,6.454540729522705,7.665665626525879,7.654413223266602,7.666242599487305
raw,after_epoch,58032,8.353896141052246,7.708241939544678,7.708090782165527,7.708183765411377
raw,after_epoch,119495,6.683116436004639,7.294663429260254,7.298466682434082,7.307103157043457
raw,after_epoch,27016,5.551122665405273,6.387038230895996,6.394355773925781,6.392778396606445
raw,after_epoch,23894,5.251797676086426,6.2576398849487305,6.261031150817871,6.259554386138916
raw,after_epoch,117754,7.825994968414307,7.778194427490234,7.784289836883545,7.783141613006592
raw,after_epoch,24968,5.303499221801758,6.228553771972656,6.237198829650879,6.2364959716796875
raw,after_epoch,83557,6.786519527435303,7.156431198120117,7.157391548156738,7.160031795501709
raw,after_epoch,118278,6.000110626220703,8.087965965270996,8.09015941619873,8.08759880065918
raw,after_epoch,58437,6.030043125152588,7.297287940979004,7.2983880043029785,7.298992156982422
raw,after_epoch,34774,7.703543663024902,6.914608955383301,6.909244537353516,6.913848876953125
raw,after_epoch,110247,7.031421661376953,6.894797325134277,6.897675037384033,6.896093845367432
raw,after_epoch,96215,4.236812591552734,7.222620010375977,7.23239278793335,7.233084201812744
raw,after_epoch,66436,5.681737422943115,7.17976188659668,7.178866386413574,7.180715084075928
raw,after_epoch,47353,5.102134704589844,6.645097255706787,6.631311416625977,6.649143218994141
raw,after_epoch,106375,6.7974042892456055,7.164608955383301,7.162047386169434,7.162538528442383
raw,after_epoch,73484,7.45591926574707,6.935013771057129,6.940849304199219,6.937080383300781
raw,after_epoch,82213,9.387928009033203,8.807792663574219,8.789473533630371,8.80271053314209
raw,after_epoch,85899,7.997426509857178,8.061905860900879,8.063000679016113,8.061057090759277
raw,after_epoch,81158,8.555259704589844,7.719010353088379,7.711649417877197,7.715053558349609
raw,after_epoch,33805,6.998768329620361,6.408295631408691,6.405893325805664,6.409788131713867
raw,after_epoch,92106,6.353858470916748,8.47082233428955,8.471012115478516,8.469450950622559
raw,after_epoch,68661,8.615124702453613,8.06524658203125,8.06173038482666,8.062077522277832
raw,after_epoch,105062,7.771572113037109,8.08606243133545,8.083552360534668,8.085700988769531
raw,after_epoch,90114,7.733476161956787,7.69844388961792,7.690224647521973,7.697321891784668
raw,after_epoch,37113,8.057291030883789,7.175299644470215,7.169125080108643,7.171875476837158
raw,after_epoch,55265,6.811009407043457,7.6924028396606445,7.6964030265808105,7.692524433135986
raw,after_epoch,47564,5.749765872955322,6.797403335571289,6.800099849700928,6.799197673797607
raw,after_epoch,120252,7.695379734039307,7.799365997314453,7.8073930740356445,7.805895805358887
raw,after_epoch,75440,6.721211910247803,6.495609283447266,6.474108695983887,6.49853515625
raw,after_epoch,58383,7.2491135597229,8.129652976989746,8.135199546813965,8.130815505981445
raw,after_epoch,106216,6.895365238189697,7.4031291007995605,7.400383472442627,7.400489330291748
raw,after_epoch,129725,5.091249942779541,6.182876110076904,6.1806206703186035,6.185388565063477
raw,after_epoch,81223,7.602860927581787,7.255600452423096,7.256275177001953,7.25547981262207
raw,after_epoch,31003,5.953851222991943,7.4205474853515625,7.416621685028076,7.422503471374512
raw,after_epoch,123590,6.473588943481445,6.542537689208984,6.532505512237549,6.543036460876465
raw,after_epoch,39598,9.183842658996582,7.653792381286621,7.642206192016602,7.653935432434082
raw,after_epoch,78932,6.47086763381958,8.081862449645996,8.075250625610352,8.078768730163574
raw,after_epoch,126182,5.6191511154174805,5.764616966247559,5.771666526794434,5.769963264465332
raw,after_epoch,92032,9.692695617675781,9.1265287399292,9.1207857131958,9.121798515319824
raw,after_epoch,34241,7.855927467346191,7.324938774108887,7.334339141845703,7.331292152404785
raw,after_epoch,127947,4.1524577140808105,4.544652938842773,4.558172225952148,4.555697441101074
raw,after_epoch,24383,5.360642910003662,6.414798736572266,6.417545318603516,6.415688514709473
raw,after_epoch,75393,7.575649738311768,6.918547630310059,6.913845062255859,6.92063045501709
raw,after_epoch,112658,6.819173336029053,8.101377487182617,8.09380054473877,8.10007381439209
raw,after_epoch,29101,4.51708984375,6.534560680389404,6.536385536193848,6.537045478820801
raw,after_epoch,29577,4.122525215148926,6.538843154907227,6.544150352478027,6.542530059814453
raw,after_epoch,53778,5.815073013305664,7.636107444763184,7.638650894165039,7.63648796081543
raw,after_epoch,14993,6.095350742340088,6.963393211364746,6.982439994812012,6.9795403480529785
raw,after_epoch,55493,6.098071575164795,6.802521705627441,6.7983269691467285,6.804819107055664
raw,after_epoch,82782,5.962014675140381,7.174424171447754,7.17263126373291,7.173141956329346
raw,after_epoch,36654,8.122598648071289,6.791444778442383,6.7886738777160645,6.789328575134277
raw,after_epoch,35195,8.239607810974121,7.706412315368652,7.697870254516602,7.703595161437988
raw,after_epoch,39795,8.348453521728516,7.635858058929443,7.638265609741211,7.633693695068359
raw,after_epoch,102190,8.334847450256348,7.601057052612305,7.602886199951172,7.601463317871094
raw,after_epoch,97558,6.1252827644348145,7.664863109588623,7.664268493652344,7.671982765197754
raw,after_epoch,83539,6.1443305015563965,8.07557487487793,8.075285911560059,8.07323169708252
raw,after_epoch,84657,8.734854698181152,8.051281929016113,8.050477027893066,8.051050186157227
raw,after_epoch,3707,6.400117874145508,5.675962448120117,5.6830058097839355,5.685559272766113
raw,after_epoch,123585,6.098071575164795,6.924527645111084,6.923660755157471,6.925109386444092
raw,after_epoch,100119,7.532111644744873,7.726564407348633,7.72974967956543,7.728075981140137
raw,after_epoch,95531,7.194690704345703,7.4421868324279785,7.444509506225586,7.443206787109375
raw,after_epoch,84507,5.132067680358887,7.64291524887085,7.6431684494018555,7.643311500549316
raw,after_epoch,130128,6.2422919273376465,7.02439022064209,7.018221855163574,7.027764320373535
raw,after_epoch,76070,7.036864280700684,6.260863304138184,6.265496253967285,6.2654948234558105
raw,after_epoch,69734,7.5566020011901855,6.949231147766113,6.946196556091309,6.946977138519287
raw,after_epoch,125938,6.141610145568848,5.656702995300293,5.666051864624023,5.6625213623046875
raw,after_epoch,57391,8.223280906677246,8.047757148742676,8.04609203338623,8.044325828552246
raw,after_epoch,90099,7.774292945861816,8.135972023010254,8.133416175842285,8.134495735168457
raw,after_epoch,21225,4.242255210876465,6.1008806228637695,6.109924793243408,6.1063313484191895
raw,after_epoch,57257,7.575649738311768,7.74321174621582,7.736310958862305,7.741495609283447
raw,after_epoch,48132,4.922539710998535,6.796500205993652,6.798214912414551,6.799279689788818
raw,after_epoch,49095,5.934803009033203,7.6167707443237305,7.617563247680664,7.615387439727783
raw,after_epoch,58751,8.870911598205566,8.788269996643066,8.779208183288574,8.784696578979492
raw,after_epoch,99951,5.69806432723999,6.811031341552734,6.823652744293213,6.825261116027832
raw,after_epoch,12193,7.254555702209473,7.325379848480225,7.332001686096191,7.328938961029053
raw,after_epoch,41699,5.382411956787109,7.277084827423096,7.276358604431152,7.275201797485352
raw,after_epoch,77653,7.953887462615967,7.707028388977051,7.702540874481201,7.705180644989014
raw,after_epoch,75223,5.809630870819092,7.183608055114746,7.186814308166504,7.185732841491699
raw,after_epoch,116166,6.119840621948242,7.368954181671143,7.3670783042907715,7.370643615722656
raw,after_epoch,46761,5.578333854675293,7.3799052238464355,7.384037971496582,7.382040977478027
raw,after_epoch,13261,6.234128475189209,7.33206844329834,7.333131790161133,7.333162784576416
raw,after_epoch,91786,5.60010290145874,7.685026168823242,7.681173324584961,7.685552597045898
raw,after_epoch,55612,4.990568161010742,6.805523872375488,6.812353610992432,6.810121536254883
raw,after_epoch,57403,5.235470294952393,7.648416519165039,7.643562316894531,7.6494879722595215
raw,after_epoch,112581,8.993363380432129,8.45000171661377,8.445321083068848,8.447531700134277
raw,after_epoch,4947,5.798746109008789,6.544525146484375,6.541658401489258,6.548521995544434
raw,after_epoch,5549,6.280387878417969,6.886140823364258,6.88930082321167,6.887291431427002
raw,after_epoch,14388,6.48447322845459,6.931110858917236,6.9513750076293945,6.949791431427002
raw,after_epoch,15655,5.640920639038086,6.963902950286865,6.947525978088379,6.970631122589111
raw,after_epoch,27442,6.351137638092041,6.940984725952148,6.941879749298096,6.940317630767822
raw,after_epoch,66105,6.070860385894775,6.814197063446045,6.796051025390625,6.8127641677856445
raw,after_epoch,80577,8.519885063171387,8.12733268737793,8.11774730682373,8.124999046325684
raw,after_epoch,64816,8.138925552368164,7.652792453765869,7.644388675689697,7.6493330001831055
raw,after_epoch,35105,7.4749674797058105,7.297578811645508,7.300357818603516,7.298478126525879
raw,after_epoch,110535,8.626008987426758,8.427571296691895,8.41953182220459,8.426057815551758
raw,after_epoch,83579,7.23006534576416,7.268044471740723,7.264416694641113,7.266587257385254
raw,after_epoch,106203,6.666789531707764,8.087531089782715,8.086014747619629,8.086137771606445
raw,after_epoch,22219,5.317104816436768,6.816739082336426,6.82933235168457,6.828210830688477
raw,after_epoch,70817,5.877659320831299,7.178674221038818,7.175307273864746,7.176697731018066
raw,after_epoch,73382,5.455882549285889,7.1789398193359375,7.1748857498168945,7.181995391845703
raw,after_epoch,46231,6.046370029449463,6.909610748291016,6.9136576652526855,6.911641597747803
standardized,initial,17587,8.93349838256836,0.1969737857580185,0.18593961000442505,0.1947745829820633
standardized,initial,78740,7.181085109710693,0.20049799978733063,0.20967726409435272,0.2172209769487381
standardized,initial,11640,6.42460823059082,0.230665922164917,0.22719599306583405,0.23435041308403015
standardized,initial,124462,5.638199329376221,0.22077637910842896,0.16323187947273254,0.2081812024116516
standardized,initial,16528,4.462667465209961,0.23202179372310638,0.23576101660728455,0.23435045778751373
standardized,initial,107465,7.4749674797058105,0.2282884269952774,0.25087738037109375,0.24046723544597626
standardized,initial,47903,5.284451007843018,0.22063158452510834,0.21406559646129608,0.20487207174301147
standardized,initial,35869,7.110334873199463,0.2194942981004715,0.26115137338638306,0.23025797307491302
standardized,initial,120619,6.397397041320801,0.1641002595424652,0.19279995560646057,0.17235006392002106
standardized,initial,77917,8.873632431030273,0.2375466674566269,0.2547406554222107,0.22306828200817108
standardized,initial,64557,7.366122245788574,0.197259321808815,0.21496912837028503,0.2200034111738205
standardized,initial,113450,7.227344036102295,0.16477569937705994,0.21305394172668457,0.20411501824855804
standardized,initial,82232,6.2586188316345215,0.197891503572464,0.19173717498779297,0.21722109615802765
standardized,initial,102742,8.389269828796387,0.1965029388666153,0.21653245389461517,0.20624935626983643
standardized,initial,62076,6.166100025177002,0.21550223231315613,0.22401650249958038,0.2230680137872696
standardized,initial,121313,6.79468297958374,0.28641796112060547,0.27027446031570435,0.2551729083061218
standardized,initial,48900,4.400081157684326,0.21329326927661896,0.20856957137584686,0.2099389135837555
standardized,initial,127718,4.5388593673706055,0.3039851188659668,0.2815345525741577,0.26277628540992737
standardized,initial,114802,7.077681541442871,0.2079196721315384,0.19056054949760437,0.2172202169895172
standardized,initial,46939,4.0327277183532715,0.18900829553604126,0.19765658676624298,0.2145829200744629
standardized,initial,105749,6.519847869873047,0.24131953716278076,0.2380605936050415,0.23751379549503326
standardized,initial,110729,8.383827209472656,0.1571653187274933,0.1867140382528305,0.18852126598358154
standardized,initial,98105,8.73757553100586,0.18447425961494446,0.17449428141117096,0.20210327208042145
standardized,initial,93993,8.49267292022705,0.15934835374355316,0.18868404626846313,0.17235133051872253
standardized,initial,64845,4.302119731903076,0.24954736232757568,0.22329778969287872,0.2613402307033539
standardized,initial,109408,6.040927886962891,0.20747525990009308,0.17116476595401764,0.19087685644626617
standardized,initial,849,6.304878234863281,0.2120582014322281,0.2293812334537506,0.22930307686328888
standardized,initial,120778,9.230101585388184,0.16654157638549805,0.18994943797588348,0.18852029740810394
standardized,initial,128629,6.5633864402771,0.23832093179225922,0.2074197381734848,0.22066442668437958
standardized,initial,66791,6.772913932800293,0.1937648355960846,0.17824555933475494,0.2230682671070099
standardized,initial,120541,6.473588943481445,0.1897880882024765,0.18485508859157562,0.20870168507099152
standardized,initial,114365,6.968835830688477,0.20208577811717987,0.21809253096580505,0.2115233987569809
standardized,initial,31193,5.074923515319824,0.22350157797336578,0.225763201713562,0.21577222645282745
standardized,initial,117766,7.638236045837402,0.22149313986301422,0.193036749958992,0.20870229601860046
standardized,initial,8217,7.60014009475708,0.1603620946407318,0.1901048719882965,0.20501865446567535
standardized,initial,96492,5.891264915466309,0.183259055018425,0.1752915233373642,0.18395215272903442
standardized,initial,125495,4.854511260986328,0.16812054812908173,0.18621516227722168,0.16283388435840607
standardized,initial,90073,6.805567264556885,0.19226323068141937,0.18201926350593567,0.19087688624858856
standardized,initial,19948,8.26681900024414,0.26958146691322327,0.21294838190078735,0.23435042798519135
standardized,initial,123246,5.896707534790039,0.24528712034225464,0.20392347872257233,0.2191258668899536
standardized,initial,60407,7.4014973640441895,0.2005832940340042,0.14988574385643005,0.20870210230350494
standardized,initial,111938,8.160694122314453,0.20061393082141876,0.1998344361782074,0.19747306406497955
standardized,initial,80332,8.226001739501953,0.17435643076896667,0.21909232437610626,0.2087024748325348
standardized,initial,149,9.224658966064453,0.14901219308376312,0.22926689684391022,0.19142484664916992
standardized,initial,32746,8.928055763244629,0.19824844598770142,0.22972306609153748,0.24404273927211761
standardized,initial,15577,5.357921600341797,0.18858595192432404,0.14810478687286377,0.17414264380931854
standardized,initial,129077,4.215043544769287,0.195713609457016,0.18638938665390015,0.18055382370948792
standardized,initial,87759,6.46542501449585,0.1909692883491516,0.19244512915611267,0.20122741162776947
standardized,initial,85481,7.077681541442871,0.17889420688152313,0.1740843653678894,0.1908920407295227
standardized,initial,92529,9.055949211120605,0.21187163889408112,0.21286815404891968,0.23494377732276917
standardized,initial,58760,8.449134826660156,0.18493817746639252,0.20540209114551544,0.21152271330356598
standardized,initial,27328,5.40146017074585,0.23775054514408112,0.24297654628753662,0.24878783524036407
standardized,initial,88798,6.046370029449463,0.2110874503850937,0.23952196538448334,0.2109319269657135
standardized,initial,58498,6.348416328430176,0.19215340912342072,0.1718306541442871,0.1974731832742691
standardized,initial,51377,6.451819896697998,0.18788547813892365,0.2463291436433792,0.21722005307674408
standardized,initial,64153,5.60010290145874,0.22715730965137482,0.1909671276807785,0.23100292682647705
standardized,initial,20182,5.491257667541504,0.20673054456710815,0.17966115474700928,0.20128095149993896
standardized,initial,60139,7.4232659339904785,0.167089581489563,0.15299245715141296,0.1930328607559204
standardized,initial,86359,4.993289470672607,0.2216038703918457,0.19369438290596008,0.20122742652893066
standardized,initial,111449,9.374322891235352,0.1826315075159073,0.19677256047725677,0.22334329783916473
standardized,initial,81123,8.593356132507324,0.1736752986907959,0.19761253893375397,0.20870253443717957
standardized,initial,91567,6.122561454772949,0.18649441003799438,0.18978892266750336,0.20870248973369598
standardized,initial,95333,5.610987663269043,0.2111119031906128,0.224502295255661,0.21722058951854706
standardized,initial,92998,8.919892311096191,0.17664462327957153,0.15347515046596527,0.18043048679828644
standardized,initial,47785,5.30894136428833,0.24698464572429657,0.22770684957504272,0.24046725034713745
standardized,initial,49302,5.551122665405273,0.18476776778697968,0.1771434247493744,0.1908768266439438
standardized,initial,55712,8.114435195922852,0.20219630002975464,0.22046156227588654,0.2230682075023651
standardized,initial,120600,7.801504611968994,0.16650442779064178,0.19097203016281128,0.1885197013616562
standardized,initial,2694,8.996084213256836,0.1709776222705841,0.24054810404777527,0.23630332946777344
standardized,initial,4890,5.347037315368652,0.25937604904174805,0.20250017940998077,0.20128093659877777
standardized,initial,39938,7.25727653503418,0.2704935669898987,0.257679283618927,0.24878793954849243
standardized,initial,31477,5.880380630493164,0.19554723799228668,0.21365796029567719,0.19303271174430847
standardized,initial,99038,8.48451042175293,0.20049594342708588,0.14282114803791046,0.18852156400680542
standardized,initial,21694,6.789240837097168,0.16691070795059204,0.16640900075435638,0.18384607136249542
standardized,initial,55127,7.774292945861816,0.17668060958385468,0.18057741224765778,0.19303284585475922
standardized,initial,27044,5.050433158874512,0.20819047093391418,0.17000024020671844,0.20487207174301147
standardized,initial,45148,5.828679084777832,0.2402527928352356,0.1757611185312271,0.23100291192531586
standardized,initial,23761,6.481751918792725,0.2544408440589905,0.20836497843265533,0.24046720564365387
standardized,initial,31375,4.781040191650391,0.21095795929431915,0.19079850614070892,0.2048720270395279
standardized,initial,130452,6.89264440536499,0.15097102522850037,0.14010730385780334,0.14225615561008453
standardized,initial,48812,6.12800407409668,0.23426882922649384,0.2317710816860199,0.22315730154514313
standardized,initial,107016,6.80828857421875,0.20703735947608948,0.19827793538570404,0.22306795418262482
standardized,initial,129595,5.257239818572998,0.23599807918071747,0.20174925029277802,0.22376739978790283
standardized,initial,66962,6.06813907623291,0.22903674840927124,0.22541767358779907,0.22315727174282074
standardized,initial,97478,6.318483829498291,0.1586187779903412,0.15847936272621155,0.1720106452703476
standardized,initial,57735,7.670889377593994,0.1694899946451187,0.19057612121105194,0.19089211523532867
standardized,initial,33262,9.202890396118164,0.21010449528694153,0.20237088203430176,0.24404273927211761
standardized,initial,116096,8.628729820251465,0.18465092778205872,0.21228818595409393,0.19731922447681427
standardized,initial,81354,5.986505031585693,0.22617684304714203,0.2343074232339859,0.23100295662879944
standardized,initial,14403,8.223280906677246,0.18358348309993744,0.2016908824443817,0.21121211349964142
standardized,initial,41232,6.179705619812012,0.1920303851366043,0.2359214723110199,0.23100288212299347
standardized,initial,127876,5.695343017578125,0.25097811222076416,0.25712043046951294,0.23074518144130707
standardized,initial,37952,6.7484235763549805,0.23605065047740936,0.20331498980522156,0.23751385509967804
standardized,initial,91415,5.34159517288208,0.18880492448806763,0.2748100161552429,0.20624928176403046
standardized,initial,1418,5.809630870819092,0.1346556842327118,0.15612483024597168,0.16932107508182526
standardized,initial,109668,8.80832576751709,0.18522517383098602,0.18684403598308563,0.21152335405349731
standardized,initial,2315,8.100829124450684,0.1467493176460266,0.17207711935043335,0.19190925359725952
standardized,initial,97100,7.638236045837402,0.1352783441543579,0.1590307205915451,0.15921331942081451
standardized,initial,93433,7.4042181968688965,0.1862422376871109,0.17567263543605804,0.20122748613357544
standardized,initial,35161,7.102171897888184,0.20745950937271118,0.21258434653282166,0.22381319105625153
standardized,initial,72955,6.098071575164795,0.2259073555469513,0.21690867841243744,0.23100291192531586
standardized,initial,97296,7.8123884201049805,0.19257597625255585,0.20697806775569916,0.20122691988945007
standardized,initial,42980,5.425950050354004,0.2521821856498718,0.2202397733926773,0.22066442668437958
standardized,initial,78911,7.9919843673706055,0.2189987748861313,0.21608419716358185,0.2375136762857437
standardized,initial,31582,6.16065788269043,0.19845086336135864,0.19765843451023102,0.22529296576976776
standardized,initial,28182,5.1483941078186035,0.28247761726379395,0.25085213780403137,0.26848042011260986
standardized,initial,32340,6.625972270965576,0.2386646866798401,0.33636099100112915,0.2613399624824524
standardized,initial,6372,8.541653633117676,0.186089888215065,0.18512113392353058,0.1947745531797409
standardized,initial,65636,7.140267848968506,0.23863250017166138,0.2546638548374176,0.24818164110183716
standardized,initial,6440,5.556564807891846,0.19914303719997406,0.21729570627212524,0.2255643755197525
standardized,initial,31763,5.951130390167236,0.20263957977294922,0.18355664610862732,0.2041148841381073
standardized,initial,71523,7.300814628601074,0.20931515097618103,0.19323019683361053,0.20122750103473663
standardized,initial,63884,6.88720178604126,0.22847957909107208,0.2474386841058731,0.2238132208585739
standardized,initial,1614,7.341631889343262,0.15207967162132263,0.1662374585866928,0.17106512188911438
standardized,initial,16791,9.417860984802246,0.1737315058708191,0.17411157488822937,0.19477449357509613
standardized,initial,80563,8.726691246032715,0.18501752614974976,0.23255546391010284,0.21152399480342865
standardized,initial,72949,6.070860385894775,0.17589318752288818,0.23988153040409088,0.2440425008535385
standardized,initial,86358,6.802846431732178,0.21086546778678894,0.16825255751609802,0.1908768266439438
standardized,initial,121972,7.219180583953857,0.21107058227062225,0.1965661644935608,0.19368787109851837
standardized,initial,55966,4.171505451202393,0.16622334718704224,0.18146400153636932,0.18043053150177002
standardized,initial,4074,6.666789531707764,0.21069693565368652,0.1864657998085022,0.21005840599536896
standardized,initial,122781,5.828679084777832,0.16554614901542664,0.1920318603515625,0.2048720419406891
standardized,initial,18060,6.8409423828125,0.18597149848937988,0.19244292378425598,0.19849097728729248
standardized,initial,97953,8.522605895996094,0.1922159045934677,0.23718169331550598,0.21722100675106049
standardized,initial,124145,6.468146324157715,0.17983227968215942,0.26533737778663635,0.21722067892551422
standardized,initial,61779,7.611024856567383,0.15807709097862244,0.1904507726430893,0.18043051660060883
standardized,initial,46670,5.40146017074585,0.1990702748298645,0.1916557252407074,0.20122753083705902
standardized,initial,85248,5.962014675140381,0.20648084580898285,0.21154622733592987,0.21458294987678528
standardized,initial,47404,5.945687770843506,0.23982037603855133,0.21909493207931519,0.22315731644630432
standardized,initial,102369,8.805603981018066,0.15644240379333496,0.2149016559123993,0.1885216236114502
standardized,initial,6369,10.008347511291504,0.18915091454982758,0.22937850654125214,0.22467850148677826
standardized,initial,55323,7.733476161956787,0.20456834137439728,0.23687784373760223,0.23100294172763824
standardized,initial,67214,6.533453464508057,0.2161187082529068,0.21040329337120056,0.2087024301290512
standardized,initial,112430,8.62328815460205,0.18580658733844757,0.2173609435558319,0.19747337698936462
standardized,initial,73981,5.659968376159668,0.23235777020454407,0.20782434940338135,0.23243995010852814
standardized,initial,103028,8.217838287353516,0.19015304744243622,0.159541517496109,0.2006855309009552
standardized,initial,29209,5.562007427215576,0.21687959134578705,0.23326697945594788,0.22381311655044556
standardized,initial,23592,6.3075995445251465,0.24690447747707367,0.24589401483535767,0.25517287850379944
standardized,initial,64494,6.217801570892334,0.13550525903701782,0.18075284361839294,0.1974731832742691
standardized,initial,31854,6.00283145904541,0.20093317329883575,0.1477108895778656,0.1930326670408249
standardized,initial,28813,5.26268196105957,0.2191934436559677,0.20186908543109894,0.20664025843143463
standardized,initial,53760,7.104892730712891,0.21590439975261688,0.18122129142284393,0.2109319418668747
standardized,initial,84397,5.869495868682861,0.17675188183784485,0.21461619436740875,0.19747339189052582
standardized,initial,23688,6.141610145568848,0.30687105655670166,0.23915989696979523,0.24046723544597626
standardized,initial,124070,6.919855117797852,0.19908268749713898,0.19366052746772766,0.21093158423900604
standardized,initial,14192,8.680432319641113,0.18359707295894623,0.20077010989189148,0.21121327579021454
standardized,initial,2543,6.337531566619873,0.1841602772474289,0.2444702386856079,0.21079689264297485
standardized,initial,16630,6.944345474243164,0.21683800220489502,0.24582262337207794,0.22472640872001648
standardized,initial,12923,8.560701370239258,0.15911085903644562,0.16195890307426453,0.18475179374217987
standardized,initial,110294,6.710327625274658,0.1722404956817627,0.18215234577655792,0.19303281605243683
standardized,initial,56537,8.5906343460083,0.1389504075050354,0.1775636225938797,0.18123139441013336
standardized,initial,12831,7.785177230834961,0.17696337401866913,0.17412805557250977,0.18675528466701508
standardized,initial,56296,7.066796779632568,0.20098118484020233,0.22535789012908936,0.217220738530159
standardized,initial,9094,7.529390335083008,0.14067909121513367,0.17120778560638428,0.15642985701560974
standardized,initial,73161,6.454540729522705,0.23603524267673492,0.21979810297489166,0.2375137209892273
standardized,initial,58032,8.353896141052246,0.17333348095417023,0.18178661167621613,0.1908922791481018
standardized,initial,119495,6.683116436004639,0.14895430207252502,0.1430395543575287,0.17201048135757446
standardized,initial,27016,5.551122665405273,0.21452774107456207,0.21957586705684662,0.2048720419406891
standardized,initial,23894,5.251797676086426,0.2590945363044739,0.22696267068386078,0.23243993520736694
standardized,initial,117754,7.825994968414307,0.1970604807138443,0.19515010714530945,0.21722078323364258
standardized,initial,24968,5.303499221801758,0.19475650787353516,0.18731802701950073,0.19307395815849304
standardized,initial,83557,6.786519527435303,0.20221514999866486,0.22584035992622375,0.19087687134742737
standardized,initial,118278,6.000110626220703,0.17891785502433777,0.2072024792432785,0.19747278094291687
standardized,initial,58437,6.030043125152588,0.17902497947216034,0.2143610566854477,0.20122739672660828
standardized,initial,34774,7.703543663024902,0.23365139961242676,0.21408630907535553,0.2238132208585739
standardized,initial,110247,7.031421661376953,0.1991971880197525,0.19983036816120148,0.19303284585475922
standardized,initial,96215,4.236812591552734,0.20337127149105072,0.22408133745193481,0.22315704822540283
standardized,initial,66436,5.681737422943115,0.2271733283996582,0.23922181129455566,0.22315727174282074
standardized,initial,47353,5.102134704589844,0.15836142003536224,0.15457437932491302,0.16800233721733093
standardized,initial,106375,6.7974042892456055,0.19294679164886475,0.21585585176944733,0.19087685644626617
standardized,initial,73484,7.45591926574707,0.21140694618225098,0.21300716698169708,0.22381314635276794
standardized,initial,82213,9.387928009033203,0.2261616289615631,0.1955755650997162,0.22334407269954681
standardized,initial,85899,7.997426509857178,0.18983051180839539,0.21554076671600342,0.19747313857078552
standardized,initial,81158,8.555259704589844,0.1990358680486679,0.2350722998380661,0.21722115576267242
standardized,initial,33805,6.998768329620361,0.25201815366744995,0.256659597158432,0.24046723544597626
standardized,initial,92106,6.353858470916748,0.18499325215816498,0.20436112582683563,0.21152333915233612
standardized,initial,68661,8.615124702453613,0.19764305651187897,0.20748361945152283,0.22306837141513824
standardized,initial,105062,7.771572113037109,0.2204088419675827,0.2123078852891922,0.22306808829307556
standardized,initial,90114,7.733476161956787,0.16526567935943604,0.1941486895084381,0.1908922791481018
standardized,initial,37113,8.057291030883789,0.2002866268157959,0.19772623479366302,0.22315731644630432
standardized,initial,55265,6.811009407043457,0.23296889662742615,0.21810798346996307,0.23751357197761536
standardized,initial,47564,5.749765872955322,0.21600565314292908,0.20574723184108734,0.21458293497562408
standardized,initial,120252,7.695379734039307,0.2084469348192215,0.1913117617368698,0.21722036600112915
standardized,initial,75440,6.721211910247803,0.18819071352481842,0.15205973386764526,0.18395215272903442
standardized,initial,58383,7.2491135597229,0.15530911087989807,0.16007985174655914,0.18267183005809784
standardized,initial,106216,6.895365238189697,0.20174753665924072,0.19603972136974335,0.21093188226222992
standardized,initial,129725,5.091249942779541,0.21425561606884003,0.199583038687706,0.20437462627887726
standardized,initial,81223,7.602860927581787,0.23455841839313507,0.18174175918102264,0.20122753083705902
standardized,initial,31003,5.953851222991943,0.21085689961910248,0.2202562540769577,0.210931658744812
standardized,initial,123590,6.473588943481445,0.242052361369133,0.2383383810520172,0.21577225625514984
standardized,initial,39598,9.183842658996582,0.21297739446163177,0.20133836567401886,0.2087022364139557
standardized,initial,78932,6.47086763381958,0.21714620292186737,0.2047429084777832,0.2230682224035263
standardized,initial,126182,5.6191511154174805,0.2281402349472046,0.22675427794456482,0.220664381980896
standardized,initial,92032,9.692695617675781,0.2160501778125763,0.19539065659046173,0.21370069682598114
standardized,initial,34241,7.855927467346191,0.21771842241287231,0.20453692972660065,0.2310028076171875
standardized,initial,127947,4.1524577140808105,0.2614789605140686,0.21061870455741882,0.23508404195308685
standardized,initial,24383,5.360642910003662,0.2500038743019104,0.22506938874721527,0.24046723544597626
standardized,initial,75393,7.575649738311768,0.21266447007656097,0.21986959874629974,0.22381319105625153
standardized,initial,112658,6.819173336029053,0.2029752880334854,0.22103869915008545,0.22306790947914124
standardized,initial,29101,4.51708984375,0.2333160936832428,0.2320583313703537,0.21577225625514984
standardized,initial,29577,4.122525215148926,0.23539693653583527,0.21988926827907562,0.21577224135398865
standardized,initial,53778,5.815073013305664,0.2026483714580536,0.16770288348197937,0.20870240032672882
standardized,initial,14993,6.095350742340088,0.1754331886768341,0.20149359107017517,0.19849097728729248
standardized,initial,55493,6.098071575164795,0.2032320499420166,0.20479461550712585,0.21458294987678528
standardized,initial,82782,5.962014675140381,0.2316790521144867,0.2179296910762787,0.22315728664398193
standardized,initial,36654,8.122598648071289,0.2233266532421112,0.2460515797138214,0.21458297967910767
standardized,initial,35195,8.239607810974121,0.2936655879020691,0.2543536424636841,0.2668645977973938
standardized,initial,39795,8.348453521728516,0.16770289838314056,0.2031497210264206,0.20870238542556763
standardized,initial,102190,8.334847450256348,0.20322628319263458,0.18730399012565613,0.18043063580989838
standardized,initial,97558,6.1252827644348145,0.1905435174703598,0.21912817656993866,0.20870213210582733
standardized,initial,83539,6.1443305015563965,0.2017429918050766,0.1954619139432907,0.22306828200817108
standardized,initial,84657,8.734854698181152,0.18440288305282593,0.19407258927822113,0.19747327268123627
standardized,initial,3707,6.400117874145508,0.1740918606519699,0.19519464671611786,0.18374867737293243
standardized,initial,123585,6.098071575164795,0.2574222683906555,0.23179841041564941,0.22381317615509033
standardized,initial,100119,7.532111644744873,0.21883222460746765,0.2443198561668396,0.23751325905323029
standardized,initial,95531,7.194690704345703,0.2044290453195572,0.20421890914440155,0.21093140542507172
standardized,initial,84507,5.132067680358887,0.22265733778476715,0.21297743916511536,0.20870228111743927
standardized,initial,130128,6.2422919273376465,0.2281780242919922,0.2066204994916916,0.2229042500257492
standardized,initial,76070,7.036864280700684,0.23612166941165924,0.24578550457954407,0.23243996500968933
standardized,initial,69734,7.5566020011901855,0.25266575813293457,0.24120795726776123,0.2551729083061218
standardized,initial,125938,6.141610145568848,0.2204858362674713,0.19412784278392792,0.19608420133590698
standardized,initial,57391,8.223280906677246,0.17345115542411804,0.19138222932815552,0.19747336208820343
standardized,initial,90099,7.774292945861816,0.17965571582317352,0.1801355630159378,0.2062494307756424
standardized,initial,21225,4.242255210876465,0.21982799470424652,0.15493780374526978,0.21473856270313263
standardized,initial,57257,7.575649738311768,0.23243790864944458,0.22162501513957977,0.2172209918498993
standardized,initial,48132,4.922539710998535,0.1952485740184784,0.20980693399906158,0.21458293497562408
standardized,initial,49095,5.934803009033203,0.22272561490535736,0.2104610949754715,0.20870248973369598
standardized,initial,58751,8.870911598205566,0.16528326272964478,0.22373808920383453,0.18123067915439606
standardized,initial,99951,5.69806432723999,0.2320123165845871,0.26110178232192993,0.24878792464733124
standardized,initial,12193,7.254555702209473,0.17892318964004517,0.1907702386379242,0.17414265871047974
standardized,initial,41699,5.382411956787109,0.23195162415504456,0.23545239865779877,0.2310030162334442
standardized,initial,77653,7.953887462615967,0.23268072307109833,0.25760823488235474,0.2668645679950714
standardized,initial,75223,5.809630870819092,0.2208964228630066,0.19569315016269684,0.22315724194049835
standardized,initial,116166,6.119840621948242,0.14171242713928223,0.17156817018985748,0.18384622037410736
standardized,initial,46761,5.578333854675293,0.20116980373859406,0.18435345590114594,0.2109319567680359
standardized,initial,13261,6.234128475189209,0.1675456464290619,0.21461911499500275,0.17414262890815735
standardized,initial,91786,5.60010290145874,0.23542310297489166,0.23361048102378845,0.23751361668109894
standardized,initial,55612,4.990568161010742,0.2068123072385788,0.21147751808166504,0.2145828902721405
standardized,initial,57403,5.235470294952393,0.2161673754453659,0.193203404545784,0.20870226621627808
standardized,initial,112581,8.993363380432129,0.1908596009016037,0.20426569879055023,0.21152363717556
standardized,initial,4947,5.798746109008789,0.21215033531188965,0.18415382504463196,0.1879304051399231
standardized,initial,5549,6.280387878417969,0.21734917163848877,0.22630120813846588,0.22556443512439728
standardized,initial,14388,6.48447322845459,0.14370159804821014,0.1419619619846344,0.1633906364440918
standardized,initial,15655,5.640920639038086,0.18601299822330475,0.16320380568504333,0.19849097728729248
standardized,initial,27442,6.351137638092041,0.24743856489658356,0.2406620979309082,0.22381310164928436
standardized,initial,66105,6.070860385894775,0.2692943811416626,0.27843132615089417,0.24878793954849243
standardized,initial,80577,8.519885063171387,0.17680343985557556,0.21915049850940704,0.20624956488609314
standardized,initial,64816,8.138925552368164,0.22258402407169342,0.22716093063354492,0.23751375079154968
standardized,initial,35105,7.4749674797058105,0.22326038777828217,0.2319515347480774,0.23100300133228302
standardized,initial,110535,8.626008987426758,0.155818909406662,0.22222007811069489,0.18852128088474274
standardized,initial,83579,7.23006534576416,0.20558106899261475,0.26520341634750366,0.20122750103473663
standardized,initial,106203,6.666789531707764,0.20656217634677887,0.18499578535556793,0.22306816279888153
standardized,initial,22219,5.317104816436768,0.21414102613925934,0.19630175828933716,0.21458275616168976
standardized,initial,70817,5.877659320831299,0.23620718717575073,0.18834953010082245,0.22315727174282074
standardized,initial,73382,5.455882549285889,0.2028650939464569,0.21114107966423035,0.22315728664398193
standardized,initial,46231,6.046370029449463,0.21391470730304718,0.199515238404274,0.2238132208585739
standardized,after_epoch,17587,8.93349838256836,7.889723777770996,7.3553547859191895,6.844213008880615
standardized,after_epoch,78740,7.181085109710693,6.7227301597595215,7.461813926696777,6.8251729011535645
standardized,after_epoch,11640,6.42460823059082,6.734628677368164,6.251174449920654,6.494301795959473
standardized,after_epoch,124462,5.638199329376221,5.874712944030762,6.534532070159912,6.221183776855469
standardized,after_epoch,16528,4.462667465209961,6.115690231323242,6.580416679382324,6.493839263916016
standardized,after_epoch,107465,7.4749674797058105,6.719002723693848,5.984458923339844,6.1530561447143555
standardized,after_epoch,47903,5.284451007843018,5.947685241699219,7.076777935028076,6.053735256195068
standardized,after_epoch,35869,7.110334873199463,7.6102213859558105,7.667123317718506,7.032603740692139
standardized,after_epoch,120619,6.397397041320801,7.064091205596924,7.3365044593811035,6.85723876953125
standardized,after_epoch,77917,8.873632431030273,8.049955368041992,8.220512390136719,7.010559558868408
standardized,after_epoch,64557,7.366122245788574,7.094483375549316,7.445871353149414,6.655832767486572
standardized,after_epoch,113450,7.227344036102295,7.117190837860107,6.936939716339111,6.38439416885376
standardized,after_epoch,82232,6.2586188316345215,7.855801582336426,7.802471160888672,6.827812671661377
standardized,after_epoch,102742,8.389269828796387,8.431790351867676,6.81842041015625,6.9578704833984375
standardized,after_epoch,62076,6.166100025177002,7.532076358795166,7.410821437835693,7.010499000549316
standardized,after_epoch,121313,6.79468297958374,6.901880264282227,6.341468811035156,6.497620582580566
standardized,after_epoch,48900,4.400081157684326,5.355893135070801,6.2384138107299805,5.563825607299805
standardized,after_epoch,127718,4.5388593673706055,5.368130683898926,5.582910537719727,5.8347272872924805
standardized,after_epoch,114802,7.077681541442871,7.177775859832764,7.807319641113281,6.817836761474609
standardized,after_epoch,46939,4.0327277183532715,5.921500205993652,6.713872909545898,6.3378682136535645
standardized,after_epoch,105749,6.519847869873047,7.659165859222412,7.584568023681641,6.865081787109375
standardized,after_epoch,110729,8.383827209472656,7.987894058227539,7.103265285491943,7.053935527801514
standardized,after_epoch,98105,8.73757553100586,8.801362037658691,7.675752639770508,7.230831146240234
standardized,after_epoch,93993,8.49267292022705,7.872477054595947,6.858734607696533,6.857658386230469
standardized,after_epoch,64845,4.302119731903076,7.57927942276001,7.147064208984375,6.738326072692871
standardized,after_epoch,109408,6.040927886962891,6.90364933013916,7.523269176483154,6.501192092895508
standardized,after_epoch,849,6.304878234863281,7.5186238288879395,7.975089073181152,6.619712829589844
standardized,after_epoch,120778,9.230101585388184,8.154107093811035,6.67135763168335,7.063239097595215
standardized,after_epoch,128629,6.5633864402771,5.421907424926758,7.250247001647949,5.705217361450195
standardized,after_epoch,66791,6.772913932800293,8.017663955688477,8.234007835388184,7.010189533233643
standardized,after_epoch,120541,6.473588943481445,6.203906059265137,6.1199727058410645,6.781270503997803
standardized,after_epoch,114365,6.968835830688477,7.856437683105469,7.374198913574219,7.123805999755859
standardized,after_epoch,31193,5.074923515319824,6.14361572265625,6.30518913269043,6.143425941467285
standardized,after_epoch,117766,7.638236045837402,6.799742221832275,7.848671913146973,6.783928871154785
standardized,after_epoch,8217,7.60014009475708,7.296490669250488,5.950023651123047,6.888426780700684
standardized,after_epoch,96492,5.891264915466309,5.752814292907715,6.9583940505981445,6.0459818840026855
standardized,after_epoch,125495,4.854511260986328,4.838039398193359,5.09061336517334,5.139954566955566
standardized,after_epoch,90073,6.805567264556885,6.369277000427246,6.4235358238220215,6.50115966796875
standardized,after_epoch,19948,8.26681900024414,7.724770545959473,5.595029354095459,6.495810508728027
standardized,after_epoch,123246,5.896707534790039,5.677651405334473,5.797704219818115,5.454939365386963
standardized,after_epoch,60407,7.4014973640441895,6.988125324249268,7.58367919921875,6.786545276641846
standardized,after_epoch,111938,8.160694122314453,7.9112162590026855,6.9752702713012695,6.933785438537598
standardized,after_epoch,80332,8.226001739501953,7.517419338226318,6.395703315734863,6.781858921051025
standardized,after_epoch,149,9.224658966064453,7.975502967834473,8.374125480651855,7.029665470123291
standardized,after_epoch,32746,8.928055763244629,8.095049858093262,7.478116989135742,6.8940887451171875
standardized,after_epoch,15577,5.357921600341797,6.987497806549072,6.9943108558654785,6.5584821701049805
standardized,after_epoch,129077,4.215043544769287,5.332488059997559,6.300205230712891,5.332845687866211
standardized,after_epoch,87759,6.46542501449585,7.168343544006348,7.187586784362793,6.560689926147461
standardized,after_epoch,85481,7.077681541442871,6.635324478149414,7.5331315994262695,6.740599632263184
standardized,after_epoch,92529,9.055949211120605,8.775182723999023,8.750535011291504,7.191666126251221
standardized,after_epoch,58760,8.449134826660156,7.566246509552002,6.436155319213867,7.129763603210449
standardized,after_epoch,27328,5.40146017074585,7.378597259521484,7.238794326782227,6.439515113830566
standardized,after_epoch,88798,6.046370029449463,6.997682094573975,6.95145845413208,6.6152801513671875
standardized,after_epoch,58498,6.348416328430176,7.154602527618408,7.23443603515625,6.930659770965576
standardized,after_epoch,51377,6.451819896697998,6.614928245544434,6.9993462562561035,6.820141315460205
standardized,after_epoch,64153,5.60010290145874,6.123564720153809,8.245691299438477,6.647511005401611
standardized,after_epoch,20182,5.491257667541504,5.850956916809082,6.364607810974121,5.707283020019531
standardized,after_epoch,60139,7.4232659339904785,6.607222080230713,7.426344394683838,6.311198711395264
standardized,after_epoch,86359,4.993289470672607,6.481789588928223,6.502255916595459,6.563224792480469
standardized,after_epoch,111449,9.374322891235352,8.46833324432373,7.47839879989624,7.301000118255615
standardized,after_epoch,81123,8.593356132507324,8.431557655334473,7.794037342071533,6.781250953674316
standardized,after_epoch,91567,6.122561454772949,6.901970863342285,6.203136444091797,6.779863357543945
standardized,after_epoch,95333,5.610987663269043,6.768750190734863,6.690727710723877,6.823059558868408
standardized,after_epoch,92998,8.919892311096191,7.409625053405762,8.0095796585083,6.705775737762451
standardized,after_epoch,47785,5.30894136428833,7.15414571762085,6.460222244262695,6.1589250564575195
standardized,after_epoch,49302,5.551122665405273,5.9833173751831055,6.637537002563477,6.4983673095703125
standardized,after_epoch,55712,8.114435195922852,7.3469414710998535,7.276167869567871,7.009265422821045
standardized,after_epoch,120600,7.801504611968994,7.095760822296143,8.06076717376709,7.067623138427734
standardized,after_epoch,2694,8.996084213256836,7.667510032653809,6.535499572753906,6.866245269775391
standardized,after_epoch,4890,5.347037315368652,5.592059135437012,7.358636379241943,5.711737632751465
standardized,after_epoch,39938,7.25727653503418,7.648621559143066,6.19706916809082,6.437334060668945
standardized,after_epoch,31477,5.880380630493164,6.274674415588379,6.212915897369385,6.322175979614258
standardized,after_epoch,99038,8.48451042175293,8.851387977600098,6.664675712585449,7.050450325012207
standardized,after_epoch,21694,6.789240837097168,6.049287796020508,6.818483352661133,6.529242992401123
standardized,after_epoch,55127,7.774292945861816,7.063283443450928,6.481764793395996,6.314901351928711
standardized,after_epoch,27044,5.050433158874512,5.884086608886719,6.8204450607299805,6.050498962402344
standardized,after_epoch,45148,5.828679084777832,6.629212379455566,6.993095874786377,6.647760391235352
standardized,after_epoch,23761,6.481751918792725,6.640913009643555,6.827875137329102,6.158803939819336
standardized,after_epoch,31375,4.781040191650391,5.94671630859375,6.063150405883789,6.049772262573242
standardized,after_epoch,130452,6.89264440536499,5.785545349121094,5.250967979431152,5.1737165451049805
standardized,after_epoch,48812,6.12800407409668,7.054084300994873,6.8798956871032715,6.5892333984375
standardized,after_epoch,107016,6.80828857421875,7.747557640075684,8.295811653137207,7.008272171020508
standardized,after_epoch,129595,5.257239818572998,6.720061302185059,7.539749622344971,6.292283058166504
standardized,after_epoch,66962,6.06813907623291,6.7516021728515625,6.758908271789551,6.590839385986328
standardized,after_epoch,97478,6.318483829498291,5.83608341217041,7.884256362915039,6.473039627075195
standardized,after_epoch,57735,7.670889377593994,7.135517120361328,7.427816867828369,6.740973472595215
standardized,after_epoch,33262,9.202890396118164,8.177472114562988,6.310697555541992,6.8941521644592285
standardized,after_epoch,116096,8.628729820251465,8.097688674926758,7.541370868682861,7.085796356201172
standardized,after_epoch,81354,5.986505031585693,6.620009899139404,6.520698070526123,6.649223327636719
standardized,after_epoch,14403,8.223280906677246,7.305172443389893,7.8094482421875,7.078713417053223
standardized,after_epoch,41232,6.179705619812012,6.944218158721924,6.251173973083496,6.6428022384643555
standardized,after_epoch,127876,5.695343017578125,5.58154821395874,6.178635597229004,5.83651065826416
standardized,after_epoch,37952,6.7484235763549805,7.827456951141357,6.836762428283691,6.864099502563477
standardized,after_epoch,91415,5.34159517288208,7.219548225402832,6.81281852722168,6.956847667694092
standardized,after_epoch,1418,5.809630870819092,6.535798072814941,7.587562561035156,6.117612361907959
standardized,after_epoch,109668,8.80832576751709,8.251042366027832,6.459240436553955,7.123766899108887
standardized,after_epoch,2315,8.100829124450684,7.792081832885742,7.20018196105957,6.954696178436279
standardized,after_epoch,97100,7.638236045837402,5.801262855529785,6.020374774932861,6.419124603271484
standardized,after_epoch,93433,7.4042181968688965,7.153549671173096,6.456970691680908,6.564713001251221
standardized,after_epoch,35161,7.102171897888184,7.375990867614746,6.3959550857543945,6.4043192863464355
standardized,after_epoch,72955,6.098071575164795,7.348938465118408,7.362723350524902,6.648909568786621
standardized,after_epoch,97296,7.8123884201049805,5.677987098693848,6.5709991455078125,6.567848205566406
standardized,after_epoch,42980,5.425950050354004,5.694668769836426,6.0863823890686035,5.711723804473877
standardized,after_epoch,78911,7.9919843673706055,7.254312038421631,7.536835670471191,6.86691427230835
standardized,after_epoch,31582,6.16065788269043,7.524088382720947,7.105051040649414,6.854254245758057
standardized,after_epoch,28182,5.1483941078186035,5.916464805603027,6.796180725097656,5.949563026428223
standardized,after_epoch,32340,6.625972270965576,6.564077377319336,6.994134426116943,6.722749710083008
standardized,after_epoch,6372,8.541653633117676,7.482759475708008,7.039587020874023,6.841701984405518
standardized,after_epoch,65636,7.140267848968506,7.456542015075684,6.968857765197754,6.2373199462890625
standardized,after_epoch,6440,5.556564807891846,6.070971488952637,6.336265563964844,6.422357082366943
standardized,after_epoch,31763,5.951130390167236,6.482542991638184,6.582680702209473,6.387652397155762
standardized,after_epoch,71523,7.300814628601074,6.81134033203125,6.858029842376709,6.561322212219238
standardized,after_epoch,63884,6.88720178604126,6.8558197021484375,6.448789596557617,6.404304504394531
standardized,after_epoch,1614,7.341631889343262,7.0802001953125,6.903866767883301,6.678098678588867
standardized,after_epoch,16791,9.417860984802246,7.895655155181885,6.767373085021973,6.8486552238464355
standardized,after_epoch,80563,8.726691246032715,8.296939849853516,7.127342700958252,7.120023727416992
standardized,after_epoch,72949,6.070860385894775,7.881569862365723,6.889137268066406,6.9028730392456055
standardized,after_epoch,86358,6.802846431732178,6.4753098487854,6.482622146606445,6.502198219299316
standardized,after_epoch,121972,7.219180583953857,5.6730241775512695,5.573126792907715,5.7204084396362305
standardized,after_epoch,55966,4.171505451202393,6.319777488708496,6.8710432052612305,6.697566986083984
standardized,after_epoch,4074,6.666789531707764,6.8597893714904785,7.225409507751465,6.456851959228516
standardized,after_epoch,122781,5.828679084777832,6.020905494689941,6.338909149169922,6.050686836242676
standardized,after_epoch,18060,6.8409423828125,6.753577709197998,7.033702850341797,6.391179084777832
standardized,after_epoch,97953,8.522605895996094,7.545806884765625,6.072682857513428,6.8186259269714355
standardized,after_epoch,124145,6.468146324157715,6.584438323974609,6.767280101776123,6.817376136779785
standardized,after_epoch,61779,7.611024856567383,6.584549903869629,6.526372909545898,6.694864749908447
standardized,after_epoch,46670,5.40146017074585,6.6085734367370605,6.640445709228516,6.559966087341309
standardized,after_epoch,85248,5.962014675140381,6.260371208190918,5.863487243652344,6.3363871574401855
standardized,after_epoch,47404,5.945687770843506,6.924122333526611,6.479550361633301,6.58992862701416
standardized,after_epoch,102369,8.805603981018066,8.339070320129395,7.1053147315979,7.05174446105957
standardized,after_epoch,6369,10.008347511291504,8.600140571594238,7.963347434997559,7.2683515548706055
standardized,after_epoch,55323,7.733476161956787,7.223498821258545,7.145519733428955,6.639659404754639
standardized,after_epoch,67214,6.533453464508057,7.35560417175293,6.73387336730957,6.782614707946777
standardized,after_epoch,112430,8.62328815460205,8.505722045898438,6.5493621826171875,6.935294151306152
standardized,after_epoch,73981,5.659968376159668,6.210554122924805,6.8775482177734375,6.065126419067383
standardized,after_epoch,103028,8.217838287353516,7.759544372558594,7.553519248962402,6.78047513961792
standardized,after_epoch,29209,5.562007427215576,6.1685404777526855,5.763669013977051,6.411141395568848
standardized,after_epoch,23592,6.3075995445251465,6.488536834716797,7.153388023376465,6.496210098266602
standardized,after_epoch,64494,6.217801570892334,7.260123252868652,8.402621269226074,6.92960262298584
standardized,after_epoch,31854,6.00283145904541,6.1848602294921875,8.279454231262207,6.3209710121154785
standardized,after_epoch,28813,5.26268196105957,5.682380199432373,6.858763217926025,5.844033718109131
standardized,after_epoch,53760,7.104892730712891,6.441677093505859,7.890293121337891,6.616281509399414
standardized,after_epoch,84397,5.869495868682861,7.180325508117676,6.887834548950195,6.932138442993164
standardized,after_epoch,23688,6.141610145568848,6.440810203552246,6.209445953369141,6.1585798263549805
standardized,after_epoch,124070,6.919855117797852,6.510580062866211,7.2108025550842285,6.617193222045898
standardized,after_epoch,14192,8.680432319641113,8.074079513549805,8.664644241333008,7.081826686859131
standardized,after_epoch,2543,6.337531566619873,7.174593448638916,8.29830265045166,7.002008438110352
standardized,after_epoch,16630,6.944345474243164,7.6392340660095215,7.121604919433594,6.929357528686523
standardized,after_epoch,12923,8.560701370239258,7.8083038330078125,7.397161483764648,6.999838829040527
standardized,after_epoch,110294,6.710327625274658,5.725045204162598,6.188805103302002,6.3172607421875
standardized,after_epoch,56537,8.5906343460083,9.249761581420898,6.599038124084473,7.164461612701416
standardized,after_epoch,12831,7.785177230834961,6.80561637878418,7.626830101013184,6.61214542388916
standardized,after_epoch,56296,7.066796779632568,6.420989990234375,8.191463470458984,6.8250346183776855
standardized,after_epoch,9094,7.529390335083008,6.676487922668457,6.98482608795166,6.527708053588867
standardized,after_epoch,73161,6.454540729522705,7.110494613647461,6.3735527992248535,6.867895603179932
standardized,after_epoch,58032,8.353896141052246,6.8377299308776855,6.944400310516357,6.743747711181641
standardized,after_epoch,119495,6.683116436004639,6.029959678649902,6.323705673217773,6.474579334259033
standardized,after_epoch,27016,5.551122665405273,6.021994590759277,6.745752334594727,6.051365852355957
standardized,after_epoch,23894,5.251797676086426,6.212981700897217,6.056772708892822,6.067386627197266
standardized,after_epoch,117754,7.825994968414307,7.344623565673828,6.942386150360107,6.820236682891846
standardized,after_epoch,24968,5.303499221801758,5.562842845916748,6.465710639953613,5.950881481170654
standardized,after_epoch,83557,6.786519527435303,6.31569242477417,6.6703619956970215,6.500689506530762
standardized,after_epoch,118278,6.000110626220703,7.209301948547363,7.733543872833252,6.930190086364746
standardized,after_epoch,58437,6.030043125152588,6.543296813964844,6.574275493621826,6.556944847106934
standardized,after_epoch,34774,7.703543663024902,7.174107551574707,6.768073081970215,6.404269695281982
standardized,after_epoch,110247,7.031421661376953,6.541600227355957,6.775676250457764,6.318029403686523
standardized,after_epoch,96215,4.236812591552734,6.136081695556641,6.836819648742676,6.599418640136719
standardized,after_epoch,66436,5.681737422943115,6.630358695983887,7.12066125869751,6.58830451965332
standardized,after_epoch,47353,5.102134704589844,5.948098182678223,6.274697303771973,6.1637773513793945
standardized,after_epoch,106375,6.7974042892456055,7.220614910125732,7.19911527633667,6.5026445388793945
standardized,after_epoch,73484,7.45591926574707,6.426648139953613,7.810678482055664,6.407130241394043
standardized,after_epoch,82213,9.387928009033203,9.146161079406738,7.899160385131836,7.291454315185547
standardized,after_epoch,85899,7.997426509857178,7.73970890045166,7.3995585441589355,6.932435035705566
standardized,after_epoch,81158,8.555259704589844,7.902564525604248,7.272727012634277,6.825033187866211
standardized,after_epoch,33805,6.998768329620361,6.320564270019531,6.133901596069336,6.15709924697876
standardized,after_epoch,92106,6.353858470916748,7.572579860687256,7.7489333152771,7.123544216156006
standardized,after_epoch,68661,8.615124702453613,8.328832626342773,6.623103618621826,7.010624885559082
standardized,after_epoch,105062,7.771572113037109,7.570771217346191,6.806526184082031,7.0072832107543945
standardized,after_epoch,90114,7.733476161956787,7.65058708190918,6.578058242797852,6.744725227355957
standardized,after_epoch,37113,8.057291030883789,8.036261558532715,6.157960891723633,6.59414005279541
standardized,after_epoch,55265,6.811009407043457,6.8490118980407715,7.953921794891357,6.866446495056152
standardized,after_epoch,47564,5.749765872955322,6.493200302124023,6.897769927978516,6.336260795593262
standardized,after_epoch,120252,7.695379734039307,7.038184642791748,7.858470439910889,6.821293354034424
standardized,after_epoch,75440,6.721211910247803,5.9300007820129395,6.475917816162109,6.045977592468262
standardized,after_epoch,58383,7.2491135597229,7.060400009155273,8.363701820373535,6.886331558227539
standardized,after_epoch,106216,6.895365238189697,7.228626251220703,6.719750881195068,6.6155595779418945
standardized,after_epoch,129725,5.091249942779541,5.742317199707031,6.444640159606934,5.896947860717773
standardized,after_epoch,81223,7.602860927581787,7.162360668182373,7.640318870544434,6.561578750610352
standardized,after_epoch,31003,5.953851222991943,7.291436672210693,6.522562026977539,6.618922233581543
standardized,after_epoch,123590,6.473588943481445,6.193730354309082,5.8614654541015625,6.140253067016602
standardized,after_epoch,39598,9.183842658996582,7.4462432861328125,6.862082004547119,6.783805847167969
standardized,after_epoch,78932,6.47086763381958,7.841980934143066,6.837075233459473,7.0099101066589355
standardized,after_epoch,126182,5.6191511154174805,5.108133316040039,6.015260696411133,5.706732749938965
standardized,after_epoch,92032,9.692695617675781,9.048649787902832,6.855524063110352,7.397824764251709
standardized,after_epoch,34241,7.855927467346191,7.160213947296143,7.925948143005371,6.648240089416504
standardized,after_epoch,127947,4.1524577140808105,5.2161664962768555,5.775135040283203,4.91245174407959
standardized,after_epoch,24383,5.360642910003662,6.523085117340088,7.152381420135498,6.156514644622803
standardized,after_epoch,75393,7.575649738311768,7.053583145141602,6.775928020477295,6.40151309967041
standardized,after_epoch,112658,6.819173336029053,7.615294456481934,7.223989963531494,7.00979471206665
standardized,after_epoch,29101,4.51708984375,5.453023910522461,6.134082794189453,6.143176555633545
standardized,after_epoch,29577,4.122525215148926,5.785195350646973,6.360414028167725,6.1446380615234375
standardized,after_epoch,53778,5.815073013305664,6.923696517944336,7.33380651473999,6.7843523025512695
standardized,after_epoch,14993,6.095350742340088,6.284932613372803,7.320629596710205,6.38638162612915
standardized,after_epoch,55493,6.098071575164795,6.498472213745117,6.837512016296387,6.335224151611328
standardized,after_epoch,82782,5.962014675140381,7.1167097091674805,6.730769634246826,6.592233657836914
standardized,after_epoch,36654,8.122598648071289,7.745487213134766,6.2843122482299805,6.342711925506592
standardized,after_epoch,35195,8.239607810974121,7.285630702972412,7.885379314422607,6.9503278732299805
standardized,after_epoch,39795,8.348453521728516,7.333921909332275,8.609485626220703,6.784496307373047
standardized,after_epoch,102190,8.334847450256348,7.415156841278076,6.913387298583984,6.7014479637146
standardized,after_epoch,97558,6.1252827644348145,6.6288251876831055,6.764488220214844,6.7823333740234375
standardized,after_epoch,83539,6.1443305015563965,7.261168003082275,7.944330215454102,7.006178379058838
standardized,after_epoch,84657,8.734854698181152,7.663110733032227,6.785935401916504,6.935213088989258
standardized,after_epoch,3707,6.400117874145508,6.183444023132324,5.771767616271973,5.393190383911133
standardized,after_epoch,123585,6.098071575164795,6.337376117706299,6.116667747497559,6.405386447906494
standardized,after_epoch,100119,7.532111644744873,6.793954849243164,7.0081353187561035,6.867166519165039
standardized,after_epoch,95531,7.194690704345703,6.559288024902344,7.558541297912598,6.615442276000977
standardized,after_epoch,84507,5.132067680358887,6.740260124206543,7.4423394203186035,6.780180931091309
standardized,after_epoch,130128,6.2422919273376465,7.09211540222168,6.049688339233398,6.48656702041626
standardized,after_epoch,76070,7.036864280700684,5.894375801086426,6.449036598205566,6.064001560211182
standardized,after_epoch,69734,7.5566020011901855,7.221814155578613,6.128095626831055,6.4951372146606445
standardized,after_epoch,125938,6.141610145568848,5.641438961029053,6.073171615600586,5.489471435546875
standardized,after_epoch,57391,8.223280906677246,8.219732284545898,7.650606632232666,6.934146881103516
standardized,after_epoch,90099,7.774292945861816,8.002917289733887,6.847042083740234,6.9574480056762695
standardized,after_epoch,21225,4.242255210876465,6.10518741607666,6.742555141448975,5.847957134246826
standardized,after_epoch,57257,7.575649738311768,7.558147430419922,6.655811309814453,6.824227333068848
standardized,after_epoch,48132,4.922539710998535,6.171083927154541,6.296391487121582,6.338557243347168
standardized,after_epoch,49095,5.934803009033203,7.251585960388184,7.819543361663818,6.780396461486816
standardized,after_epoch,58751,8.870911598205566,8.626310348510742,7.463068962097168,7.173855781555176
standardized,after_epoch,99951,5.69806432723999,6.3907694816589355,6.820377826690674,6.435708045959473
standardized,after_epoch,12193,7.254555702209473,6.985439300537109,7.491759777069092,6.5574188232421875
standardized,after_epoch,41699,5.382411956787109,6.913466453552246,7.601428985595703,6.645384788513184
standardized,after_epoch,77653,7.953887462615967,7.8376054763793945,6.282506465911865,6.9509053230285645
standardized,after_epoch,75223,5.809630870819092,6.099474906921387,7.174820423126221,6.590341567993164
standardized,after_epoch,116166,6.119840621948242,5.977449417114258,6.441434860229492,6.536189079284668
standardized,after_epoch,46761,5.578333854675293,6.4346923828125,7.756744861602783,6.617702960968018
standardized,after_epoch,13261,6.234128475189209,6.601601600646973,7.030854225158691,6.556689739227295
standardized,after_epoch,91786,5.60010290145874,6.723412990570068,6.636237144470215,6.866809368133545
standardized,after_epoch,55612,4.990568161010742,5.703187942504883,7.081108570098877,6.333923816680908
standardized,after_epoch,57403,5.235470294952393,6.467755317687988,7.198225975036621,6.780341625213623
standardized,after_epoch,112581,8.993363380432129,8.173685073852539,6.572051525115967,7.121912479400635
standardized,after_epoch,4947,5.798746109008789,6.778378009796143,6.334968566894531,6.085186958312988
standardized,after_epoch,5549,6.280387878417969,7.082240581512451,7.134871482849121,6.42861795425415
standardized,after_epoch,14388,6.48447322845459,6.413380146026611,6.543529987335205,6.282397747039795
standardized,after_epoch,15655,5.640920639038086,6.664666652679443,7.292325496673584,6.389192581176758
standardized,after_epoch,27442,6.351137638092041,6.458470344543457,7.414958953857422,6.414052963256836
standardized,after_epoch,66105,6.070860385894775,7.571725368499756,7.21552848815918,6.43717622756958
standardized,after_epoch,80577,8.519885063171387,7.943785667419434,6.947295188903809,6.957461833953857
standardized,after_epoch,64816,8.138925552368164,8.333111763000488,7.26351261138916,6.865357875823975
standardized,after_epoch,35105,7.4749674797058105,6.942173957824707,6.908782482147217,6.640696048736572
standardized,after_epoch,110535,8.626008987426758,8.140215873718262,7.847739219665527,7.053286552429199
standardized,after_epoch,83579,7.23006534576416,6.75745964050293,6.075588703155518,6.56247615814209
standardized,after_epoch,106203,6.666789531707764,8.076289176940918,6.7651872634887695,7.0103864669799805
standardized,after_epoch,22219,5.317104816436768,6.433481216430664,7.371161937713623,6.336031436920166
standardized,after_epoch,70817,5.877659320831299,7.05303955078125,6.394951820373535,6.5937089920043945
standardized,after_epoch,73382,5.455882549285889,5.672931671142578,6.453158378601074,6.590856552124023
standardized,after_epoch,46231,6.046370029449463,6.274890422821045,7.35067081451416,6.4029860496521
